plant_id,material_id,week_start,forecast_demand,lower_bound,upper_bound,actual_demand,is_future
PLT-AZ1,MAT-001,2024-12-30,11181.33,11104.18,11258.59,11178.7,False
PLT-AZ1,MAT-001,2025-01-06,18540.37,18463.22,18617.53,18558.6,False
PLT-AZ1,MAT-001,2025-01-13,18559.7,18482.65,18636.96,18535.4,False
PLT-AZ1,MAT-001,2025-01-20,18563.29,18486.13,18640.44,18592.8,False
PLT-AZ1,MAT-001,2025-01-27,18565.25,18487.99,18642.4,18532.6,False
PLT-AZ1,MAT-001,2025-02-03,19196.39,19119.23,19273.54,19180.9,False
PLT-AZ1,MAT-001,2025-02-10,19411.91,19334.76,19489.07,19406.4,False
PLT-AZ1,MAT-001,2025-02-17,19528.77,19451.61,19605.92,19561.6,False
PLT-AZ1,MAT-001,2025-02-24,19293.98,19216.72,19371.13,19280.2,False
PLT-AZ1,MAT-001,2025-03-03,19980.76,19903.61,20057.92,19967.1,False
PLT-AZ1,MAT-001,2025-03-10,19716.01,19638.86,19793.27,19725.3,False
PLT-AZ1,MAT-001,2025-03-17,19970.43,19893.17,20047.58,19926.6,False
PLT-AZ1,MAT-001,2025-03-24,19888.03,19810.77,19965.18,19968.5,False
PLT-AZ1,MAT-001,2025-03-31,19921.45,19844.3,19998.61,21325.7,False
PLT-AZ1,MAT-001,2025-04-07,19818.94,19741.89,19896.2,,True
PLT-AZ1,MAT-001,2025-04-14,19870.91,19761.89,19980.14,,True
PLT-AZ1,MAT-001,2025-04-21,19868.68,19735.02,20002.33,,True
PLT-AZ1,MAT-001,2025-04-28,19867.91,19713.6,20022.32,,True
PLT-AZ1,MAT-001,2025-05-05,19867.91,19695.36,20040.56,,True
PLT-AZ1,MAT-001,2025-05-12,19867.91,19678.8,20057.02,,True
PLT-AZ1,MAT-001,2025-05-19,19867.91,19663.7,20072.22,,True
PLT-AZ1,MAT-001,2025-05-26,19867.91,19649.55,20086.16,,True
PLT-AZ1,MAT-002,2024-12-30,11181.33,11104.18,11258.59,11178.7,False
PLT-AZ1,MAT-002,2025-01-06,18540.37,18463.22,18617.53,18558.6,False
PLT-AZ1,MAT-002,2025-01-13,18559.7,18482.65,18636.96,18535.4,False
PLT-AZ1,MAT-002,2025-01-20,18563.29,18486.13,18640.44,18592.8,False
PLT-AZ1,MAT-002,2025-01-27,18565.25,18487.99,18642.4,18532.6,False
PLT-AZ1,MAT-002,2025-02-03,19196.39,19119.23,19273.54,19180.9,False
PLT-AZ1,MAT-002,2025-02-10,19411.91,19334.76,19489.07,19406.4,False
PLT-AZ1,MAT-002,2025-02-17,19528.77,19451.61,19605.92,19561.6,False
PLT-AZ1,MAT-002,2025-02-24,19293.98,19216.72,19371.13,19280.2,False
PLT-AZ1,MAT-002,2025-03-03,19980.76,19903.61,20057.92,19967.1,False
PLT-AZ1,MAT-002,2025-03-10,19716.01,19638.86,19793.27,19725.3,False
PLT-AZ1,MAT-002,2025-03-17,19970.43,19893.17,20047.58,19926.6,False
PLT-AZ1,MAT-002,2025-03-24,19888.03,19810.77,19965.18,19968.5,False
PLT-AZ1,MAT-002,2025-03-31,19921.45,19844.3,19998.61,21325.7,False
PLT-AZ1,MAT-002,2025-04-07,19818.94,19741.89,19896.2,,True
PLT-AZ1,MAT-002,2025-04-14,19870.91,19761.89,19980.14,,True
PLT-AZ1,MAT-002,2025-04-21,19868.68,19735.02,20002.33,,True
PLT-AZ1,MAT-002,2025-04-28,19867.91,19713.6,20022.32,,True
PLT-AZ1,MAT-002,2025-05-05,19867.91,19695.36,20040.56,,True
PLT-AZ1,MAT-002,2025-05-12,19867.91,19678.8,20057.02,,True
PLT-AZ1,MAT-002,2025-05-19,19867.91,19663.7,20072.22,,True
PLT-AZ1,MAT-002,2025-05-26,19867.91,19649.55,20086.16,,True
PLT-AZ1,MAT-003,2024-12-30,44725.32,44416.72,45034.36,44714.8,False
PLT-AZ1,MAT-003,2025-01-06,74161.48,73852.88,74470.12,74234.4,False
PLT-AZ1,MAT-003,2025-01-13,74238.8,73930.6,74547.84,74141.6,False
PLT-AZ1,MAT-003,2025-01-20,74253.16,73944.52,74561.76,74371.2,False
PLT-AZ1,MAT-003,2025-01-27,74261.0,73951.96,74569.6,74130.4,False
PLT-AZ1,MAT-003,2025-02-03,76785.56,76476.92,77094.16,76723.6,False
PLT-AZ1,MAT-003,2025-02-10,77647.64,77339.04,77956.28,77625.6,False
PLT-AZ1,MAT-003,2025-02-17,78115.08,77806.44,78423.68,78246.4,False
PLT-AZ1,MAT-003,2025-02-24,77175.92,76866.88,77484.52,77120.8,False
PLT-AZ1,MAT-003,2025-03-03,79923.04,79614.44,80231.68,79868.4,False
PLT-AZ1,MAT-003,2025-03-10,78864.04,78555.44,79173.08,78901.2,False
PLT-AZ1,MAT-003,2025-03-17,79881.72,79572.68,80190.32,79706.4,False
PLT-AZ1,MAT-003,2025-03-24,79552.12,79243.08,79860.72,79874.0,False
PLT-AZ1,MAT-003,2025-03-31,79685.8,79377.2,79994.44,85302.8,False
PLT-AZ1,MAT-003,2025-04-07,79275.76,78967.56,79584.8,,True
PLT-AZ1,MAT-003,2025-04-14,79483.64,79047.56,79920.56,,True
PLT-AZ1,MAT-003,2025-04-21,79474.72,78940.08,80009.32,,True
PLT-AZ1,MAT-003,2025-04-28,79471.64,78854.4,80089.28,,True
PLT-AZ1,MAT-003,2025-05-05,79471.64,78781.44,80162.24,,True
PLT-AZ1,MAT-003,2025-05-12,79471.64,78715.2,80228.08,,True
PLT-AZ1,MAT-003,2025-05-19,79471.64,78654.8,80288.88,,True
PLT-AZ1,MAT-003,2025-05-26,79471.64,78598.2,80344.64,,True
PLT-AZ1,MAT-004,2024-12-30,223.63,222.08,225.17,223.57,False
PLT-AZ1,MAT-004,2025-01-06,370.81,369.26,372.35,371.17,False
PLT-AZ1,MAT-004,2025-01-13,371.19,369.65,372.74,370.71,False
PLT-AZ1,MAT-004,2025-01-20,371.27,369.72,372.81,371.86,False
PLT-AZ1,MAT-004,2025-01-27,371.31,369.76,372.85,370.65,False
PLT-AZ1,MAT-004,2025-02-03,383.93,382.38,385.47,383.62,False
PLT-AZ1,MAT-004,2025-02-10,388.24,386.7,389.78,388.13,False
PLT-AZ1,MAT-004,2025-02-17,390.58,389.03,392.12,391.23,False
PLT-AZ1,MAT-004,2025-02-24,385.88,384.33,387.42,385.6,False
PLT-AZ1,MAT-004,2025-03-03,399.62,398.07,401.16,399.34,False
PLT-AZ1,MAT-004,2025-03-10,394.32,392.78,395.87,394.51,False
PLT-AZ1,MAT-004,2025-03-17,399.41,397.86,400.95,398.53,False
PLT-AZ1,MAT-004,2025-03-24,397.76,396.22,399.3,399.37,False
PLT-AZ1,MAT-004,2025-03-31,398.43,396.89,399.97,426.51,False
PLT-AZ1,MAT-004,2025-04-07,396.38,394.84,397.92,,True
PLT-AZ1,MAT-004,2025-04-14,397.42,395.24,399.6,,True
PLT-AZ1,MAT-004,2025-04-21,397.37,394.7,400.05,,True
PLT-AZ1,MAT-004,2025-04-28,397.36,394.27,400.45,,True
PLT-AZ1,MAT-004,2025-05-05,397.36,393.91,400.81,,True
PLT-AZ1,MAT-004,2025-05-12,397.36,393.58,401.14,,True
PLT-AZ1,MAT-004,2025-05-19,397.36,393.27,401.44,,True
PLT-AZ1,MAT-004,2025-05-26,397.36,392.99,401.72,,True
PLT-AZ1,MAT-005,2024-12-30,67.09,66.63,67.55,67.07,False
PLT-AZ1,MAT-005,2025-01-06,111.24,110.78,111.71,111.35,False
PLT-AZ1,MAT-005,2025-01-13,111.36,110.9,111.82,111.21,False
PLT-AZ1,MAT-005,2025-01-20,111.38,110.92,111.84,111.56,False
PLT-AZ1,MAT-005,2025-01-27,111.39,110.93,111.85,111.2,False
PLT-AZ1,MAT-005,2025-02-03,115.18,114.72,115.64,115.09,False
PLT-AZ1,MAT-005,2025-02-10,116.47,116.01,116.93,116.44,False
PLT-AZ1,MAT-005,2025-02-17,117.17,116.71,117.64,117.37,False
PLT-AZ1,MAT-005,2025-02-24,115.76,115.3,116.23,115.68,False
PLT-AZ1,MAT-005,2025-03-03,119.88,119.42,120.35,119.8,False
PLT-AZ1,MAT-005,2025-03-10,118.3,117.83,118.76,118.35,False
PLT-AZ1,MAT-005,2025-03-17,119.82,119.36,120.29,119.56,False
PLT-AZ1,MAT-005,2025-03-24,119.33,118.86,119.79,119.81,False
PLT-AZ1,MAT-005,2025-03-31,119.53,119.07,119.99,127.95,False
PLT-AZ1,MAT-005,2025-04-07,118.91,118.45,119.38,,True
PLT-AZ1,MAT-005,2025-04-14,119.23,118.57,119.88,,True
PLT-AZ1,MAT-005,2025-04-21,119.21,118.41,120.01,,True
PLT-AZ1,MAT-005,2025-04-28,119.21,118.28,120.13,,True
PLT-AZ1,MAT-005,2025-05-05,119.21,118.17,120.24,,True
PLT-AZ1,MAT-005,2025-05-12,119.21,118.07,120.34,,True
PLT-AZ1,MAT-005,2025-05-19,119.21,117.98,120.43,,True
PLT-AZ1,MAT-005,2025-05-26,119.21,117.9,120.52,,True
PLT-AZ1,MAT-006,2024-12-30,22.36,22.21,22.52,22.36,False
PLT-AZ1,MAT-006,2025-01-06,37.08,36.93,37.24,37.12,False
PLT-AZ1,MAT-006,2025-01-13,37.12,36.97,37.27,37.07,False
PLT-AZ1,MAT-006,2025-01-20,37.13,36.97,37.28,37.19,False
PLT-AZ1,MAT-006,2025-01-27,37.13,36.98,37.28,37.07,False
PLT-AZ1,MAT-006,2025-02-03,38.39,38.24,38.55,38.36,False
PLT-AZ1,MAT-006,2025-02-10,38.82,38.67,38.98,38.81,False
PLT-AZ1,MAT-006,2025-02-17,39.06,38.9,39.21,39.12,False
PLT-AZ1,MAT-006,2025-02-24,38.59,38.43,38.74,38.56,False
PLT-AZ1,MAT-006,2025-03-03,39.96,39.81,40.12,39.93,False
PLT-AZ1,MAT-006,2025-03-10,39.43,39.28,39.59,39.45,False
PLT-AZ1,MAT-006,2025-03-17,39.94,39.79,40.1,39.85,False
PLT-AZ1,MAT-006,2025-03-24,39.78,39.62,39.93,39.94,False
PLT-AZ1,MAT-006,2025-03-31,39.84,39.69,40.0,42.65,False
PLT-AZ1,MAT-006,2025-04-07,39.64,39.48,39.79,,True
PLT-AZ1,MAT-006,2025-04-14,39.74,39.52,39.96,,True
PLT-AZ1,MAT-006,2025-04-21,39.74,39.47,40.0,,True
PLT-AZ1,MAT-006,2025-04-28,39.74,39.43,40.04,,True
PLT-AZ1,MAT-006,2025-05-05,39.74,39.39,40.08,,True
PLT-AZ1,MAT-006,2025-05-12,39.74,39.36,40.11,,True
PLT-AZ1,MAT-006,2025-05-19,39.74,39.33,40.14,,True
PLT-AZ1,MAT-006,2025-05-26,39.74,39.3,40.17,,True
PLT-AZ1,MAT-007,2024-12-30,33.54,33.31,33.78,33.54,False
PLT-AZ1,MAT-007,2025-01-06,55.62,55.39,55.85,55.68,False
PLT-AZ1,MAT-007,2025-01-13,55.68,55.45,55.91,55.61,False
PLT-AZ1,MAT-007,2025-01-20,55.69,55.46,55.92,55.78,False
PLT-AZ1,MAT-007,2025-01-27,55.7,55.46,55.93,55.6,False
PLT-AZ1,MAT-007,2025-02-03,57.59,57.36,57.82,57.54,False
PLT-AZ1,MAT-007,2025-02-10,58.24,58.0,58.47,58.22,False
PLT-AZ1,MAT-007,2025-02-17,58.59,58.35,58.82,58.68,False
PLT-AZ1,MAT-007,2025-02-24,57.88,57.65,58.11,57.84,False
PLT-AZ1,MAT-007,2025-03-03,59.94,59.71,60.17,59.9,False
PLT-AZ1,MAT-007,2025-03-10,59.15,58.92,59.38,59.18,False
PLT-AZ1,MAT-007,2025-03-17,59.91,59.68,60.14,59.78,False
PLT-AZ1,MAT-007,2025-03-24,59.66,59.43,59.9,59.91,False
PLT-AZ1,MAT-007,2025-03-31,59.76,59.53,60.0,63.98,False
PLT-AZ1,MAT-007,2025-04-07,59.46,59.23,59.69,,True
PLT-AZ1,MAT-007,2025-04-14,59.61,59.29,59.94,,True
PLT-AZ1,MAT-007,2025-04-21,59.61,59.21,60.01,,True
PLT-AZ1,MAT-007,2025-04-28,59.6,59.14,60.07,,True
PLT-AZ1,MAT-007,2025-05-05,59.6,59.09,60.12,,True
PLT-AZ1,MAT-007,2025-05-12,59.6,59.04,60.17,,True
PLT-AZ1,MAT-007,2025-05-19,59.6,58.99,60.22,,True
PLT-AZ1,MAT-007,2025-05-26,59.6,58.95,60.26,,True
PLT-AZ1,MAT-008,2024-12-30,11.18,11.1,11.26,11.18,False
PLT-AZ1,MAT-008,2025-01-06,18.54,18.46,18.62,18.56,False
PLT-AZ1,MAT-008,2025-01-13,18.56,18.48,18.64,18.54,False
PLT-AZ1,MAT-008,2025-01-20,18.56,18.49,18.64,18.59,False
PLT-AZ1,MAT-008,2025-01-27,18.57,18.49,18.64,18.53,False
PLT-AZ1,MAT-008,2025-02-03,19.2,19.12,19.27,19.18,False
PLT-AZ1,MAT-008,2025-02-10,19.41,19.33,19.49,19.41,False
PLT-AZ1,MAT-008,2025-02-17,19.53,19.45,19.61,19.56,False
PLT-AZ1,MAT-008,2025-02-24,19.29,19.22,19.37,19.28,False
PLT-AZ1,MAT-008,2025-03-03,19.98,19.9,20.06,19.97,False
PLT-AZ1,MAT-008,2025-03-10,19.72,19.64,19.79,19.73,False
PLT-AZ1,MAT-008,2025-03-17,19.97,19.89,20.05,19.93,False
PLT-AZ1,MAT-008,2025-03-24,19.89,19.81,19.97,19.97,False
PLT-AZ1,MAT-008,2025-03-31,19.92,19.84,20.0,21.33,False
PLT-AZ1,MAT-008,2025-04-07,19.82,19.74,19.9,,True
PLT-AZ1,MAT-008,2025-04-14,19.87,19.76,19.98,,True
PLT-AZ1,MAT-008,2025-04-21,19.87,19.74,20.0,,True
PLT-AZ1,MAT-008,2025-04-28,19.87,19.71,20.02,,True
PLT-AZ1,MAT-008,2025-05-05,19.87,19.7,20.04,,True
PLT-AZ1,MAT-008,2025-05-12,19.87,19.68,20.06,,True
PLT-AZ1,MAT-008,2025-05-19,19.87,19.66,20.07,,True
PLT-AZ1,MAT-008,2025-05-26,19.87,19.65,20.09,,True
PLT-AZ1,MAT-009,2024-12-30,11.18,11.1,11.26,11.18,False
PLT-AZ1,MAT-009,2025-01-06,18.54,18.46,18.62,18.56,False
PLT-AZ1,MAT-009,2025-01-13,18.56,18.48,18.64,18.54,False
PLT-AZ1,MAT-009,2025-01-20,18.56,18.49,18.64,18.59,False
PLT-AZ1,MAT-009,2025-01-27,18.57,18.49,18.64,18.53,False
PLT-AZ1,MAT-009,2025-02-03,19.2,19.12,19.27,19.18,False
PLT-AZ1,MAT-009,2025-02-10,19.41,19.33,19.49,19.41,False
PLT-AZ1,MAT-009,2025-02-17,19.53,19.45,19.61,19.56,False
PLT-AZ1,MAT-009,2025-02-24,19.29,19.22,19.37,19.28,False
PLT-AZ1,MAT-009,2025-03-03,19.98,19.9,20.06,19.97,False
PLT-AZ1,MAT-009,2025-03-10,19.72,19.64,19.79,19.73,False
PLT-AZ1,MAT-009,2025-03-17,19.97,19.89,20.05,19.93,False
PLT-AZ1,MAT-009,2025-03-24,19.89,19.81,19.97,19.97,False
PLT-AZ1,MAT-009,2025-03-31,19.92,19.84,20.0,21.33,False
PLT-AZ1,MAT-009,2025-04-07,19.82,19.74,19.9,,True
PLT-AZ1,MAT-009,2025-04-14,19.87,19.76,19.98,,True
PLT-AZ1,MAT-009,2025-04-21,19.87,19.74,20.0,,True
PLT-AZ1,MAT-009,2025-04-28,19.87,19.71,20.02,,True
PLT-AZ1,MAT-009,2025-05-05,19.87,19.7,20.04,,True
PLT-AZ1,MAT-009,2025-05-12,19.87,19.68,20.06,,True
PLT-AZ1,MAT-009,2025-05-19,19.87,19.66,20.07,,True
PLT-AZ1,MAT-009,2025-05-26,19.87,19.65,20.09,,True
PLT-AZ1,MAT-010,2024-12-30,5.59,5.55,5.63,5.59,False
PLT-AZ1,MAT-010,2025-01-06,9.27,9.23,9.31,9.28,False
PLT-AZ1,MAT-010,2025-01-13,9.28,9.24,9.32,9.27,False
PLT-AZ1,MAT-010,2025-01-20,9.28,9.24,9.32,9.3,False
PLT-AZ1,MAT-010,2025-01-27,9.28,9.24,9.32,9.27,False
PLT-AZ1,MAT-010,2025-02-03,9.6,9.56,9.64,9.59,False
PLT-AZ1,MAT-010,2025-02-10,9.71,9.67,9.74,9.7,False
PLT-AZ1,MAT-010,2025-02-17,9.76,9.73,9.8,9.78,False
PLT-AZ1,MAT-010,2025-02-24,9.65,9.61,9.69,9.64,False
PLT-AZ1,MAT-010,2025-03-03,9.99,9.95,10.03,9.98,False
PLT-AZ1,MAT-010,2025-03-10,9.86,9.82,9.9,9.86,False
PLT-AZ1,MAT-010,2025-03-17,9.99,9.95,10.02,9.96,False
PLT-AZ1,MAT-010,2025-03-24,9.94,9.91,9.98,9.98,False
PLT-AZ1,MAT-010,2025-03-31,9.96,9.92,10.0,10.66,False
PLT-AZ1,MAT-010,2025-04-07,9.91,9.87,9.95,,True
PLT-AZ1,MAT-010,2025-04-14,9.94,9.88,9.99,,True
PLT-AZ1,MAT-010,2025-04-21,9.93,9.87,10.0,,True
PLT-AZ1,MAT-010,2025-04-28,9.93,9.86,10.01,,True
PLT-AZ1,MAT-010,2025-05-05,9.93,9.85,10.02,,True
PLT-AZ1,MAT-010,2025-05-12,9.93,9.84,10.03,,True
PLT-AZ1,MAT-010,2025-05-19,9.93,9.83,10.04,,True
PLT-AZ1,MAT-010,2025-05-26,9.93,9.82,10.04,,True
PLT-AZ1,MAT-011,2024-12-30,22362.66,22208.36,22517.18,22357.4,False
PLT-AZ1,MAT-011,2025-01-06,37080.74,36926.44,37235.06,37117.2,False
PLT-AZ1,MAT-011,2025-01-13,37119.4,36965.3,37273.92,37070.8,False
PLT-AZ1,MAT-011,2025-01-20,37126.58,36972.26,37280.88,37185.6,False
PLT-AZ1,MAT-011,2025-01-27,37130.5,36975.98,37284.8,37065.2,False
PLT-AZ1,MAT-011,2025-02-03,38392.78,38238.46,38547.08,38361.8,False
PLT-AZ1,MAT-011,2025-02-10,38823.82,38669.52,38978.14,38812.8,False
PLT-AZ1,MAT-011,2025-02-17,39057.54,38903.22,39211.84,39123.2,False
PLT-AZ1,MAT-011,2025-02-24,38587.96,38433.44,38742.26,38560.4,False
PLT-AZ1,MAT-011,2025-03-03,39961.52,39807.22,40115.84,39934.2,False
PLT-AZ1,MAT-011,2025-03-10,39432.02,39277.72,39586.54,39450.6,False
PLT-AZ1,MAT-011,2025-03-17,39940.86,39786.34,40095.16,39853.2,False
PLT-AZ1,MAT-011,2025-03-24,39776.06,39621.54,39930.36,39937.0,False
PLT-AZ1,MAT-011,2025-03-31,39842.9,39688.6,39997.22,42651.4,False
PLT-AZ1,MAT-011,2025-04-07,39637.88,39483.78,39792.4,,True
PLT-AZ1,MAT-011,2025-04-14,39741.82,39523.78,39960.28,,True
PLT-AZ1,MAT-011,2025-04-21,39737.36,39470.04,40004.66,,True
PLT-AZ1,MAT-011,2025-04-28,39735.82,39427.2,40044.64,,True
PLT-AZ1,MAT-011,2025-05-05,39735.82,39390.72,40081.12,,True
PLT-AZ1,MAT-011,2025-05-12,39735.82,39357.6,40114.04,,True
PLT-AZ1,MAT-011,2025-05-19,39735.82,39327.4,40144.44,,True
PLT-AZ1,MAT-011,2025-05-26,39735.82,39299.1,40172.32,,True
PLT-AZ1,MAT-012,2024-12-30,22362.66,22208.36,22517.18,22357.4,False
PLT-AZ1,MAT-012,2025-01-06,37080.74,36926.44,37235.06,37117.2,False
PLT-AZ1,MAT-012,2025-01-13,37119.4,36965.3,37273.92,37070.8,False
PLT-AZ1,MAT-012,2025-01-20,37126.58,36972.26,37280.88,37185.6,False
PLT-AZ1,MAT-012,2025-01-27,37130.5,36975.98,37284.8,37065.2,False
PLT-AZ1,MAT-012,2025-02-03,38392.78,38238.46,38547.08,38361.8,False
PLT-AZ1,MAT-012,2025-02-10,38823.82,38669.52,38978.14,38812.8,False
PLT-AZ1,MAT-012,2025-02-17,39057.54,38903.22,39211.84,39123.2,False
PLT-AZ1,MAT-012,2025-02-24,38587.96,38433.44,38742.26,38560.4,False
PLT-AZ1,MAT-012,2025-03-03,39961.52,39807.22,40115.84,39934.2,False
PLT-AZ1,MAT-012,2025-03-10,39432.02,39277.72,39586.54,39450.6,False
PLT-AZ1,MAT-012,2025-03-17,39940.86,39786.34,40095.16,39853.2,False
PLT-AZ1,MAT-012,2025-03-24,39776.06,39621.54,39930.36,39937.0,False
PLT-AZ1,MAT-012,2025-03-31,39842.9,39688.6,39997.22,42651.4,False
PLT-AZ1,MAT-012,2025-04-07,39637.88,39483.78,39792.4,,True
PLT-AZ1,MAT-012,2025-04-14,39741.82,39523.78,39960.28,,True
PLT-AZ1,MAT-012,2025-04-21,39737.36,39470.04,40004.66,,True
PLT-AZ1,MAT-012,2025-04-28,39735.82,39427.2,40044.64,,True
PLT-AZ1,MAT-012,2025-05-05,39735.82,39390.72,40081.12,,True
PLT-AZ1,MAT-012,2025-05-12,39735.82,39357.6,40114.04,,True
PLT-AZ1,MAT-012,2025-05-19,39735.82,39327.4,40144.44,,True
PLT-AZ1,MAT-012,2025-05-26,39735.82,39299.1,40172.32,,True
PLT-AZ1,MAT-013,2024-12-30,11181.33,11104.18,11258.59,11178.7,False
PLT-AZ1,MAT-013,2025-01-06,18540.37,18463.22,18617.53,18558.6,False
PLT-AZ1,MAT-013,2025-01-13,18559.7,18482.65,18636.96,18535.4,False
PLT-AZ1,MAT-013,2025-01-20,18563.29,18486.13,18640.44,18592.8,False
PLT-AZ1,MAT-013,2025-01-27,18565.25,18487.99,18642.4,18532.6,False
PLT-AZ1,MAT-013,2025-02-03,19196.39,19119.23,19273.54,19180.9,False
PLT-AZ1,MAT-013,2025-02-10,19411.91,19334.76,19489.07,19406.4,False
PLT-AZ1,MAT-013,2025-02-17,19528.77,19451.61,19605.92,19561.6,False
PLT-AZ1,MAT-013,2025-02-24,19293.98,19216.72,19371.13,19280.2,False
PLT-AZ1,MAT-013,2025-03-03,19980.76,19903.61,20057.92,19967.1,False
PLT-AZ1,MAT-013,2025-03-10,19716.01,19638.86,19793.27,19725.3,False
PLT-AZ1,MAT-013,2025-03-17,19970.43,19893.17,20047.58,19926.6,False
PLT-AZ1,MAT-013,2025-03-24,19888.03,19810.77,19965.18,19968.5,False
PLT-AZ1,MAT-013,2025-03-31,19921.45,19844.3,19998.61,21325.7,False
PLT-AZ1,MAT-013,2025-04-07,19818.94,19741.89,19896.2,,True
PLT-AZ1,MAT-013,2025-04-14,19870.91,19761.89,19980.14,,True
PLT-AZ1,MAT-013,2025-04-21,19868.68,19735.02,20002.33,,True
PLT-AZ1,MAT-013,2025-04-28,19867.91,19713.6,20022.32,,True
PLT-AZ1,MAT-013,2025-05-05,19867.91,19695.36,20040.56,,True
PLT-AZ1,MAT-013,2025-05-12,19867.91,19678.8,20057.02,,True
PLT-AZ1,MAT-013,2025-05-19,19867.91,19663.7,20072.22,,True
PLT-AZ1,MAT-013,2025-05-26,19867.91,19649.55,20086.16,,True
PLT-AZ1,MAT-014,2024-12-30,11181.33,11104.18,11258.59,11178.7,False
PLT-AZ1,MAT-014,2025-01-06,18540.37,18463.22,18617.53,18558.6,False
PLT-AZ1,MAT-014,2025-01-13,18559.7,18482.65,18636.96,18535.4,False
PLT-AZ1,MAT-014,2025-01-20,18563.29,18486.13,18640.44,18592.8,False
PLT-AZ1,MAT-014,2025-01-27,18565.25,18487.99,18642.4,18532.6,False
PLT-AZ1,MAT-014,2025-02-03,19196.39,19119.23,19273.54,19180.9,False
PLT-AZ1,MAT-014,2025-02-10,19411.91,19334.76,19489.07,19406.4,False
PLT-AZ1,MAT-014,2025-02-17,19528.77,19451.61,19605.92,19561.6,False
PLT-AZ1,MAT-014,2025-02-24,19293.98,19216.72,19371.13,19280.2,False
PLT-AZ1,MAT-014,2025-03-03,19980.76,19903.61,20057.92,19967.1,False
PLT-AZ1,MAT-014,2025-03-10,19716.01,19638.86,19793.27,19725.3,False
PLT-AZ1,MAT-014,2025-03-17,19970.43,19893.17,20047.58,19926.6,False
PLT-AZ1,MAT-014,2025-03-24,19888.03,19810.77,19965.18,19968.5,False
PLT-AZ1,MAT-014,2025-03-31,19921.45,19844.3,19998.61,21325.7,False
PLT-AZ1,MAT-014,2025-04-07,19818.94,19741.89,19896.2,,True
PLT-AZ1,MAT-014,2025-04-14,19870.91,19761.89,19980.14,,True
PLT-AZ1,MAT-014,2025-04-21,19868.68,19735.02,20002.33,,True
PLT-AZ1,MAT-014,2025-04-28,19867.91,19713.6,20022.32,,True
PLT-AZ1,MAT-014,2025-05-05,19867.91,19695.36,20040.56,,True
PLT-AZ1,MAT-014,2025-05-12,19867.91,19678.8,20057.02,,True
PLT-AZ1,MAT-014,2025-05-19,19867.91,19663.7,20072.22,,True
PLT-AZ1,MAT-014,2025-05-26,19867.91,19649.55,20086.16,,True
PLT-AZ1,MAT-015,2024-12-30,11181.33,11104.18,11258.59,11178.7,False
PLT-AZ1,MAT-015,2025-01-06,18540.37,18463.22,18617.53,18558.6,False
PLT-AZ1,MAT-015,2025-01-13,18559.7,18482.65,18636.96,18535.4,False
PLT-AZ1,MAT-015,2025-01-20,18563.29,18486.13,18640.44,18592.8,False
PLT-AZ1,MAT-015,2025-01-27,18565.25,18487.99,18642.4,18532.6,False
PLT-AZ1,MAT-015,2025-02-03,19196.39,19119.23,19273.54,19180.9,False
PLT-AZ1,MAT-015,2025-02-10,19411.91,19334.76,19489.07,19406.4,False
PLT-AZ1,MAT-015,2025-02-17,19528.77,19451.61,19605.92,19561.6,False
PLT-AZ1,MAT-015,2025-02-24,19293.98,19216.72,19371.13,19280.2,False
PLT-AZ1,MAT-015,2025-03-03,19980.76,19903.61,20057.92,19967.1,False
PLT-AZ1,MAT-015,2025-03-10,19716.01,19638.86,19793.27,19725.3,False
PLT-AZ1,MAT-015,2025-03-17,19970.43,19893.17,20047.58,19926.6,False
PLT-AZ1,MAT-015,2025-03-24,19888.03,19810.77,19965.18,19968.5,False
PLT-AZ1,MAT-015,2025-03-31,19921.45,19844.3,19998.61,21325.7,False
PLT-AZ1,MAT-015,2025-04-07,19818.94,19741.89,19896.2,,True
PLT-AZ1,MAT-015,2025-04-14,19870.91,19761.89,19980.14,,True
PLT-AZ1,MAT-015,2025-04-21,19868.68,19735.02,20002.33,,True
PLT-AZ1,MAT-015,2025-04-28,19867.91,19713.6,20022.32,,True
PLT-AZ1,MAT-015,2025-05-05,19867.91,19695.36,20040.56,,True
PLT-AZ1,MAT-015,2025-05-12,19867.91,19678.8,20057.02,,True
PLT-AZ1,MAT-015,2025-05-19,19867.91,19663.7,20072.22,,True
PLT-AZ1,MAT-015,2025-05-26,19867.91,19649.55,20086.16,,True
PLT-AZ1,MAT-016,2024-12-30,11181.33,11104.18,11258.59,11178.7,False
PLT-AZ1,MAT-016,2025-01-06,18540.37,18463.22,18617.53,18558.6,False
PLT-AZ1,MAT-016,2025-01-13,18559.7,18482.65,18636.96,18535.4,False
PLT-AZ1,MAT-016,2025-01-20,18563.29,18486.13,18640.44,18592.8,False
PLT-AZ1,MAT-016,2025-01-27,18565.25,18487.99,18642.4,18532.6,False
PLT-AZ1,MAT-016,2025-02-03,19196.39,19119.23,19273.54,19180.9,False
PLT-AZ1,MAT-016,2025-02-10,19411.91,19334.76,19489.07,19406.4,False
PLT-AZ1,MAT-016,2025-02-17,19528.77,19451.61,19605.92,19561.6,False
PLT-AZ1,MAT-016,2025-02-24,19293.98,19216.72,19371.13,19280.2,False
PLT-AZ1,MAT-016,2025-03-03,19980.76,19903.61,20057.92,19967.1,False
PLT-AZ1,MAT-016,2025-03-10,19716.01,19638.86,19793.27,19725.3,False
PLT-AZ1,MAT-016,2025-03-17,19970.43,19893.17,20047.58,19926.6,False
PLT-AZ1,MAT-016,2025-03-24,19888.03,19810.77,19965.18,19968.5,False
PLT-AZ1,MAT-016,2025-03-31,19921.45,19844.3,19998.61,21325.7,False
PLT-AZ1,MAT-016,2025-04-07,19818.94,19741.89,19896.2,,True
PLT-AZ1,MAT-016,2025-04-14,19870.91,19761.89,19980.14,,True
PLT-AZ1,MAT-016,2025-04-21,19868.68,19735.02,20002.33,,True
PLT-AZ1,MAT-016,2025-04-28,19867.91,19713.6,20022.32,,True
PLT-AZ1,MAT-016,2025-05-05,19867.91,19695.36,20040.56,,True
PLT-AZ1,MAT-016,2025-05-12,19867.91,19678.8,20057.02,,True
PLT-AZ1,MAT-016,2025-05-19,19867.91,19663.7,20072.22,,True
PLT-AZ1,MAT-016,2025-05-26,19867.91,19649.55,20086.16,,True
PLT-AZ1,MAT-017,2024-12-30,11181.33,11104.18,11258.59,11178.7,False
PLT-AZ1,MAT-017,2025-01-06,18540.37,18463.22,18617.53,18558.6,False
PLT-AZ1,MAT-017,2025-01-13,18559.7,18482.65,18636.96,18535.4,False
PLT-AZ1,MAT-017,2025-01-20,18563.29,18486.13,18640.44,18592.8,False
PLT-AZ1,MAT-017,2025-01-27,18565.25,18487.99,18642.4,18532.6,False
PLT-AZ1,MAT-017,2025-02-03,19196.39,19119.23,19273.54,19180.9,False
PLT-AZ1,MAT-017,2025-02-10,19411.91,19334.76,19489.07,19406.4,False
PLT-AZ1,MAT-017,2025-02-17,19528.77,19451.61,19605.92,19561.6,False
PLT-AZ1,MAT-017,2025-02-24,19293.98,19216.72,19371.13,19280.2,False
PLT-AZ1,MAT-017,2025-03-03,19980.76,19903.61,20057.92,19967.1,False
PLT-AZ1,MAT-017,2025-03-10,19716.01,19638.86,19793.27,19725.3,False
PLT-AZ1,MAT-017,2025-03-17,19970.43,19893.17,20047.58,19926.6,False
PLT-AZ1,MAT-017,2025-03-24,19888.03,19810.77,19965.18,19968.5,False
PLT-AZ1,MAT-017,2025-03-31,19921.45,19844.3,19998.61,21325.7,False
PLT-AZ1,MAT-017,2025-04-07,19818.94,19741.89,19896.2,,True
PLT-AZ1,MAT-017,2025-04-14,19870.91,19761.89,19980.14,,True
PLT-AZ1,MAT-017,2025-04-21,19868.68,19735.02,20002.33,,True
PLT-AZ1,MAT-017,2025-04-28,19867.91,19713.6,20022.32,,True
PLT-AZ1,MAT-017,2025-05-05,19867.91,19695.36,20040.56,,True
PLT-AZ1,MAT-017,2025-05-12,19867.91,19678.8,20057.02,,True
PLT-AZ1,MAT-017,2025-05-19,19867.91,19663.7,20072.22,,True
PLT-AZ1,MAT-017,2025-05-26,19867.91,19649.55,20086.16,,True
PLT-AZ1,MAT-018,2024-12-30,55.91,55.52,56.29,55.89,False
PLT-AZ1,MAT-018,2025-01-06,92.7,92.32,93.09,92.79,False
PLT-AZ1,MAT-018,2025-01-13,92.8,92.41,93.18,92.68,False
PLT-AZ1,MAT-018,2025-01-20,92.82,92.43,93.2,92.96,False
PLT-AZ1,MAT-018,2025-01-27,92.83,92.44,93.21,92.66,False
PLT-AZ1,MAT-018,2025-02-03,95.98,95.6,96.37,95.9,False
PLT-AZ1,MAT-018,2025-02-10,97.06,96.67,97.45,97.03,False
PLT-AZ1,MAT-018,2025-02-17,97.64,97.26,98.03,97.81,False
PLT-AZ1,MAT-018,2025-02-24,96.47,96.08,96.86,96.4,False
PLT-AZ1,MAT-018,2025-03-03,99.9,99.52,100.29,99.84,False
PLT-AZ1,MAT-018,2025-03-10,98.58,98.19,98.97,98.63,False
PLT-AZ1,MAT-018,2025-03-17,99.85,99.47,100.24,99.63,False
PLT-AZ1,MAT-018,2025-03-24,99.44,99.05,99.83,99.84,False
PLT-AZ1,MAT-018,2025-03-31,99.61,99.22,99.99,106.63,False
PLT-AZ1,MAT-018,2025-04-07,99.09,98.71,99.48,,True
PLT-AZ1,MAT-018,2025-04-14,99.35,98.81,99.9,,True
PLT-AZ1,MAT-018,2025-04-21,99.34,98.68,100.01,,True
PLT-AZ1,MAT-018,2025-04-28,99.34,98.57,100.11,,True
PLT-AZ1,MAT-018,2025-05-05,99.34,98.48,100.2,,True
PLT-AZ1,MAT-018,2025-05-12,99.34,98.39,100.29,,True
PLT-AZ1,MAT-018,2025-05-19,99.34,98.32,100.36,,True
PLT-AZ1,MAT-018,2025-05-26,99.34,98.25,100.43,,True
PLT-AZ1,MAT-019,2024-12-30,33543.99,33312.54,33775.77,33536.1,False
PLT-AZ1,MAT-019,2025-01-06,55621.11,55389.66,55852.59,55675.8,False
PLT-AZ1,MAT-019,2025-01-13,55679.1,55447.95,55910.88,55606.2,False
PLT-AZ1,MAT-019,2025-01-20,55689.87,55458.39,55921.32,55778.4,False
PLT-AZ1,MAT-019,2025-01-27,55695.75,55463.97,55927.2,55597.8,False
PLT-AZ1,MAT-019,2025-02-03,57589.17,57357.69,57820.62,57542.7,False
PLT-AZ1,MAT-019,2025-02-10,58235.73,58004.28,58467.21,58219.2,False
PLT-AZ1,MAT-019,2025-02-17,58586.31,58354.83,58817.76,58684.8,False
PLT-AZ1,MAT-019,2025-02-24,57881.94,57650.16,58113.39,57840.6,False
PLT-AZ1,MAT-019,2025-03-03,59942.28,59710.83,60173.76,59901.3,False
PLT-AZ1,MAT-019,2025-03-10,59148.03,58916.58,59379.81,59175.9,False
PLT-AZ1,MAT-019,2025-03-17,59911.29,59679.51,60142.74,59779.8,False
PLT-AZ1,MAT-019,2025-03-24,59664.09,59432.31,59895.54,59905.5,False
PLT-AZ1,MAT-019,2025-03-31,59764.35,59532.9,59995.83,63977.1,False
PLT-AZ1,MAT-019,2025-04-07,59456.82,59225.67,59688.6,,True
PLT-AZ1,MAT-019,2025-04-14,59612.73,59285.67,59940.42,,True
PLT-AZ1,MAT-019,2025-04-21,59606.04,59205.06,60006.99,,True
PLT-AZ1,MAT-019,2025-04-28,59603.73,59140.8,60066.96,,True
PLT-AZ1,MAT-019,2025-05-05,59603.73,59086.08,60121.68,,True
PLT-AZ1,MAT-019,2025-05-12,59603.73,59036.4,60171.06,,True
PLT-AZ1,MAT-019,2025-05-19,59603.73,58991.1,60216.66,,True
PLT-AZ1,MAT-019,2025-05-26,59603.73,58948.65,60258.48,,True
PLT-AZ1,MAT-020,2024-12-30,27953.33,27760.45,28146.47,27946.75,False
PLT-AZ1,MAT-020,2025-01-06,46350.93,46158.05,46543.82,46396.5,False
PLT-AZ1,MAT-020,2025-01-13,46399.25,46206.62,46592.4,46338.5,False
PLT-AZ1,MAT-020,2025-01-20,46408.22,46215.32,46601.1,46482.0,False
PLT-AZ1,MAT-020,2025-01-27,46413.12,46219.97,46606.0,46331.5,False
PLT-AZ1,MAT-020,2025-02-03,47990.97,47798.07,48183.85,47952.25,False
PLT-AZ1,MAT-020,2025-02-10,48529.78,48336.9,48722.68,48516.0,False
PLT-AZ1,MAT-020,2025-02-17,48821.93,48629.03,49014.8,48904.0,False
PLT-AZ1,MAT-020,2025-02-24,48234.95,48041.8,48427.82,48200.5,False
PLT-AZ1,MAT-020,2025-03-03,49951.9,49759.03,50144.8,49917.75,False
PLT-AZ1,MAT-020,2025-03-10,49290.03,49097.15,49483.18,49313.25,False
PLT-AZ1,MAT-020,2025-03-17,49926.07,49732.93,50118.95,49816.5,False
PLT-AZ1,MAT-020,2025-03-24,49720.07,49526.93,49912.95,49921.25,False
PLT-AZ1,MAT-020,2025-03-31,49803.62,49610.75,49996.53,53314.25,False
PLT-AZ1,MAT-020,2025-04-07,49547.35,49354.72,49740.5,,True
PLT-AZ1,MAT-020,2025-04-14,49677.28,49404.72,49950.35,,True
PLT-AZ1,MAT-020,2025-04-21,49671.7,49337.55,50005.82,,True
PLT-AZ1,MAT-020,2025-04-28,49669.78,49284.0,50055.8,,True
PLT-AZ1,MAT-020,2025-05-05,49669.78,49238.4,50101.4,,True
PLT-AZ1,MAT-020,2025-05-12,49669.78,49197.0,50142.55,,True
PLT-AZ1,MAT-020,2025-05-19,49669.78,49159.25,50180.55,,True
PLT-AZ1,MAT-020,2025-05-26,49669.78,49123.88,50215.4,,True
PLT-AZ1,MAT-021,2024-12-30,20126.39,19987.52,20265.46,20121.66,False
PLT-AZ1,MAT-021,2025-01-06,33372.67,33233.8,33511.55,33405.48,False
PLT-AZ1,MAT-021,2025-01-13,33407.46,33268.77,33546.53,33363.72,False
PLT-AZ1,MAT-021,2025-01-20,33413.92,33275.03,33552.79,33467.04,False
PLT-AZ1,MAT-021,2025-01-27,33417.45,33278.38,33556.32,33358.68,False
PLT-AZ1,MAT-021,2025-02-03,34553.5,34414.61,34692.37,34525.62,False
PLT-AZ1,MAT-021,2025-02-10,34941.44,34802.57,35080.33,34931.52,False
PLT-AZ1,MAT-021,2025-02-17,35151.79,35012.9,35290.66,35210.88,False
PLT-AZ1,MAT-021,2025-02-24,34729.16,34590.1,34868.03,34704.36,False
PLT-AZ1,MAT-021,2025-03-03,35965.37,35826.5,36104.26,35940.78,False
PLT-AZ1,MAT-021,2025-03-10,35488.82,35349.95,35627.89,35505.54,False
PLT-AZ1,MAT-021,2025-03-17,35946.77,35807.71,36085.64,35867.88,False
PLT-AZ1,MAT-021,2025-03-24,35798.45,35659.39,35937.32,35943.3,False
PLT-AZ1,MAT-021,2025-03-31,35858.61,35719.74,35997.5,38386.26,False
PLT-AZ1,MAT-021,2025-04-07,35674.09,35535.4,35813.16,,True
PLT-AZ1,MAT-021,2025-04-14,35767.64,35571.4,35964.25,,True
PLT-AZ1,MAT-021,2025-04-21,35763.62,35523.04,36004.19,,True
PLT-AZ1,MAT-021,2025-04-28,35762.24,35484.48,36040.18,,True
PLT-AZ1,MAT-021,2025-05-05,35762.24,35451.65,36073.01,,True
PLT-AZ1,MAT-021,2025-05-12,35762.24,35421.84,36102.64,,True
PLT-AZ1,MAT-021,2025-05-19,35762.24,35394.66,36130.0,,True
PLT-AZ1,MAT-021,2025-05-26,35762.24,35369.19,36155.09,,True
PLT-AZ1,MAT-022,2024-12-30,89.45,88.83,90.07,89.43,False
PLT-AZ1,MAT-022,2025-01-06,148.32,147.71,148.94,148.47,False
PLT-AZ1,MAT-022,2025-01-13,148.48,147.86,149.1,148.28,False
PLT-AZ1,MAT-022,2025-01-20,148.51,147.89,149.12,148.74,False
PLT-AZ1,MAT-022,2025-01-27,148.52,147.9,149.14,148.26,False
PLT-AZ1,MAT-022,2025-02-03,153.57,152.95,154.19,153.45,False
PLT-AZ1,MAT-022,2025-02-10,155.3,154.68,155.91,155.25,False
PLT-AZ1,MAT-022,2025-02-17,156.23,155.61,156.85,156.49,False
PLT-AZ1,MAT-022,2025-02-24,154.35,153.73,154.97,154.24,False
PLT-AZ1,MAT-022,2025-03-03,159.85,159.23,160.46,159.74,False
PLT-AZ1,MAT-022,2025-03-10,157.73,157.11,158.35,157.8,False
PLT-AZ1,MAT-022,2025-03-17,159.76,159.15,160.38,159.41,False
PLT-AZ1,MAT-022,2025-03-24,159.1,158.49,159.72,159.75,False
PLT-AZ1,MAT-022,2025-03-31,159.37,158.75,159.99,170.61,False
PLT-AZ1,MAT-022,2025-04-07,158.55,157.94,159.17,,True
PLT-AZ1,MAT-022,2025-04-14,158.97,158.1,159.84,,True
PLT-AZ1,MAT-022,2025-04-21,158.95,157.88,160.02,,True
PLT-AZ1,MAT-022,2025-04-28,158.94,157.71,160.18,,True
PLT-AZ1,MAT-022,2025-05-05,158.94,157.56,160.32,,True
PLT-AZ1,MAT-022,2025-05-12,158.94,157.43,160.46,,True
PLT-AZ1,MAT-022,2025-05-19,158.94,157.31,160.58,,True
PLT-AZ1,MAT-022,2025-05-26,158.94,157.2,160.69,,True
PLT-AZ1,MAT-023,2024-12-30,167.72,166.56,168.88,167.68,False
PLT-AZ1,MAT-023,2025-01-06,278.11,276.95,279.26,278.38,False
PLT-AZ1,MAT-023,2025-01-13,278.4,277.24,279.55,278.03,False
PLT-AZ1,MAT-023,2025-01-20,278.45,277.29,279.61,278.89,False
PLT-AZ1,MAT-023,2025-01-27,278.48,277.32,279.64,277.99,False
PLT-AZ1,MAT-023,2025-02-03,287.95,286.79,289.1,287.71,False
PLT-AZ1,MAT-023,2025-02-10,291.18,290.02,292.34,291.1,False
PLT-AZ1,MAT-023,2025-02-17,292.93,291.77,294.09,293.42,False
PLT-AZ1,MAT-023,2025-02-24,289.41,288.25,290.57,289.2,False
PLT-AZ1,MAT-023,2025-03-03,299.71,298.55,300.87,299.51,False
PLT-AZ1,MAT-023,2025-03-10,295.74,294.58,296.9,295.88,False
PLT-AZ1,MAT-023,2025-03-17,299.56,298.4,300.71,298.9,False
PLT-AZ1,MAT-023,2025-03-24,298.32,297.16,299.48,299.53,False
PLT-AZ1,MAT-023,2025-03-31,298.82,297.66,299.98,319.89,False
PLT-AZ1,MAT-023,2025-04-07,297.28,296.13,298.44,,True
PLT-AZ1,MAT-023,2025-04-14,298.06,296.43,299.7,,True
PLT-AZ1,MAT-023,2025-04-21,298.03,296.03,300.03,,True
PLT-AZ1,MAT-023,2025-04-28,298.02,295.7,300.33,,True
PLT-AZ1,MAT-023,2025-05-05,298.02,295.43,300.61,,True
PLT-AZ1,MAT-023,2025-05-12,298.02,295.18,300.86,,True
PLT-AZ1,MAT-023,2025-05-19,298.02,294.96,301.08,,True
PLT-AZ1,MAT-023,2025-05-26,298.02,294.74,301.29,,True
PLT-AZ1,MAT-024,2024-12-30,22.36,22.21,22.52,22.36,False
PLT-AZ1,MAT-024,2025-01-06,37.08,36.93,37.24,37.12,False
PLT-AZ1,MAT-024,2025-01-13,37.12,36.97,37.27,37.07,False
PLT-AZ1,MAT-024,2025-01-20,37.13,36.97,37.28,37.19,False
PLT-AZ1,MAT-024,2025-01-27,37.13,36.98,37.28,37.07,False
PLT-AZ1,MAT-024,2025-02-03,38.39,38.24,38.55,38.36,False
PLT-AZ1,MAT-024,2025-02-10,38.82,38.67,38.98,38.81,False
PLT-AZ1,MAT-024,2025-02-17,39.06,38.9,39.21,39.12,False
PLT-AZ1,MAT-024,2025-02-24,38.59,38.43,38.74,38.56,False
PLT-AZ1,MAT-024,2025-03-03,39.96,39.81,40.12,39.93,False
PLT-AZ1,MAT-024,2025-03-10,39.43,39.28,39.59,39.45,False
PLT-AZ1,MAT-024,2025-03-17,39.94,39.79,40.1,39.85,False
PLT-AZ1,MAT-024,2025-03-24,39.78,39.62,39.93,39.94,False
PLT-AZ1,MAT-024,2025-03-31,39.84,39.69,40.0,42.65,False
PLT-AZ1,MAT-024,2025-04-07,39.64,39.48,39.79,,True
PLT-AZ1,MAT-024,2025-04-14,39.74,39.52,39.96,,True
PLT-AZ1,MAT-024,2025-04-21,39.74,39.47,40.0,,True
PLT-AZ1,MAT-024,2025-04-28,39.74,39.43,40.04,,True
PLT-AZ1,MAT-024,2025-05-05,39.74,39.39,40.08,,True
PLT-AZ1,MAT-024,2025-05-12,39.74,39.36,40.11,,True
PLT-AZ1,MAT-024,2025-05-19,39.74,39.33,40.14,,True
PLT-AZ1,MAT-024,2025-05-26,39.74,39.3,40.17,,True
PLT-AZ1,MAT-025,2024-12-30,11.18,11.1,11.26,11.18,False
PLT-AZ1,MAT-025,2025-01-06,18.54,18.46,18.62,18.56,False
PLT-AZ1,MAT-025,2025-01-13,18.56,18.48,18.64,18.54,False
PLT-AZ1,MAT-025,2025-01-20,18.56,18.49,18.64,18.59,False
PLT-AZ1,MAT-025,2025-01-27,18.57,18.49,18.64,18.53,False
PLT-AZ1,MAT-025,2025-02-03,19.2,19.12,19.27,19.18,False
PLT-AZ1,MAT-025,2025-02-10,19.41,19.33,19.49,19.41,False
PLT-AZ1,MAT-025,2025-02-17,19.53,19.45,19.61,19.56,False
PLT-AZ1,MAT-025,2025-02-24,19.29,19.22,19.37,19.28,False
PLT-AZ1,MAT-025,2025-03-03,19.98,19.9,20.06,19.97,False
PLT-AZ1,MAT-025,2025-03-10,19.72,19.64,19.79,19.73,False
PLT-AZ1,MAT-025,2025-03-17,19.97,19.89,20.05,19.93,False
PLT-AZ1,MAT-025,2025-03-24,19.89,19.81,19.97,19.97,False
PLT-AZ1,MAT-025,2025-03-31,19.92,19.84,20.0,21.33,False
PLT-AZ1,MAT-025,2025-04-07,19.82,19.74,19.9,,True
PLT-AZ1,MAT-025,2025-04-14,19.87,19.76,19.98,,True
PLT-AZ1,MAT-025,2025-04-21,19.87,19.74,20.0,,True
PLT-AZ1,MAT-025,2025-04-28,19.87,19.71,20.02,,True
PLT-AZ1,MAT-025,2025-05-05,19.87,19.7,20.04,,True
PLT-AZ1,MAT-025,2025-05-12,19.87,19.68,20.06,,True
PLT-AZ1,MAT-025,2025-05-19,19.87,19.66,20.07,,True
PLT-AZ1,MAT-025,2025-05-26,19.87,19.65,20.09,,True
PLT-AZ1,MAT-027,2024-12-30,22.36,22.21,22.52,22.36,False
PLT-AZ1,MAT-027,2025-01-06,37.08,36.93,37.24,37.12,False
PLT-AZ1,MAT-027,2025-01-13,37.12,36.97,37.27,37.07,False
PLT-AZ1,MAT-027,2025-01-20,37.13,36.97,37.28,37.19,False
PLT-AZ1,MAT-027,2025-01-27,37.13,36.98,37.28,37.07,False
PLT-AZ1,MAT-027,2025-02-03,38.39,38.24,38.55,38.36,False
PLT-AZ1,MAT-027,2025-02-10,38.82,38.67,38.98,38.81,False
PLT-AZ1,MAT-027,2025-02-17,39.06,38.9,39.21,39.12,False
PLT-AZ1,MAT-027,2025-02-24,38.59,38.43,38.74,38.56,False
PLT-AZ1,MAT-027,2025-03-03,39.96,39.81,40.12,39.93,False
PLT-AZ1,MAT-027,2025-03-10,39.43,39.28,39.59,39.45,False
PLT-AZ1,MAT-027,2025-03-17,39.94,39.79,40.1,39.85,False
PLT-AZ1,MAT-027,2025-03-24,39.78,39.62,39.93,39.94,False
PLT-AZ1,MAT-027,2025-03-31,39.84,39.69,40.0,42.65,False
PLT-AZ1,MAT-027,2025-04-07,39.64,39.48,39.79,,True
PLT-AZ1,MAT-027,2025-04-14,39.74,39.52,39.96,,True
PLT-AZ1,MAT-027,2025-04-21,39.74,39.47,40.0,,True
PLT-AZ1,MAT-027,2025-04-28,39.74,39.43,40.04,,True
PLT-AZ1,MAT-027,2025-05-05,39.74,39.39,40.08,,True
PLT-AZ1,MAT-027,2025-05-12,39.74,39.36,40.11,,True
PLT-AZ1,MAT-027,2025-05-19,39.74,39.33,40.14,,True
PLT-AZ1,MAT-027,2025-05-26,39.74,39.3,40.17,,True
PLT-AZ1,MAT-028,2024-12-30,447.25,444.17,450.34,447.15,False
PLT-AZ1,MAT-028,2025-01-06,741.61,738.53,744.7,742.34,False
PLT-AZ1,MAT-028,2025-01-13,742.39,739.31,745.48,741.42,False
PLT-AZ1,MAT-028,2025-01-20,742.53,739.45,745.62,743.71,False
PLT-AZ1,MAT-028,2025-01-27,742.61,739.52,745.7,741.3,False
PLT-AZ1,MAT-028,2025-02-03,767.86,764.77,770.94,767.24,False
PLT-AZ1,MAT-028,2025-02-10,776.48,773.39,779.56,776.26,False
PLT-AZ1,MAT-028,2025-02-17,781.15,778.06,784.24,782.46,False
PLT-AZ1,MAT-028,2025-02-24,771.76,768.67,774.85,771.21,False
PLT-AZ1,MAT-028,2025-03-03,799.23,796.14,802.32,798.68,False
PLT-AZ1,MAT-028,2025-03-10,788.64,785.55,791.73,789.01,False
PLT-AZ1,MAT-028,2025-03-17,798.82,795.73,801.9,797.06,False
PLT-AZ1,MAT-028,2025-03-24,795.52,792.43,798.61,798.74,False
PLT-AZ1,MAT-028,2025-03-31,796.86,793.77,799.94,853.03,False
PLT-AZ1,MAT-028,2025-04-07,792.76,789.68,795.85,,True
PLT-AZ1,MAT-028,2025-04-14,794.84,790.48,799.21,,True
PLT-AZ1,MAT-028,2025-04-21,794.75,789.4,800.09,,True
PLT-AZ1,MAT-028,2025-04-28,794.72,788.54,800.89,,True
PLT-AZ1,MAT-028,2025-05-05,794.72,787.81,801.62,,True
PLT-AZ1,MAT-028,2025-05-12,794.72,787.15,802.28,,True
PLT-AZ1,MAT-028,2025-05-19,794.72,786.55,802.89,,True
PLT-AZ1,MAT-028,2025-05-26,794.72,785.98,803.45,,True
PLT-AZ1,MAT-029,2024-12-30,11181.33,11104.18,11258.59,11178.7,False
PLT-AZ1,MAT-029,2025-01-06,18540.37,18463.22,18617.53,18558.6,False
PLT-AZ1,MAT-029,2025-01-13,18559.7,18482.65,18636.96,18535.4,False
PLT-AZ1,MAT-029,2025-01-20,18563.29,18486.13,18640.44,18592.8,False
PLT-AZ1,MAT-029,2025-01-27,18565.25,18487.99,18642.4,18532.6,False
PLT-AZ1,MAT-029,2025-02-03,19196.39,19119.23,19273.54,19180.9,False
PLT-AZ1,MAT-029,2025-02-10,19411.91,19334.76,19489.07,19406.4,False
PLT-AZ1,MAT-029,2025-02-17,19528.77,19451.61,19605.92,19561.6,False
PLT-AZ1,MAT-029,2025-02-24,19293.98,19216.72,19371.13,19280.2,False
PLT-AZ1,MAT-029,2025-03-03,19980.76,19903.61,20057.92,19967.1,False
PLT-AZ1,MAT-029,2025-03-10,19716.01,19638.86,19793.27,19725.3,False
PLT-AZ1,MAT-029,2025-03-17,19970.43,19893.17,20047.58,19926.6,False
PLT-AZ1,MAT-029,2025-03-24,19888.03,19810.77,19965.18,19968.5,False
PLT-AZ1,MAT-029,2025-03-31,19921.45,19844.3,19998.61,21325.7,False
PLT-AZ1,MAT-029,2025-04-07,19818.94,19741.89,19896.2,,True
PLT-AZ1,MAT-029,2025-04-14,19870.91,19761.89,19980.14,,True
PLT-AZ1,MAT-029,2025-04-21,19868.68,19735.02,20002.33,,True
PLT-AZ1,MAT-029,2025-04-28,19867.91,19713.6,20022.32,,True
PLT-AZ1,MAT-029,2025-05-05,19867.91,19695.36,20040.56,,True
PLT-AZ1,MAT-029,2025-05-12,19867.91,19678.8,20057.02,,True
PLT-AZ1,MAT-029,2025-05-19,19867.91,19663.7,20072.22,,True
PLT-AZ1,MAT-029,2025-05-26,19867.91,19649.55,20086.16,,True
PLT-AZ1,MAT-030,2024-12-30,22.36,22.21,22.52,22.36,False
PLT-AZ1,MAT-030,2025-01-06,37.08,36.93,37.24,37.12,False
PLT-AZ1,MAT-030,2025-01-13,37.12,36.97,37.27,37.07,False
PLT-AZ1,MAT-030,2025-01-20,37.13,36.97,37.28,37.19,False
PLT-AZ1,MAT-030,2025-01-27,37.13,36.98,37.28,37.07,False
PLT-AZ1,MAT-030,2025-02-03,38.39,38.24,38.55,38.36,False
PLT-AZ1,MAT-030,2025-02-10,38.82,38.67,38.98,38.81,False
PLT-AZ1,MAT-030,2025-02-17,39.06,38.9,39.21,39.12,False
PLT-AZ1,MAT-030,2025-02-24,38.59,38.43,38.74,38.56,False
PLT-AZ1,MAT-030,2025-03-03,39.96,39.81,40.12,39.93,False
PLT-AZ1,MAT-030,2025-03-10,39.43,39.28,39.59,39.45,False
PLT-AZ1,MAT-030,2025-03-17,39.94,39.79,40.1,39.85,False
PLT-AZ1,MAT-030,2025-03-24,39.78,39.62,39.93,39.94,False
PLT-AZ1,MAT-030,2025-03-31,39.84,39.69,40.0,42.65,False
PLT-AZ1,MAT-030,2025-04-07,39.64,39.48,39.79,,True
PLT-AZ1,MAT-030,2025-04-14,39.74,39.52,39.96,,True
PLT-AZ1,MAT-030,2025-04-21,39.74,39.47,40.0,,True
PLT-AZ1,MAT-030,2025-04-28,39.74,39.43,40.04,,True
PLT-AZ1,MAT-030,2025-05-05,39.74,39.39,40.08,,True
PLT-AZ1,MAT-030,2025-05-12,39.74,39.36,40.11,,True
PLT-AZ1,MAT-030,2025-05-19,39.74,39.33,40.14,,True
PLT-AZ1,MAT-030,2025-05-26,39.74,39.3,40.17,,True
PLT-AZ1,MAT-031,2024-12-30,33.54,33.31,33.78,33.54,False
PLT-AZ1,MAT-031,2025-01-06,55.62,55.39,55.85,55.68,False
PLT-AZ1,MAT-031,2025-01-13,55.68,55.45,55.91,55.61,False
PLT-AZ1,MAT-031,2025-01-20,55.69,55.46,55.92,55.78,False
PLT-AZ1,MAT-031,2025-01-27,55.7,55.46,55.93,55.6,False
PLT-AZ1,MAT-031,2025-02-03,57.59,57.36,57.82,57.54,False
PLT-AZ1,MAT-031,2025-02-10,58.24,58.0,58.47,58.22,False
PLT-AZ1,MAT-031,2025-02-17,58.59,58.35,58.82,58.68,False
PLT-AZ1,MAT-031,2025-02-24,57.88,57.65,58.11,57.84,False
PLT-AZ1,MAT-031,2025-03-03,59.94,59.71,60.17,59.9,False
PLT-AZ1,MAT-031,2025-03-10,59.15,58.92,59.38,59.18,False
PLT-AZ1,MAT-031,2025-03-17,59.91,59.68,60.14,59.78,False
PLT-AZ1,MAT-031,2025-03-24,59.66,59.43,59.9,59.91,False
PLT-AZ1,MAT-031,2025-03-31,59.76,59.53,60.0,63.98,False
PLT-AZ1,MAT-031,2025-04-07,59.46,59.23,59.69,,True
PLT-AZ1,MAT-031,2025-04-14,59.61,59.29,59.94,,True
PLT-AZ1,MAT-031,2025-04-21,59.61,59.21,60.01,,True
PLT-AZ1,MAT-031,2025-04-28,59.6,59.14,60.07,,True
PLT-AZ1,MAT-031,2025-05-05,59.6,59.09,60.12,,True
PLT-AZ1,MAT-031,2025-05-12,59.6,59.04,60.17,,True
PLT-AZ1,MAT-031,2025-05-19,59.6,58.99,60.22,,True
PLT-AZ1,MAT-031,2025-05-26,59.6,58.95,60.26,,True
PLT-AZ1,MAT-032,2024-12-30,11181.33,11104.18,11258.59,11178.7,False
PLT-AZ1,MAT-032,2025-01-06,18540.37,18463.22,18617.53,18558.6,False
PLT-AZ1,MAT-032,2025-01-13,18559.7,18482.65,18636.96,18535.4,False
PLT-AZ1,MAT-032,2025-01-20,18563.29,18486.13,18640.44,18592.8,False
PLT-AZ1,MAT-032,2025-01-27,18565.25,18487.99,18642.4,18532.6,False
PLT-AZ1,MAT-032,2025-02-03,19196.39,19119.23,19273.54,19180.9,False
PLT-AZ1,MAT-032,2025-02-10,19411.91,19334.76,19489.07,19406.4,False
PLT-AZ1,MAT-032,2025-02-17,19528.77,19451.61,19605.92,19561.6,False
PLT-AZ1,MAT-032,2025-02-24,19293.98,19216.72,19371.13,19280.2,False
PLT-AZ1,MAT-032,2025-03-03,19980.76,19903.61,20057.92,19967.1,False
PLT-AZ1,MAT-032,2025-03-10,19716.01,19638.86,19793.27,19725.3,False
PLT-AZ1,MAT-032,2025-03-17,19970.43,19893.17,20047.58,19926.6,False
PLT-AZ1,MAT-032,2025-03-24,19888.03,19810.77,19965.18,19968.5,False
PLT-AZ1,MAT-032,2025-03-31,19921.45,19844.3,19998.61,21325.7,False
PLT-AZ1,MAT-032,2025-04-07,19818.94,19741.89,19896.2,,True
PLT-AZ1,MAT-032,2025-04-14,19870.91,19761.89,19980.14,,True
PLT-AZ1,MAT-032,2025-04-21,19868.68,19735.02,20002.33,,True
PLT-AZ1,MAT-032,2025-04-28,19867.91,19713.6,20022.32,,True
PLT-AZ1,MAT-032,2025-05-05,19867.91,19695.36,20040.56,,True
PLT-AZ1,MAT-032,2025-05-12,19867.91,19678.8,20057.02,,True
PLT-AZ1,MAT-032,2025-05-19,19867.91,19663.7,20072.22,,True
PLT-AZ1,MAT-032,2025-05-26,19867.91,19649.55,20086.16,,True
PLT-AZ1,MAT-038,2024-12-30,33.54,33.31,33.78,33.54,False
PLT-AZ1,MAT-038,2025-01-06,55.62,55.39,55.85,55.68,False
PLT-AZ1,MAT-038,2025-01-13,55.68,55.45,55.91,55.61,False
PLT-AZ1,MAT-038,2025-01-20,55.69,55.46,55.92,55.78,False
PLT-AZ1,MAT-038,2025-01-27,55.7,55.46,55.93,55.6,False
PLT-AZ1,MAT-038,2025-02-03,57.59,57.36,57.82,57.54,False
PLT-AZ1,MAT-038,2025-02-10,58.24,58.0,58.47,58.22,False
PLT-AZ1,MAT-038,2025-02-17,58.59,58.35,58.82,58.68,False
PLT-AZ1,MAT-038,2025-02-24,57.88,57.65,58.11,57.84,False
PLT-AZ1,MAT-038,2025-03-03,59.94,59.71,60.17,59.9,False
PLT-AZ1,MAT-038,2025-03-10,59.15,58.92,59.38,59.18,False
PLT-AZ1,MAT-038,2025-03-17,59.91,59.68,60.14,59.78,False
PLT-AZ1,MAT-038,2025-03-24,59.66,59.43,59.9,59.91,False
PLT-AZ1,MAT-038,2025-03-31,59.76,59.53,60.0,63.98,False
PLT-AZ1,MAT-038,2025-04-07,59.46,59.23,59.69,,True
PLT-AZ1,MAT-038,2025-04-14,59.61,59.29,59.94,,True
PLT-AZ1,MAT-038,2025-04-21,59.61,59.21,60.01,,True
PLT-AZ1,MAT-038,2025-04-28,59.6,59.14,60.07,,True
PLT-AZ1,MAT-038,2025-05-05,59.6,59.09,60.12,,True
PLT-AZ1,MAT-038,2025-05-12,59.6,59.04,60.17,,True
PLT-AZ1,MAT-038,2025-05-19,59.6,58.99,60.22,,True
PLT-AZ1,MAT-038,2025-05-26,59.6,58.95,60.26,,True
PLT-AZ1,MAT-039,2024-12-30,22.36,22.21,22.52,22.36,False
PLT-AZ1,MAT-039,2025-01-06,37.08,36.93,37.24,37.12,False
PLT-AZ1,MAT-039,2025-01-13,37.12,36.97,37.27,37.07,False
PLT-AZ1,MAT-039,2025-01-20,37.13,36.97,37.28,37.19,False
PLT-AZ1,MAT-039,2025-01-27,37.13,36.98,37.28,37.07,False
PLT-AZ1,MAT-039,2025-02-03,38.39,38.24,38.55,38.36,False
PLT-AZ1,MAT-039,2025-02-10,38.82,38.67,38.98,38.81,False
PLT-AZ1,MAT-039,2025-02-17,39.06,38.9,39.21,39.12,False
PLT-AZ1,MAT-039,2025-02-24,38.59,38.43,38.74,38.56,False
PLT-AZ1,MAT-039,2025-03-03,39.96,39.81,40.12,39.93,False
PLT-AZ1,MAT-039,2025-03-10,39.43,39.28,39.59,39.45,False
PLT-AZ1,MAT-039,2025-03-17,39.94,39.79,40.1,39.85,False
PLT-AZ1,MAT-039,2025-03-24,39.78,39.62,39.93,39.94,False
PLT-AZ1,MAT-039,2025-03-31,39.84,39.69,40.0,42.65,False
PLT-AZ1,MAT-039,2025-04-07,39.64,39.48,39.79,,True
PLT-AZ1,MAT-039,2025-04-14,39.74,39.52,39.96,,True
PLT-AZ1,MAT-039,2025-04-21,39.74,39.47,40.0,,True
PLT-AZ1,MAT-039,2025-04-28,39.74,39.43,40.04,,True
PLT-AZ1,MAT-039,2025-05-05,39.74,39.39,40.08,,True
PLT-AZ1,MAT-039,2025-05-12,39.74,39.36,40.11,,True
PLT-AZ1,MAT-039,2025-05-19,39.74,39.33,40.14,,True
PLT-AZ1,MAT-039,2025-05-26,39.74,39.3,40.17,,True
PLT-AZ1,MAT-040,2024-12-30,5590.67,5552.09,5629.3,5589.35,False
PLT-AZ1,MAT-040,2025-01-06,9270.19,9231.61,9308.76,9279.3,False
PLT-AZ1,MAT-040,2025-01-13,9279.85,9241.33,9318.48,9267.7,False
PLT-AZ1,MAT-040,2025-01-20,9281.65,9243.06,9320.22,9296.4,False
PLT-AZ1,MAT-040,2025-01-27,9282.62,9243.99,9321.2,9266.3,False
PLT-AZ1,MAT-040,2025-02-03,9598.19,9559.62,9636.77,9590.45,False
PLT-AZ1,MAT-040,2025-02-10,9705.96,9667.38,9744.53,9703.2,False
PLT-AZ1,MAT-040,2025-02-17,9764.39,9725.81,9802.96,9780.8,False
PLT-AZ1,MAT-040,2025-02-24,9646.99,9608.36,9685.56,9640.1,False
PLT-AZ1,MAT-040,2025-03-03,9990.38,9951.81,10028.96,9983.55,False
PLT-AZ1,MAT-040,2025-03-10,9858.01,9819.43,9896.64,9862.65,False
PLT-AZ1,MAT-040,2025-03-17,9985.22,9946.58,10023.79,9963.3,False
PLT-AZ1,MAT-040,2025-03-24,9944.01,9905.39,9982.59,9984.25,False
PLT-AZ1,MAT-040,2025-03-31,9960.73,9922.15,9999.31,10662.85,False
PLT-AZ1,MAT-040,2025-04-07,9909.47,9870.94,9948.1,,True
PLT-AZ1,MAT-040,2025-04-14,9935.46,9880.94,9990.07,,True
PLT-AZ1,MAT-040,2025-04-21,9934.34,9867.51,10001.17,,True
PLT-AZ1,MAT-040,2025-04-28,9933.95,9856.8,10011.16,,True
PLT-AZ1,MAT-040,2025-05-05,9933.95,9847.68,10020.28,,True
PLT-AZ1,MAT-040,2025-05-12,9933.95,9839.4,10028.51,,True
PLT-AZ1,MAT-040,2025-05-19,9933.95,9831.85,10036.11,,True
PLT-AZ1,MAT-040,2025-05-26,9933.95,9824.78,10043.08,,True
PLT-AZ1,MAT-047,2024-12-30,11181.33,11104.18,11258.59,11178.7,False
PLT-AZ1,MAT-047,2025-01-06,18540.37,18463.22,18617.53,18558.6,False
PLT-AZ1,MAT-047,2025-01-13,18559.7,18482.65,18636.96,18535.4,False
PLT-AZ1,MAT-047,2025-01-20,18563.29,18486.13,18640.44,18592.8,False
PLT-AZ1,MAT-047,2025-01-27,18565.25,18487.99,18642.4,18532.6,False
PLT-AZ1,MAT-047,2025-02-03,19196.39,19119.23,19273.54,19180.9,False
PLT-AZ1,MAT-047,2025-02-10,19411.91,19334.76,19489.07,19406.4,False
PLT-AZ1,MAT-047,2025-02-17,19528.77,19451.61,19605.92,19561.6,False
PLT-AZ1,MAT-047,2025-02-24,19293.98,19216.72,19371.13,19280.2,False
PLT-AZ1,MAT-047,2025-03-03,19980.76,19903.61,20057.92,19967.1,False
PLT-AZ1,MAT-047,2025-03-10,19716.01,19638.86,19793.27,19725.3,False
PLT-AZ1,MAT-047,2025-03-17,19970.43,19893.17,20047.58,19926.6,False
PLT-AZ1,MAT-047,2025-03-24,19888.03,19810.77,19965.18,19968.5,False
PLT-AZ1,MAT-047,2025-03-31,19921.45,19844.3,19998.61,21325.7,False
PLT-AZ1,MAT-047,2025-04-07,19818.94,19741.89,19896.2,,True
PLT-AZ1,MAT-047,2025-04-14,19870.91,19761.89,19980.14,,True
PLT-AZ1,MAT-047,2025-04-21,19868.68,19735.02,20002.33,,True
PLT-AZ1,MAT-047,2025-04-28,19867.91,19713.6,20022.32,,True
PLT-AZ1,MAT-047,2025-05-05,19867.91,19695.36,20040.56,,True
PLT-AZ1,MAT-047,2025-05-12,19867.91,19678.8,20057.02,,True
PLT-AZ1,MAT-047,2025-05-19,19867.91,19663.7,20072.22,,True
PLT-AZ1,MAT-047,2025-05-26,19867.91,19649.55,20086.16,,True
PLT-AZ1,MAT-048,2024-12-30,11181.33,11104.18,11258.59,11178.7,False
PLT-AZ1,MAT-048,2025-01-06,18540.37,18463.22,18617.53,18558.6,False
PLT-AZ1,MAT-048,2025-01-13,18559.7,18482.65,18636.96,18535.4,False
PLT-AZ1,MAT-048,2025-01-20,18563.29,18486.13,18640.44,18592.8,False
PLT-AZ1,MAT-048,2025-01-27,18565.25,18487.99,18642.4,18532.6,False
PLT-AZ1,MAT-048,2025-02-03,19196.39,19119.23,19273.54,19180.9,False
PLT-AZ1,MAT-048,2025-02-10,19411.91,19334.76,19489.07,19406.4,False
PLT-AZ1,MAT-048,2025-02-17,19528.77,19451.61,19605.92,19561.6,False
PLT-AZ1,MAT-048,2025-02-24,19293.98,19216.72,19371.13,19280.2,False
PLT-AZ1,MAT-048,2025-03-03,19980.76,19903.61,20057.92,19967.1,False
PLT-AZ1,MAT-048,2025-03-10,19716.01,19638.86,19793.27,19725.3,False
PLT-AZ1,MAT-048,2025-03-17,19970.43,19893.17,20047.58,19926.6,False
PLT-AZ1,MAT-048,2025-03-24,19888.03,19810.77,19965.18,19968.5,False
PLT-AZ1,MAT-048,2025-03-31,19921.45,19844.3,19998.61,21325.7,False
PLT-AZ1,MAT-048,2025-04-07,19818.94,19741.89,19896.2,,True
PLT-AZ1,MAT-048,2025-04-14,19870.91,19761.89,19980.14,,True
PLT-AZ1,MAT-048,2025-04-21,19868.68,19735.02,20002.33,,True
PLT-AZ1,MAT-048,2025-04-28,19867.91,19713.6,20022.32,,True
PLT-AZ1,MAT-048,2025-05-05,19867.91,19695.36,20040.56,,True
PLT-AZ1,MAT-048,2025-05-12,19867.91,19678.8,20057.02,,True
PLT-AZ1,MAT-048,2025-05-19,19867.91,19663.7,20072.22,,True
PLT-AZ1,MAT-048,2025-05-26,19867.91,19649.55,20086.16,,True
PLT-AZ1,MAT-049,2024-12-30,111.81,111.04,112.59,111.79,False
PLT-AZ1,MAT-049,2025-01-06,185.4,184.63,186.18,185.59,False
PLT-AZ1,MAT-049,2025-01-13,185.6,184.83,186.37,185.35,False
PLT-AZ1,MAT-049,2025-01-20,185.63,184.86,186.4,185.93,False
PLT-AZ1,MAT-049,2025-01-27,185.65,184.88,186.42,185.33,False
PLT-AZ1,MAT-049,2025-02-03,191.96,191.19,192.74,191.81,False
PLT-AZ1,MAT-049,2025-02-10,194.12,193.35,194.89,194.06,False
PLT-AZ1,MAT-049,2025-02-17,195.29,194.52,196.06,195.62,False
PLT-AZ1,MAT-049,2025-02-24,192.94,192.17,193.71,192.8,False
PLT-AZ1,MAT-049,2025-03-03,199.81,199.04,200.58,199.67,False
PLT-AZ1,MAT-049,2025-03-10,197.16,196.39,197.93,197.25,False
PLT-AZ1,MAT-049,2025-03-17,199.7,198.93,200.48,199.27,False
PLT-AZ1,MAT-049,2025-03-24,198.88,198.11,199.65,199.69,False
PLT-AZ1,MAT-049,2025-03-31,199.21,198.44,199.99,213.26,False
PLT-AZ1,MAT-049,2025-04-07,198.19,197.42,198.96,,True
PLT-AZ1,MAT-049,2025-04-14,198.71,197.62,199.8,,True
PLT-AZ1,MAT-049,2025-04-21,198.69,197.35,200.02,,True
PLT-AZ1,MAT-049,2025-04-28,198.68,197.14,200.22,,True
PLT-AZ1,MAT-049,2025-05-05,198.68,196.95,200.41,,True
PLT-AZ1,MAT-049,2025-05-12,198.68,196.79,200.57,,True
PLT-AZ1,MAT-049,2025-05-19,198.68,196.64,200.72,,True
PLT-AZ1,MAT-049,2025-05-26,198.68,196.5,200.86,,True
PLT-AZ1,MAT-050,2024-12-30,111.81,111.04,112.59,111.79,False
PLT-AZ1,MAT-050,2025-01-06,185.4,184.63,186.18,185.59,False
PLT-AZ1,MAT-050,2025-01-13,185.6,184.83,186.37,185.35,False
PLT-AZ1,MAT-050,2025-01-20,185.63,184.86,186.4,185.93,False
PLT-AZ1,MAT-050,2025-01-27,185.65,184.88,186.42,185.33,False
PLT-AZ1,MAT-050,2025-02-03,191.96,191.19,192.74,191.81,False
PLT-AZ1,MAT-050,2025-02-10,194.12,193.35,194.89,194.06,False
PLT-AZ1,MAT-050,2025-02-17,195.29,194.52,196.06,195.62,False
PLT-AZ1,MAT-050,2025-02-24,192.94,192.17,193.71,192.8,False
PLT-AZ1,MAT-050,2025-03-03,199.81,199.04,200.58,199.67,False
PLT-AZ1,MAT-050,2025-03-10,197.16,196.39,197.93,197.25,False
PLT-AZ1,MAT-050,2025-03-17,199.7,198.93,200.48,199.27,False
PLT-AZ1,MAT-050,2025-03-24,198.88,198.11,199.65,199.69,False
PLT-AZ1,MAT-050,2025-03-31,199.21,198.44,199.99,213.26,False
PLT-AZ1,MAT-050,2025-04-07,198.19,197.42,198.96,,True
PLT-AZ1,MAT-050,2025-04-14,198.71,197.62,199.8,,True
PLT-AZ1,MAT-050,2025-04-21,198.69,197.35,200.02,,True
PLT-AZ1,MAT-050,2025-04-28,198.68,197.14,200.22,,True
PLT-AZ1,MAT-050,2025-05-05,198.68,196.95,200.41,,True
PLT-AZ1,MAT-050,2025-05-12,198.68,196.79,200.57,,True
PLT-AZ1,MAT-050,2025-05-19,198.68,196.64,200.72,,True
PLT-AZ1,MAT-050,2025-05-26,198.68,196.5,200.86,,True
PLT-OH1,MAT-001,2024-12-30,6320.98,6276.98,6364.88,6336.6,False
PLT-OH1,MAT-001,2025-01-06,10431.13,10387.23,10475.13,10409.3,False
PLT-OH1,MAT-001,2025-01-13,10578.17,10534.27,10622.17,10597.8,False
PLT-OH1,MAT-001,2025-01-20,10565.97,10522.07,10609.97,10551.5,False
PLT-OH1,MAT-001,2025-01-27,10619.92,10576.02,10663.92,10617.4,False
PLT-OH1,MAT-001,2025-02-03,10990.2,10946.3,11034.2,11005.2,False
PLT-OH1,MAT-001,2025-02-10,10999.08,10955.08,11043.08,11000.6,False
PLT-OH1,MAT-001,2025-02-17,11018.54,10974.54,11062.44,11012.1,False
PLT-OH1,MAT-001,2025-02-24,11127.45,11083.55,11171.45,11149.8,False
PLT-OH1,MAT-001,2025-03-03,11547.11,11503.22,11591.01,11548.5,False
PLT-OH1,MAT-001,2025-03-10,11252.67,11208.88,11296.67,11239.9,False
PLT-OH1,MAT-001,2025-03-17,11374.32,11330.32,11418.32,11276.4,False
PLT-OH1,MAT-001,2025-03-24,11395.32,11351.32,11439.22,11399.6,False
PLT-OH1,MAT-001,2025-03-31,11394.02,11350.12,11437.91,12374.6,False
PLT-OH1,MAT-001,2025-04-07,11316.76,11272.76,11360.66,,True
PLT-OH1,MAT-001,2025-04-14,11375.64,11313.57,11437.82,,True
PLT-OH1,MAT-001,2025-04-21,11331.41,11255.31,11407.51,,True
PLT-OH1,MAT-001,2025-04-28,11368.37,11280.47,11456.16,,True
PLT-OH1,MAT-001,2025-05-05,11379.7,11281.39,11477.91,,True
PLT-OH1,MAT-001,2025-05-12,11331.41,11223.74,11439.08,,True
PLT-OH1,MAT-001,2025-05-19,11368.37,11251.99,11484.54,,True
PLT-OH1,MAT-001,2025-05-26,11379.7,11255.35,11503.95,,True
PLT-OH1,MAT-002,2024-12-30,6320.98,6276.98,6364.88,6336.6,False
PLT-OH1,MAT-002,2025-01-06,10431.13,10387.23,10475.13,10409.3,False
PLT-OH1,MAT-002,2025-01-13,10578.17,10534.27,10622.17,10597.8,False
PLT-OH1,MAT-002,2025-01-20,10565.97,10522.07,10609.97,10551.5,False
PLT-OH1,MAT-002,2025-01-27,10619.92,10576.02,10663.92,10617.4,False
PLT-OH1,MAT-002,2025-02-03,10990.2,10946.3,11034.2,11005.2,False
PLT-OH1,MAT-002,2025-02-10,10999.08,10955.08,11043.08,11000.6,False
PLT-OH1,MAT-002,2025-02-17,11018.54,10974.54,11062.44,11012.1,False
PLT-OH1,MAT-002,2025-02-24,11127.45,11083.55,11171.45,11149.8,False
PLT-OH1,MAT-002,2025-03-03,11547.11,11503.22,11591.01,11548.5,False
PLT-OH1,MAT-002,2025-03-10,11252.67,11208.88,11296.67,11239.9,False
PLT-OH1,MAT-002,2025-03-17,11374.32,11330.32,11418.32,11276.4,False
PLT-OH1,MAT-002,2025-03-24,11395.32,11351.32,11439.22,11399.6,False
PLT-OH1,MAT-002,2025-03-31,11394.02,11350.12,11437.91,12374.6,False
PLT-OH1,MAT-002,2025-04-07,11316.76,11272.76,11360.66,,True
PLT-OH1,MAT-002,2025-04-14,11375.64,11313.57,11437.82,,True
PLT-OH1,MAT-002,2025-04-21,11331.41,11255.31,11407.51,,True
PLT-OH1,MAT-002,2025-04-28,11368.37,11280.47,11456.16,,True
PLT-OH1,MAT-002,2025-05-05,11379.7,11281.39,11477.91,,True
PLT-OH1,MAT-002,2025-05-12,11331.41,11223.74,11439.08,,True
PLT-OH1,MAT-002,2025-05-19,11368.37,11251.99,11484.54,,True
PLT-OH1,MAT-002,2025-05-26,11379.7,11255.35,11503.95,,True
PLT-OH1,MAT-003,2024-12-30,25283.92,25107.92,25459.52,25346.4,False
PLT-OH1,MAT-003,2025-01-06,41724.52,41548.92,41900.52,41637.2,False
PLT-OH1,MAT-003,2025-01-13,42312.68,42137.08,42488.68,42391.2,False
PLT-OH1,MAT-003,2025-01-20,42263.88,42088.28,42439.88,42206.0,False
PLT-OH1,MAT-003,2025-01-27,42479.68,42304.08,42655.68,42469.6,False
PLT-OH1,MAT-003,2025-02-03,43960.8,43785.2,44136.8,44020.8,False
PLT-OH1,MAT-003,2025-02-10,43996.32,43820.32,44172.32,44002.4,False
PLT-OH1,MAT-003,2025-02-17,44074.16,43898.16,44249.76,44048.4,False
PLT-OH1,MAT-003,2025-02-24,44509.8,44334.2,44685.8,44599.2,False
PLT-OH1,MAT-003,2025-03-03,46188.44,46012.88,46364.04,46194.0,False
PLT-OH1,MAT-003,2025-03-10,45010.68,44835.52,45186.68,44959.6,False
PLT-OH1,MAT-003,2025-03-17,45497.28,45321.28,45673.28,45105.6,False
PLT-OH1,MAT-003,2025-03-24,45581.28,45405.28,45756.88,45598.4,False
PLT-OH1,MAT-003,2025-03-31,45576.08,45400.48,45751.64,49498.4,False
PLT-OH1,MAT-003,2025-04-07,45267.04,45091.04,45442.64,,True
PLT-OH1,MAT-003,2025-04-14,45502.56,45254.28,45751.28,,True
PLT-OH1,MAT-003,2025-04-21,45325.64,45021.24,45630.04,,True
PLT-OH1,MAT-003,2025-04-28,45473.48,45121.88,45824.64,,True
PLT-OH1,MAT-003,2025-05-05,45518.8,45125.56,45911.64,,True
PLT-OH1,MAT-003,2025-05-12,45325.64,44894.96,45756.32,,True
PLT-OH1,MAT-003,2025-05-19,45473.48,45007.96,45938.16,,True
PLT-OH1,MAT-003,2025-05-26,45518.8,45021.4,46015.8,,True
PLT-OH1,MAT-004,2024-12-30,126.42,125.54,127.3,126.73,False
PLT-OH1,MAT-004,2025-01-06,208.62,207.74,209.5,208.19,False
PLT-OH1,MAT-004,2025-01-13,211.56,210.69,212.44,211.96,False
PLT-OH1,MAT-004,2025-01-20,211.32,210.44,212.2,211.03,False
PLT-OH1,MAT-004,2025-01-27,212.4,211.52,213.28,212.35,False
PLT-OH1,MAT-004,2025-02-03,219.8,218.93,220.68,220.1,False
PLT-OH1,MAT-004,2025-02-10,219.98,219.1,220.86,220.01,False
PLT-OH1,MAT-004,2025-02-17,220.37,219.49,221.25,220.24,False
PLT-OH1,MAT-004,2025-02-24,222.55,221.67,223.43,223.0,False
PLT-OH1,MAT-004,2025-03-03,230.94,230.06,231.82,230.97,False
PLT-OH1,MAT-004,2025-03-10,225.05,224.18,225.93,224.8,False
PLT-OH1,MAT-004,2025-03-17,227.49,226.61,228.37,225.53,False
PLT-OH1,MAT-004,2025-03-24,227.91,227.03,228.78,227.99,False
PLT-OH1,MAT-004,2025-03-31,227.88,227.0,228.76,247.49,False
PLT-OH1,MAT-004,2025-04-07,226.34,225.46,227.21,,True
PLT-OH1,MAT-004,2025-04-14,227.51,226.27,228.76,,True
PLT-OH1,MAT-004,2025-04-21,226.63,225.11,228.15,,True
PLT-OH1,MAT-004,2025-04-28,227.37,225.61,229.12,,True
PLT-OH1,MAT-004,2025-05-05,227.59,225.63,229.56,,True
PLT-OH1,MAT-004,2025-05-12,226.63,224.47,228.78,,True
PLT-OH1,MAT-004,2025-05-19,227.37,225.04,229.69,,True
PLT-OH1,MAT-004,2025-05-26,227.59,225.11,230.08,,True
PLT-OH1,MAT-005,2024-12-30,37.93,37.66,38.19,38.02,False
PLT-OH1,MAT-005,2025-01-06,62.59,62.32,62.85,62.46,False
PLT-OH1,MAT-005,2025-01-13,63.47,63.21,63.73,63.59,False
PLT-OH1,MAT-005,2025-01-20,63.4,63.13,63.66,63.31,False
PLT-OH1,MAT-005,2025-01-27,63.72,63.46,63.98,63.7,False
PLT-OH1,MAT-005,2025-02-03,65.94,65.68,66.21,66.03,False
PLT-OH1,MAT-005,2025-02-10,65.99,65.73,66.26,66.0,False
PLT-OH1,MAT-005,2025-02-17,66.11,65.85,66.37,66.07,False
PLT-OH1,MAT-005,2025-02-24,66.76,66.5,67.03,66.9,False
PLT-OH1,MAT-005,2025-03-03,69.28,69.02,69.55,69.29,False
PLT-OH1,MAT-005,2025-03-10,67.52,67.25,67.78,67.44,False
PLT-OH1,MAT-005,2025-03-17,68.25,67.98,68.51,67.66,False
PLT-OH1,MAT-005,2025-03-24,68.37,68.11,68.64,68.4,False
PLT-OH1,MAT-005,2025-03-31,68.36,68.1,68.63,74.25,False
PLT-OH1,MAT-005,2025-04-07,67.9,67.64,68.16,,True
PLT-OH1,MAT-005,2025-04-14,68.25,67.88,68.63,,True
PLT-OH1,MAT-005,2025-04-21,67.99,67.53,68.45,,True
PLT-OH1,MAT-005,2025-04-28,68.21,67.68,68.74,,True
PLT-OH1,MAT-005,2025-05-05,68.28,67.69,68.87,,True
PLT-OH1,MAT-005,2025-05-12,67.99,67.34,68.63,,True
PLT-OH1,MAT-005,2025-05-19,68.21,67.51,68.91,,True
PLT-OH1,MAT-005,2025-05-26,68.28,67.53,69.02,,True
PLT-OH1,MAT-006,2024-12-30,12.64,12.55,12.73,12.67,False
PLT-OH1,MAT-006,2025-01-06,20.86,20.77,20.95,20.82,False
PLT-OH1,MAT-006,2025-01-13,21.16,21.07,21.24,21.2,False
PLT-OH1,MAT-006,2025-01-20,21.13,21.04,21.22,21.1,False
PLT-OH1,MAT-006,2025-01-27,21.24,21.15,21.33,21.23,False
PLT-OH1,MAT-006,2025-02-03,21.98,21.89,22.07,22.01,False
PLT-OH1,MAT-006,2025-02-10,22.0,21.91,22.09,22.0,False
PLT-OH1,MAT-006,2025-02-17,22.04,21.95,22.12,22.02,False
PLT-OH1,MAT-006,2025-02-24,22.25,22.17,22.34,22.3,False
PLT-OH1,MAT-006,2025-03-03,23.09,23.01,23.18,23.1,False
PLT-OH1,MAT-006,2025-03-10,22.51,22.42,22.59,22.48,False
PLT-OH1,MAT-006,2025-03-17,22.75,22.66,22.84,22.55,False
PLT-OH1,MAT-006,2025-03-24,22.79,22.7,22.88,22.8,False
PLT-OH1,MAT-006,2025-03-31,22.79,22.7,22.88,24.75,False
PLT-OH1,MAT-006,2025-04-07,22.63,22.55,22.72,,True
PLT-OH1,MAT-006,2025-04-14,22.75,22.63,22.88,,True
PLT-OH1,MAT-006,2025-04-21,22.66,22.51,22.82,,True
PLT-OH1,MAT-006,2025-04-28,22.74,22.56,22.91,,True
PLT-OH1,MAT-006,2025-05-05,22.76,22.56,22.96,,True
PLT-OH1,MAT-006,2025-05-12,22.66,22.45,22.88,,True
PLT-OH1,MAT-006,2025-05-19,22.74,22.5,22.97,,True
PLT-OH1,MAT-006,2025-05-26,22.76,22.51,23.01,,True
PLT-OH1,MAT-007,2024-12-30,18.96,18.83,19.09,19.01,False
PLT-OH1,MAT-007,2025-01-06,31.29,31.16,31.43,31.23,False
PLT-OH1,MAT-007,2025-01-13,31.73,31.6,31.87,31.79,False
PLT-OH1,MAT-007,2025-01-20,31.7,31.57,31.83,31.65,False
PLT-OH1,MAT-007,2025-01-27,31.86,31.73,31.99,31.85,False
PLT-OH1,MAT-007,2025-02-03,32.97,32.84,33.1,33.02,False
PLT-OH1,MAT-007,2025-02-10,33.0,32.87,33.13,33.0,False
PLT-OH1,MAT-007,2025-02-17,33.06,32.92,33.19,33.04,False
PLT-OH1,MAT-007,2025-02-24,33.38,33.25,33.51,33.45,False
PLT-OH1,MAT-007,2025-03-03,34.64,34.51,34.77,34.65,False
PLT-OH1,MAT-007,2025-03-10,33.76,33.63,33.89,33.72,False
PLT-OH1,MAT-007,2025-03-17,34.12,33.99,34.25,33.83,False
PLT-OH1,MAT-007,2025-03-24,34.19,34.05,34.32,34.2,False
PLT-OH1,MAT-007,2025-03-31,34.18,34.05,34.31,37.12,False
PLT-OH1,MAT-007,2025-04-07,33.95,33.82,34.08,,True
PLT-OH1,MAT-007,2025-04-14,34.13,33.94,34.31,,True
PLT-OH1,MAT-007,2025-04-21,33.99,33.77,34.22,,True
PLT-OH1,MAT-007,2025-04-28,34.11,33.84,34.37,,True
PLT-OH1,MAT-007,2025-05-05,34.14,33.84,34.43,,True
PLT-OH1,MAT-007,2025-05-12,33.99,33.67,34.32,,True
PLT-OH1,MAT-007,2025-05-19,34.11,33.76,34.45,,True
PLT-OH1,MAT-007,2025-05-26,34.14,33.77,34.51,,True
PLT-OH1,MAT-008,2024-12-30,6.32,6.28,6.36,6.34,False
PLT-OH1,MAT-008,2025-01-06,10.43,10.39,10.48,10.41,False
PLT-OH1,MAT-008,2025-01-13,10.58,10.53,10.62,10.6,False
PLT-OH1,MAT-008,2025-01-20,10.57,10.52,10.61,10.55,False
PLT-OH1,MAT-008,2025-01-27,10.62,10.58,10.66,10.62,False
PLT-OH1,MAT-008,2025-02-03,10.99,10.95,11.03,11.01,False
PLT-OH1,MAT-008,2025-02-10,11.0,10.96,11.04,11.0,False
PLT-OH1,MAT-008,2025-02-17,11.02,10.97,11.06,11.01,False
PLT-OH1,MAT-008,2025-02-24,11.13,11.08,11.17,11.15,False
PLT-OH1,MAT-008,2025-03-03,11.55,11.5,11.59,11.55,False
PLT-OH1,MAT-008,2025-03-10,11.25,11.21,11.3,11.24,False
PLT-OH1,MAT-008,2025-03-17,11.37,11.33,11.42,11.28,False
PLT-OH1,MAT-008,2025-03-24,11.4,11.35,11.44,11.4,False
PLT-OH1,MAT-008,2025-03-31,11.39,11.35,11.44,12.37,False
PLT-OH1,MAT-008,2025-04-07,11.32,11.27,11.36,,True
PLT-OH1,MAT-008,2025-04-14,11.38,11.31,11.44,,True
PLT-OH1,MAT-008,2025-04-21,11.33,11.26,11.41,,True
PLT-OH1,MAT-008,2025-04-28,11.37,11.28,11.46,,True
PLT-OH1,MAT-008,2025-05-05,11.38,11.28,11.48,,True
PLT-OH1,MAT-008,2025-05-12,11.33,11.22,11.44,,True
PLT-OH1,MAT-008,2025-05-19,11.37,11.25,11.48,,True
PLT-OH1,MAT-008,2025-05-26,11.38,11.26,11.5,,True
PLT-OH1,MAT-009,2024-12-30,6.32,6.28,6.36,6.34,False
PLT-OH1,MAT-009,2025-01-06,10.43,10.39,10.48,10.41,False
PLT-OH1,MAT-009,2025-01-13,10.58,10.53,10.62,10.6,False
PLT-OH1,MAT-009,2025-01-20,10.57,10.52,10.61,10.55,False
PLT-OH1,MAT-009,2025-01-27,10.62,10.58,10.66,10.62,False
PLT-OH1,MAT-009,2025-02-03,10.99,10.95,11.03,11.01,False
PLT-OH1,MAT-009,2025-02-10,11.0,10.96,11.04,11.0,False
PLT-OH1,MAT-009,2025-02-17,11.02,10.97,11.06,11.01,False
PLT-OH1,MAT-009,2025-02-24,11.13,11.08,11.17,11.15,False
PLT-OH1,MAT-009,2025-03-03,11.55,11.5,11.59,11.55,False
PLT-OH1,MAT-009,2025-03-10,11.25,11.21,11.3,11.24,False
PLT-OH1,MAT-009,2025-03-17,11.37,11.33,11.42,11.28,False
PLT-OH1,MAT-009,2025-03-24,11.4,11.35,11.44,11.4,False
PLT-OH1,MAT-009,2025-03-31,11.39,11.35,11.44,12.37,False
PLT-OH1,MAT-009,2025-04-07,11.32,11.27,11.36,,True
PLT-OH1,MAT-009,2025-04-14,11.38,11.31,11.44,,True
PLT-OH1,MAT-009,2025-04-21,11.33,11.26,11.41,,True
PLT-OH1,MAT-009,2025-04-28,11.37,11.28,11.46,,True
PLT-OH1,MAT-009,2025-05-05,11.38,11.28,11.48,,True
PLT-OH1,MAT-009,2025-05-12,11.33,11.22,11.44,,True
PLT-OH1,MAT-009,2025-05-19,11.37,11.25,11.48,,True
PLT-OH1,MAT-009,2025-05-26,11.38,11.26,11.5,,True
PLT-OH1,MAT-010,2024-12-30,3.16,3.14,3.18,3.17,False
PLT-OH1,MAT-010,2025-01-06,5.22,5.19,5.24,5.2,False
PLT-OH1,MAT-010,2025-01-13,5.29,5.27,5.31,5.3,False
PLT-OH1,MAT-010,2025-01-20,5.28,5.26,5.3,5.28,False
PLT-OH1,MAT-010,2025-01-27,5.31,5.29,5.33,5.31,False
PLT-OH1,MAT-010,2025-02-03,5.5,5.47,5.52,5.5,False
PLT-OH1,MAT-010,2025-02-10,5.5,5.48,5.52,5.5,False
PLT-OH1,MAT-010,2025-02-17,5.51,5.49,5.53,5.51,False
PLT-OH1,MAT-010,2025-02-24,5.56,5.54,5.59,5.57,False
PLT-OH1,MAT-010,2025-03-03,5.77,5.75,5.8,5.77,False
PLT-OH1,MAT-010,2025-03-10,5.63,5.6,5.65,5.62,False
PLT-OH1,MAT-010,2025-03-17,5.69,5.67,5.71,5.64,False
PLT-OH1,MAT-010,2025-03-24,5.7,5.68,5.72,5.7,False
PLT-OH1,MAT-010,2025-03-31,5.7,5.68,5.72,6.19,False
PLT-OH1,MAT-010,2025-04-07,5.66,5.64,5.68,,True
PLT-OH1,MAT-010,2025-04-14,5.69,5.66,5.72,,True
PLT-OH1,MAT-010,2025-04-21,5.67,5.63,5.7,,True
PLT-OH1,MAT-010,2025-04-28,5.68,5.64,5.73,,True
PLT-OH1,MAT-010,2025-05-05,5.69,5.64,5.74,,True
PLT-OH1,MAT-010,2025-05-12,5.67,5.61,5.72,,True
PLT-OH1,MAT-010,2025-05-19,5.68,5.63,5.74,,True
PLT-OH1,MAT-010,2025-05-26,5.69,5.63,5.75,,True
PLT-OH1,MAT-011,2024-12-30,12641.96,12553.96,12729.76,12673.2,False
PLT-OH1,MAT-011,2025-01-06,20862.26,20774.46,20950.26,20818.6,False
PLT-OH1,MAT-011,2025-01-13,21156.34,21068.54,21244.34,21195.6,False
PLT-OH1,MAT-011,2025-01-20,21131.94,21044.14,21219.94,21103.0,False
PLT-OH1,MAT-011,2025-01-27,21239.84,21152.04,21327.84,21234.8,False
PLT-OH1,MAT-011,2025-02-03,21980.4,21892.6,22068.4,22010.4,False
PLT-OH1,MAT-011,2025-02-10,21998.16,21910.16,22086.16,22001.2,False
PLT-OH1,MAT-011,2025-02-17,22037.08,21949.08,22124.88,22024.2,False
PLT-OH1,MAT-011,2025-02-24,22254.9,22167.1,22342.9,22299.6,False
PLT-OH1,MAT-011,2025-03-03,23094.22,23006.44,23182.02,23097.0,False
PLT-OH1,MAT-011,2025-03-10,22505.34,22417.76,22593.34,22479.8,False
PLT-OH1,MAT-011,2025-03-17,22748.64,22660.64,22836.64,22552.8,False
PLT-OH1,MAT-011,2025-03-24,22790.64,22702.64,22878.44,22799.2,False
PLT-OH1,MAT-011,2025-03-31,22788.04,22700.24,22875.82,24749.2,False
PLT-OH1,MAT-011,2025-04-07,22633.52,22545.52,22721.32,,True
PLT-OH1,MAT-011,2025-04-14,22751.28,22627.14,22875.64,,True
PLT-OH1,MAT-011,2025-04-21,22662.82,22510.62,22815.02,,True
PLT-OH1,MAT-011,2025-04-28,22736.74,22560.94,22912.32,,True
PLT-OH1,MAT-011,2025-05-05,22759.4,22562.78,22955.82,,True
PLT-OH1,MAT-011,2025-05-12,22662.82,22447.48,22878.16,,True
PLT-OH1,MAT-011,2025-05-19,22736.74,22503.98,22969.08,,True
PLT-OH1,MAT-011,2025-05-26,22759.4,22510.7,23007.9,,True
PLT-OH1,MAT-012,2024-12-30,12641.96,12553.96,12729.76,12673.2,False
PLT-OH1,MAT-012,2025-01-06,20862.26,20774.46,20950.26,20818.6,False
PLT-OH1,MAT-012,2025-01-13,21156.34,21068.54,21244.34,21195.6,False
PLT-OH1,MAT-012,2025-01-20,21131.94,21044.14,21219.94,21103.0,False
PLT-OH1,MAT-012,2025-01-27,21239.84,21152.04,21327.84,21234.8,False
PLT-OH1,MAT-012,2025-02-03,21980.4,21892.6,22068.4,22010.4,False
PLT-OH1,MAT-012,2025-02-10,21998.16,21910.16,22086.16,22001.2,False
PLT-OH1,MAT-012,2025-02-17,22037.08,21949.08,22124.88,22024.2,False
PLT-OH1,MAT-012,2025-02-24,22254.9,22167.1,22342.9,22299.6,False
PLT-OH1,MAT-012,2025-03-03,23094.22,23006.44,23182.02,23097.0,False
PLT-OH1,MAT-012,2025-03-10,22505.34,22417.76,22593.34,22479.8,False
PLT-OH1,MAT-012,2025-03-17,22748.64,22660.64,22836.64,22552.8,False
PLT-OH1,MAT-012,2025-03-24,22790.64,22702.64,22878.44,22799.2,False
PLT-OH1,MAT-012,2025-03-31,22788.04,22700.24,22875.82,24749.2,False
PLT-OH1,MAT-012,2025-04-07,22633.52,22545.52,22721.32,,True
PLT-OH1,MAT-012,2025-04-14,22751.28,22627.14,22875.64,,True
PLT-OH1,MAT-012,2025-04-21,22662.82,22510.62,22815.02,,True
PLT-OH1,MAT-012,2025-04-28,22736.74,22560.94,22912.32,,True
PLT-OH1,MAT-012,2025-05-05,22759.4,22562.78,22955.82,,True
PLT-OH1,MAT-012,2025-05-12,22662.82,22447.48,22878.16,,True
PLT-OH1,MAT-012,2025-05-19,22736.74,22503.98,22969.08,,True
PLT-OH1,MAT-012,2025-05-26,22759.4,22510.7,23007.9,,True
PLT-OH1,MAT-013,2024-12-30,6320.98,6276.98,6364.88,6336.6,False
PLT-OH1,MAT-013,2025-01-06,10431.13,10387.23,10475.13,10409.3,False
PLT-OH1,MAT-013,2025-01-13,10578.17,10534.27,10622.17,10597.8,False
PLT-OH1,MAT-013,2025-01-20,10565.97,10522.07,10609.97,10551.5,False
PLT-OH1,MAT-013,2025-01-27,10619.92,10576.02,10663.92,10617.4,False
PLT-OH1,MAT-013,2025-02-03,10990.2,10946.3,11034.2,11005.2,False
PLT-OH1,MAT-013,2025-02-10,10999.08,10955.08,11043.08,11000.6,False
PLT-OH1,MAT-013,2025-02-17,11018.54,10974.54,11062.44,11012.1,False
PLT-OH1,MAT-013,2025-02-24,11127.45,11083.55,11171.45,11149.8,False
PLT-OH1,MAT-013,2025-03-03,11547.11,11503.22,11591.01,11548.5,False
PLT-OH1,MAT-013,2025-03-10,11252.67,11208.88,11296.67,11239.9,False
PLT-OH1,MAT-013,2025-03-17,11374.32,11330.32,11418.32,11276.4,False
PLT-OH1,MAT-013,2025-03-24,11395.32,11351.32,11439.22,11399.6,False
PLT-OH1,MAT-013,2025-03-31,11394.02,11350.12,11437.91,12374.6,False
PLT-OH1,MAT-013,2025-04-07,11316.76,11272.76,11360.66,,True
PLT-OH1,MAT-013,2025-04-14,11375.64,11313.57,11437.82,,True
PLT-OH1,MAT-013,2025-04-21,11331.41,11255.31,11407.51,,True
PLT-OH1,MAT-013,2025-04-28,11368.37,11280.47,11456.16,,True
PLT-OH1,MAT-013,2025-05-05,11379.7,11281.39,11477.91,,True
PLT-OH1,MAT-013,2025-05-12,11331.41,11223.74,11439.08,,True
PLT-OH1,MAT-013,2025-05-19,11368.37,11251.99,11484.54,,True
PLT-OH1,MAT-013,2025-05-26,11379.7,11255.35,11503.95,,True
PLT-OH1,MAT-014,2024-12-30,6320.98,6276.98,6364.88,6336.6,False
PLT-OH1,MAT-014,2025-01-06,10431.13,10387.23,10475.13,10409.3,False
PLT-OH1,MAT-014,2025-01-13,10578.17,10534.27,10622.17,10597.8,False
PLT-OH1,MAT-014,2025-01-20,10565.97,10522.07,10609.97,10551.5,False
PLT-OH1,MAT-014,2025-01-27,10619.92,10576.02,10663.92,10617.4,False
PLT-OH1,MAT-014,2025-02-03,10990.2,10946.3,11034.2,11005.2,False
PLT-OH1,MAT-014,2025-02-10,10999.08,10955.08,11043.08,11000.6,False
PLT-OH1,MAT-014,2025-02-17,11018.54,10974.54,11062.44,11012.1,False
PLT-OH1,MAT-014,2025-02-24,11127.45,11083.55,11171.45,11149.8,False
PLT-OH1,MAT-014,2025-03-03,11547.11,11503.22,11591.01,11548.5,False
PLT-OH1,MAT-014,2025-03-10,11252.67,11208.88,11296.67,11239.9,False
PLT-OH1,MAT-014,2025-03-17,11374.32,11330.32,11418.32,11276.4,False
PLT-OH1,MAT-014,2025-03-24,11395.32,11351.32,11439.22,11399.6,False
PLT-OH1,MAT-014,2025-03-31,11394.02,11350.12,11437.91,12374.6,False
PLT-OH1,MAT-014,2025-04-07,11316.76,11272.76,11360.66,,True
PLT-OH1,MAT-014,2025-04-14,11375.64,11313.57,11437.82,,True
PLT-OH1,MAT-014,2025-04-21,11331.41,11255.31,11407.51,,True
PLT-OH1,MAT-014,2025-04-28,11368.37,11280.47,11456.16,,True
PLT-OH1,MAT-014,2025-05-05,11379.7,11281.39,11477.91,,True
PLT-OH1,MAT-014,2025-05-12,11331.41,11223.74,11439.08,,True
PLT-OH1,MAT-014,2025-05-19,11368.37,11251.99,11484.54,,True
PLT-OH1,MAT-014,2025-05-26,11379.7,11255.35,11503.95,,True
PLT-OH1,MAT-015,2024-12-30,6320.98,6276.98,6364.88,6336.6,False
PLT-OH1,MAT-015,2025-01-06,10431.13,10387.23,10475.13,10409.3,False
PLT-OH1,MAT-015,2025-01-13,10578.17,10534.27,10622.17,10597.8,False
PLT-OH1,MAT-015,2025-01-20,10565.97,10522.07,10609.97,10551.5,False
PLT-OH1,MAT-015,2025-01-27,10619.92,10576.02,10663.92,10617.4,False
PLT-OH1,MAT-015,2025-02-03,10990.2,10946.3,11034.2,11005.2,False
PLT-OH1,MAT-015,2025-02-10,10999.08,10955.08,11043.08,11000.6,False
PLT-OH1,MAT-015,2025-02-17,11018.54,10974.54,11062.44,11012.1,False
PLT-OH1,MAT-015,2025-02-24,11127.45,11083.55,11171.45,11149.8,False
PLT-OH1,MAT-015,2025-03-03,11547.11,11503.22,11591.01,11548.5,False
PLT-OH1,MAT-015,2025-03-10,11252.67,11208.88,11296.67,11239.9,False
PLT-OH1,MAT-015,2025-03-17,11374.32,11330.32,11418.32,11276.4,False
PLT-OH1,MAT-015,2025-03-24,11395.32,11351.32,11439.22,11399.6,False
PLT-OH1,MAT-015,2025-03-31,11394.02,11350.12,11437.91,12374.6,False
PLT-OH1,MAT-015,2025-04-07,11316.76,11272.76,11360.66,,True
PLT-OH1,MAT-015,2025-04-14,11375.64,11313.57,11437.82,,True
PLT-OH1,MAT-015,2025-04-21,11331.41,11255.31,11407.51,,True
PLT-OH1,MAT-015,2025-04-28,11368.37,11280.47,11456.16,,True
PLT-OH1,MAT-015,2025-05-05,11379.7,11281.39,11477.91,,True
PLT-OH1,MAT-015,2025-05-12,11331.41,11223.74,11439.08,,True
PLT-OH1,MAT-015,2025-05-19,11368.37,11251.99,11484.54,,True
PLT-OH1,MAT-015,2025-05-26,11379.7,11255.35,11503.95,,True
PLT-OH1,MAT-016,2024-12-30,6320.98,6276.98,6364.88,6336.6,False
PLT-OH1,MAT-016,2025-01-06,10431.13,10387.23,10475.13,10409.3,False
PLT-OH1,MAT-016,2025-01-13,10578.17,10534.27,10622.17,10597.8,False
PLT-OH1,MAT-016,2025-01-20,10565.97,10522.07,10609.97,10551.5,False
PLT-OH1,MAT-016,2025-01-27,10619.92,10576.02,10663.92,10617.4,False
PLT-OH1,MAT-016,2025-02-03,10990.2,10946.3,11034.2,11005.2,False
PLT-OH1,MAT-016,2025-02-10,10999.08,10955.08,11043.08,11000.6,False
PLT-OH1,MAT-016,2025-02-17,11018.54,10974.54,11062.44,11012.1,False
PLT-OH1,MAT-016,2025-02-24,11127.45,11083.55,11171.45,11149.8,False
PLT-OH1,MAT-016,2025-03-03,11547.11,11503.22,11591.01,11548.5,False
PLT-OH1,MAT-016,2025-03-10,11252.67,11208.88,11296.67,11239.9,False
PLT-OH1,MAT-016,2025-03-17,11374.32,11330.32,11418.32,11276.4,False
PLT-OH1,MAT-016,2025-03-24,11395.32,11351.32,11439.22,11399.6,False
PLT-OH1,MAT-016,2025-03-31,11394.02,11350.12,11437.91,12374.6,False
PLT-OH1,MAT-016,2025-04-07,11316.76,11272.76,11360.66,,True
PLT-OH1,MAT-016,2025-04-14,11375.64,11313.57,11437.82,,True
PLT-OH1,MAT-016,2025-04-21,11331.41,11255.31,11407.51,,True
PLT-OH1,MAT-016,2025-04-28,11368.37,11280.47,11456.16,,True
PLT-OH1,MAT-016,2025-05-05,11379.7,11281.39,11477.91,,True
PLT-OH1,MAT-016,2025-05-12,11331.41,11223.74,11439.08,,True
PLT-OH1,MAT-016,2025-05-19,11368.37,11251.99,11484.54,,True
PLT-OH1,MAT-016,2025-05-26,11379.7,11255.35,11503.95,,True
PLT-OH1,MAT-017,2024-12-30,6320.98,6276.98,6364.88,6336.6,False
PLT-OH1,MAT-017,2025-01-06,10431.13,10387.23,10475.13,10409.3,False
PLT-OH1,MAT-017,2025-01-13,10578.17,10534.27,10622.17,10597.8,False
PLT-OH1,MAT-017,2025-01-20,10565.97,10522.07,10609.97,10551.5,False
PLT-OH1,MAT-017,2025-01-27,10619.92,10576.02,10663.92,10617.4,False
PLT-OH1,MAT-017,2025-02-03,10990.2,10946.3,11034.2,11005.2,False
PLT-OH1,MAT-017,2025-02-10,10999.08,10955.08,11043.08,11000.6,False
PLT-OH1,MAT-017,2025-02-17,11018.54,10974.54,11062.44,11012.1,False
PLT-OH1,MAT-017,2025-02-24,11127.45,11083.55,11171.45,11149.8,False
PLT-OH1,MAT-017,2025-03-03,11547.11,11503.22,11591.01,11548.5,False
PLT-OH1,MAT-017,2025-03-10,11252.67,11208.88,11296.67,11239.9,False
PLT-OH1,MAT-017,2025-03-17,11374.32,11330.32,11418.32,11276.4,False
PLT-OH1,MAT-017,2025-03-24,11395.32,11351.32,11439.22,11399.6,False
PLT-OH1,MAT-017,2025-03-31,11394.02,11350.12,11437.91,12374.6,False
PLT-OH1,MAT-017,2025-04-07,11316.76,11272.76,11360.66,,True
PLT-OH1,MAT-017,2025-04-14,11375.64,11313.57,11437.82,,True
PLT-OH1,MAT-017,2025-04-21,11331.41,11255.31,11407.51,,True
PLT-OH1,MAT-017,2025-04-28,11368.37,11280.47,11456.16,,True
PLT-OH1,MAT-017,2025-05-05,11379.7,11281.39,11477.91,,True
PLT-OH1,MAT-017,2025-05-12,11331.41,11223.74,11439.08,,True
PLT-OH1,MAT-017,2025-05-19,11368.37,11251.99,11484.54,,True
PLT-OH1,MAT-017,2025-05-26,11379.7,11255.35,11503.95,,True
PLT-OH1,MAT-018,2024-12-30,31.6,31.38,31.82,31.68,False
PLT-OH1,MAT-018,2025-01-06,52.16,51.94,52.38,52.05,False
PLT-OH1,MAT-018,2025-01-13,52.89,52.67,53.11,52.99,False
PLT-OH1,MAT-018,2025-01-20,52.83,52.61,53.05,52.76,False
PLT-OH1,MAT-018,2025-01-27,53.1,52.88,53.32,53.09,False
PLT-OH1,MAT-018,2025-02-03,54.95,54.73,55.17,55.03,False
PLT-OH1,MAT-018,2025-02-10,55.0,54.78,55.22,55.0,False
PLT-OH1,MAT-018,2025-02-17,55.09,54.87,55.31,55.06,False
PLT-OH1,MAT-018,2025-02-24,55.64,55.42,55.86,55.75,False
PLT-OH1,MAT-018,2025-03-03,57.74,57.52,57.96,57.74,False
PLT-OH1,MAT-018,2025-03-10,56.26,56.04,56.48,56.2,False
PLT-OH1,MAT-018,2025-03-17,56.87,56.65,57.09,56.38,False
PLT-OH1,MAT-018,2025-03-24,56.98,56.76,57.2,57.0,False
PLT-OH1,MAT-018,2025-03-31,56.97,56.75,57.19,61.87,False
PLT-OH1,MAT-018,2025-04-07,56.58,56.36,56.8,,True
PLT-OH1,MAT-018,2025-04-14,56.88,56.57,57.19,,True
PLT-OH1,MAT-018,2025-04-21,56.66,56.28,57.04,,True
PLT-OH1,MAT-018,2025-04-28,56.84,56.4,57.28,,True
PLT-OH1,MAT-018,2025-05-05,56.9,56.41,57.39,,True
PLT-OH1,MAT-018,2025-05-12,56.66,56.12,57.2,,True
PLT-OH1,MAT-018,2025-05-19,56.84,56.26,57.42,,True
PLT-OH1,MAT-018,2025-05-26,56.9,56.28,57.52,,True
PLT-OH1,MAT-019,2024-12-30,18962.94,18830.94,19094.64,19009.8,False
PLT-OH1,MAT-019,2025-01-06,31293.39,31161.69,31425.39,31227.9,False
PLT-OH1,MAT-019,2025-01-13,31734.51,31602.81,31866.51,31793.4,False
PLT-OH1,MAT-019,2025-01-20,31697.91,31566.21,31829.91,31654.5,False
PLT-OH1,MAT-019,2025-01-27,31859.76,31728.06,31991.76,31852.2,False
PLT-OH1,MAT-019,2025-02-03,32970.6,32838.9,33102.6,33015.6,False
PLT-OH1,MAT-019,2025-02-10,32997.24,32865.24,33129.24,33001.8,False
PLT-OH1,MAT-019,2025-02-17,33055.62,32923.62,33187.32,33036.3,False
PLT-OH1,MAT-019,2025-02-24,33382.35,33250.65,33514.35,33449.4,False
PLT-OH1,MAT-019,2025-03-03,34641.33,34509.66,34773.03,34645.5,False
PLT-OH1,MAT-019,2025-03-10,33758.01,33626.64,33890.01,33719.7,False
PLT-OH1,MAT-019,2025-03-17,34122.96,33990.96,34254.96,33829.2,False
PLT-OH1,MAT-019,2025-03-24,34185.96,34053.96,34317.66,34198.8,False
PLT-OH1,MAT-019,2025-03-31,34182.06,34050.36,34313.73,37123.8,False
PLT-OH1,MAT-019,2025-04-07,33950.28,33818.28,34081.98,,True
PLT-OH1,MAT-019,2025-04-14,34126.92,33940.71,34313.46,,True
PLT-OH1,MAT-019,2025-04-21,33994.23,33765.93,34222.53,,True
PLT-OH1,MAT-019,2025-04-28,34105.11,33841.41,34368.48,,True
PLT-OH1,MAT-019,2025-05-05,34139.1,33844.17,34433.73,,True
PLT-OH1,MAT-019,2025-05-12,33994.23,33671.22,34317.24,,True
PLT-OH1,MAT-019,2025-05-19,34105.11,33755.97,34453.62,,True
PLT-OH1,MAT-019,2025-05-26,34139.1,33766.05,34511.85,,True
PLT-OH1,MAT-020,2024-12-30,15802.45,15692.45,15912.2,15841.5,False
PLT-OH1,MAT-020,2025-01-06,26077.83,25968.08,26187.83,26023.25,False
PLT-OH1,MAT-020,2025-01-13,26445.42,26335.67,26555.42,26494.5,False
PLT-OH1,MAT-020,2025-01-20,26414.92,26305.17,26524.92,26378.75,False
PLT-OH1,MAT-020,2025-01-27,26549.8,26440.05,26659.8,26543.5,False
PLT-OH1,MAT-020,2025-02-03,27475.5,27365.75,27585.5,27513.0,False
PLT-OH1,MAT-020,2025-02-10,27497.7,27387.7,27607.7,27501.5,False
PLT-OH1,MAT-020,2025-02-17,27546.35,27436.35,27656.1,27530.25,False
PLT-OH1,MAT-020,2025-02-24,27818.62,27708.88,27928.62,27874.5,False
PLT-OH1,MAT-020,2025-03-03,28867.78,28758.05,28977.53,28871.25,False
PLT-OH1,MAT-020,2025-03-10,28131.67,28022.2,28241.67,28099.75,False
PLT-OH1,MAT-020,2025-03-17,28435.8,28325.8,28545.8,28191.0,False
PLT-OH1,MAT-020,2025-03-24,28488.3,28378.3,28598.05,28499.0,False
PLT-OH1,MAT-020,2025-03-31,28485.05,28375.3,28594.78,30936.5,False
PLT-OH1,MAT-020,2025-04-07,28291.9,28181.9,28401.65,,True
PLT-OH1,MAT-020,2025-04-14,28439.1,28283.92,28594.55,,True
PLT-OH1,MAT-020,2025-04-21,28328.53,28138.28,28518.78,,True
PLT-OH1,MAT-020,2025-04-28,28420.92,28201.17,28640.4,,True
PLT-OH1,MAT-020,2025-05-05,28449.25,28203.47,28694.78,,True
PLT-OH1,MAT-020,2025-05-12,28328.53,28059.35,28597.7,,True
PLT-OH1,MAT-020,2025-05-19,28420.92,28129.97,28711.35,,True
PLT-OH1,MAT-020,2025-05-26,28449.25,28138.38,28759.88,,True
PLT-OH1,MAT-021,2024-12-30,11377.76,11298.56,11456.78,11405.88,False
PLT-OH1,MAT-021,2025-01-06,18776.03,18697.01,18855.23,18736.74,False
PLT-OH1,MAT-021,2025-01-13,19040.71,18961.69,19119.91,19076.04,False
PLT-OH1,MAT-021,2025-01-20,19018.75,18939.73,19097.95,18992.7,False
PLT-OH1,MAT-021,2025-01-27,19115.86,19036.84,19195.06,19111.32,False
PLT-OH1,MAT-021,2025-02-03,19782.36,19703.34,19861.56,19809.36,False
PLT-OH1,MAT-021,2025-02-10,19798.34,19719.14,19877.54,19801.08,False
PLT-OH1,MAT-021,2025-02-17,19833.37,19754.17,19912.39,19821.78,False
PLT-OH1,MAT-021,2025-02-24,20029.41,19950.39,20108.61,20069.64,False
PLT-OH1,MAT-021,2025-03-03,20784.8,20705.8,20863.82,20787.3,False
PLT-OH1,MAT-021,2025-03-10,20254.81,20175.98,20334.01,20231.82,False
PLT-OH1,MAT-021,2025-03-17,20473.78,20394.58,20552.98,20297.52,False
PLT-OH1,MAT-021,2025-03-24,20511.58,20432.38,20590.6,20519.28,False
PLT-OH1,MAT-021,2025-03-31,20509.24,20430.22,20588.24,22274.28,False
PLT-OH1,MAT-021,2025-04-07,20370.17,20290.97,20449.19,,True
PLT-OH1,MAT-021,2025-04-14,20476.15,20364.43,20588.08,,True
PLT-OH1,MAT-021,2025-04-21,20396.54,20259.56,20533.52,,True
PLT-OH1,MAT-021,2025-04-28,20463.07,20304.85,20621.09,,True
PLT-OH1,MAT-021,2025-05-05,20483.46,20306.5,20660.24,,True
PLT-OH1,MAT-021,2025-05-12,20396.54,20202.73,20590.34,,True
PLT-OH1,MAT-021,2025-05-19,20463.07,20253.58,20672.17,,True
PLT-OH1,MAT-021,2025-05-26,20483.46,20259.63,20707.11,,True
PLT-OH1,MAT-022,2024-12-30,50.57,50.22,50.92,50.69,False
PLT-OH1,MAT-022,2025-01-06,83.45,83.1,83.8,83.27,False
PLT-OH1,MAT-022,2025-01-13,84.63,84.27,84.98,84.78,False
PLT-OH1,MAT-022,2025-01-20,84.53,84.18,84.88,84.41,False
PLT-OH1,MAT-022,2025-01-27,84.96,84.61,85.31,84.94,False
PLT-OH1,MAT-022,2025-02-03,87.92,87.57,88.27,88.04,False
PLT-OH1,MAT-022,2025-02-10,87.99,87.64,88.34,88.0,False
PLT-OH1,MAT-022,2025-02-17,88.15,87.8,88.5,88.1,False
PLT-OH1,MAT-022,2025-02-24,89.02,88.67,89.37,89.2,False
PLT-OH1,MAT-022,2025-03-03,92.38,92.03,92.73,92.39,False
PLT-OH1,MAT-022,2025-03-10,90.02,89.67,90.37,89.92,False
PLT-OH1,MAT-022,2025-03-17,90.99,90.64,91.35,90.21,False
PLT-OH1,MAT-022,2025-03-24,91.16,90.81,91.51,91.2,False
PLT-OH1,MAT-022,2025-03-31,91.15,90.8,91.5,99.0,False
PLT-OH1,MAT-022,2025-04-07,90.53,90.18,90.89,,True
PLT-OH1,MAT-022,2025-04-14,91.01,90.51,91.5,,True
PLT-OH1,MAT-022,2025-04-21,90.65,90.04,91.26,,True
PLT-OH1,MAT-022,2025-04-28,90.95,90.24,91.65,,True
PLT-OH1,MAT-022,2025-05-05,91.04,90.25,91.82,,True
PLT-OH1,MAT-022,2025-05-12,90.65,89.79,91.51,,True
PLT-OH1,MAT-022,2025-05-19,90.95,90.02,91.88,,True
PLT-OH1,MAT-022,2025-05-26,91.04,90.04,92.03,,True
PLT-OH1,MAT-023,2024-12-30,94.81,94.15,95.47,95.05,False
PLT-OH1,MAT-023,2025-01-06,156.47,155.81,157.13,156.14,False
PLT-OH1,MAT-023,2025-01-13,158.67,158.01,159.33,158.97,False
PLT-OH1,MAT-023,2025-01-20,158.49,157.83,159.15,158.27,False
PLT-OH1,MAT-023,2025-01-27,159.3,158.64,159.96,159.26,False
PLT-OH1,MAT-023,2025-02-03,164.85,164.19,165.51,165.08,False
PLT-OH1,MAT-023,2025-02-10,164.99,164.33,165.65,165.01,False
PLT-OH1,MAT-023,2025-02-17,165.28,164.62,165.94,165.18,False
PLT-OH1,MAT-023,2025-02-24,166.91,166.25,167.57,167.25,False
PLT-OH1,MAT-023,2025-03-03,173.21,172.55,173.87,173.23,False
PLT-OH1,MAT-023,2025-03-10,168.79,168.13,169.45,168.6,False
PLT-OH1,MAT-023,2025-03-17,170.61,169.95,171.27,169.15,False
PLT-OH1,MAT-023,2025-03-24,170.93,170.27,171.59,170.99,False
PLT-OH1,MAT-023,2025-03-31,170.91,170.25,171.57,185.62,False
PLT-OH1,MAT-023,2025-04-07,169.75,169.09,170.41,,True
PLT-OH1,MAT-023,2025-04-14,170.63,169.7,171.57,,True
PLT-OH1,MAT-023,2025-04-21,169.97,168.83,171.11,,True
PLT-OH1,MAT-023,2025-04-28,170.53,169.21,171.84,,True
PLT-OH1,MAT-023,2025-05-05,170.7,169.22,172.17,,True
PLT-OH1,MAT-023,2025-05-12,169.97,168.36,171.59,,True
PLT-OH1,MAT-023,2025-05-19,170.53,168.78,172.27,,True
PLT-OH1,MAT-023,2025-05-26,170.7,168.83,172.56,,True
PLT-OH1,MAT-024,2024-12-30,12.64,12.55,12.73,12.67,False
PLT-OH1,MAT-024,2025-01-06,20.86,20.77,20.95,20.82,False
PLT-OH1,MAT-024,2025-01-13,21.16,21.07,21.24,21.2,False
PLT-OH1,MAT-024,2025-01-20,21.13,21.04,21.22,21.1,False
PLT-OH1,MAT-024,2025-01-27,21.24,21.15,21.33,21.23,False
PLT-OH1,MAT-024,2025-02-03,21.98,21.89,22.07,22.01,False
PLT-OH1,MAT-024,2025-02-10,22.0,21.91,22.09,22.0,False
PLT-OH1,MAT-024,2025-02-17,22.04,21.95,22.12,22.02,False
PLT-OH1,MAT-024,2025-02-24,22.25,22.17,22.34,22.3,False
PLT-OH1,MAT-024,2025-03-03,23.09,23.01,23.18,23.1,False
PLT-OH1,MAT-024,2025-03-10,22.51,22.42,22.59,22.48,False
PLT-OH1,MAT-024,2025-03-17,22.75,22.66,22.84,22.55,False
PLT-OH1,MAT-024,2025-03-24,22.79,22.7,22.88,22.8,False
PLT-OH1,MAT-024,2025-03-31,22.79,22.7,22.88,24.75,False
PLT-OH1,MAT-024,2025-04-07,22.63,22.55,22.72,,True
PLT-OH1,MAT-024,2025-04-14,22.75,22.63,22.88,,True
PLT-OH1,MAT-024,2025-04-21,22.66,22.51,22.82,,True
PLT-OH1,MAT-024,2025-04-28,22.74,22.56,22.91,,True
PLT-OH1,MAT-024,2025-05-05,22.76,22.56,22.96,,True
PLT-OH1,MAT-024,2025-05-12,22.66,22.45,22.88,,True
PLT-OH1,MAT-024,2025-05-19,22.74,22.5,22.97,,True
PLT-OH1,MAT-024,2025-05-26,22.76,22.51,23.01,,True
PLT-OH1,MAT-025,2024-12-30,6.32,6.28,6.36,6.34,False
PLT-OH1,MAT-025,2025-01-06,10.43,10.39,10.48,10.41,False
PLT-OH1,MAT-025,2025-01-13,10.58,10.53,10.62,10.6,False
PLT-OH1,MAT-025,2025-01-20,10.57,10.52,10.61,10.55,False
PLT-OH1,MAT-025,2025-01-27,10.62,10.58,10.66,10.62,False
PLT-OH1,MAT-025,2025-02-03,10.99,10.95,11.03,11.01,False
PLT-OH1,MAT-025,2025-02-10,11.0,10.96,11.04,11.0,False
PLT-OH1,MAT-025,2025-02-17,11.02,10.97,11.06,11.01,False
PLT-OH1,MAT-025,2025-02-24,11.13,11.08,11.17,11.15,False
PLT-OH1,MAT-025,2025-03-03,11.55,11.5,11.59,11.55,False
PLT-OH1,MAT-025,2025-03-10,11.25,11.21,11.3,11.24,False
PLT-OH1,MAT-025,2025-03-17,11.37,11.33,11.42,11.28,False
PLT-OH1,MAT-025,2025-03-24,11.4,11.35,11.44,11.4,False
PLT-OH1,MAT-025,2025-03-31,11.39,11.35,11.44,12.37,False
PLT-OH1,MAT-025,2025-04-07,11.32,11.27,11.36,,True
PLT-OH1,MAT-025,2025-04-14,11.38,11.31,11.44,,True
PLT-OH1,MAT-025,2025-04-21,11.33,11.26,11.41,,True
PLT-OH1,MAT-025,2025-04-28,11.37,11.28,11.46,,True
PLT-OH1,MAT-025,2025-05-05,11.38,11.28,11.48,,True
PLT-OH1,MAT-025,2025-05-12,11.33,11.22,11.44,,True
PLT-OH1,MAT-025,2025-05-19,11.37,11.25,11.48,,True
PLT-OH1,MAT-025,2025-05-26,11.38,11.26,11.5,,True
PLT-OH1,MAT-027,2024-12-30,12.64,12.55,12.73,12.67,False
PLT-OH1,MAT-027,2025-01-06,20.86,20.77,20.95,20.82,False
PLT-OH1,MAT-027,2025-01-13,21.16,21.07,21.24,21.2,False
PLT-OH1,MAT-027,2025-01-20,21.13,21.04,21.22,21.1,False
PLT-OH1,MAT-027,2025-01-27,21.24,21.15,21.33,21.23,False
PLT-OH1,MAT-027,2025-02-03,21.98,21.89,22.07,22.01,False
PLT-OH1,MAT-027,2025-02-10,22.0,21.91,22.09,22.0,False
PLT-OH1,MAT-027,2025-02-17,22.04,21.95,22.12,22.02,False
PLT-OH1,MAT-027,2025-02-24,22.25,22.17,22.34,22.3,False
PLT-OH1,MAT-027,2025-03-03,23.09,23.01,23.18,23.1,False
PLT-OH1,MAT-027,2025-03-10,22.51,22.42,22.59,22.48,False
PLT-OH1,MAT-027,2025-03-17,22.75,22.66,22.84,22.55,False
PLT-OH1,MAT-027,2025-03-24,22.79,22.7,22.88,22.8,False
PLT-OH1,MAT-027,2025-03-31,22.79,22.7,22.88,24.75,False
PLT-OH1,MAT-027,2025-04-07,22.63,22.55,22.72,,True
PLT-OH1,MAT-027,2025-04-14,22.75,22.63,22.88,,True
PLT-OH1,MAT-027,2025-04-21,22.66,22.51,22.82,,True
PLT-OH1,MAT-027,2025-04-28,22.74,22.56,22.91,,True
PLT-OH1,MAT-027,2025-05-05,22.76,22.56,22.96,,True
PLT-OH1,MAT-027,2025-05-12,22.66,22.45,22.88,,True
PLT-OH1,MAT-027,2025-05-19,22.74,22.5,22.97,,True
PLT-OH1,MAT-027,2025-05-26,22.76,22.51,23.01,,True
PLT-OH1,MAT-028,2024-12-30,252.84,251.08,254.6,253.46,False
PLT-OH1,MAT-028,2025-01-06,417.25,415.49,419.01,416.37,False
PLT-OH1,MAT-028,2025-01-13,423.13,421.37,424.89,423.91,False
PLT-OH1,MAT-028,2025-01-20,422.64,420.88,424.4,422.06,False
PLT-OH1,MAT-028,2025-01-27,424.8,423.04,426.56,424.7,False
PLT-OH1,MAT-028,2025-02-03,439.61,437.85,441.37,440.21,False
PLT-OH1,MAT-028,2025-02-10,439.96,438.2,441.72,440.02,False
PLT-OH1,MAT-028,2025-02-17,440.74,438.98,442.5,440.48,False
PLT-OH1,MAT-028,2025-02-24,445.1,443.34,446.86,445.99,False
PLT-OH1,MAT-028,2025-03-03,461.88,460.13,463.64,461.94,False
PLT-OH1,MAT-028,2025-03-10,450.11,448.36,451.87,449.6,False
PLT-OH1,MAT-028,2025-03-17,454.97,453.21,456.73,451.06,False
PLT-OH1,MAT-028,2025-03-24,455.81,454.05,457.57,455.98,False
PLT-OH1,MAT-028,2025-03-31,455.76,454.0,457.52,494.98,False
PLT-OH1,MAT-028,2025-04-07,452.67,450.91,454.43,,True
PLT-OH1,MAT-028,2025-04-14,455.03,452.54,457.51,,True
PLT-OH1,MAT-028,2025-04-21,453.26,450.21,456.3,,True
PLT-OH1,MAT-028,2025-04-28,454.73,451.22,458.25,,True
PLT-OH1,MAT-028,2025-05-05,455.19,451.26,459.12,,True
PLT-OH1,MAT-028,2025-05-12,453.26,448.95,457.56,,True
PLT-OH1,MAT-028,2025-05-19,454.73,450.08,459.38,,True
PLT-OH1,MAT-028,2025-05-26,455.19,450.21,460.16,,True
PLT-OH1,MAT-029,2024-12-30,6320.98,6276.98,6364.88,6336.6,False
PLT-OH1,MAT-029,2025-01-06,10431.13,10387.23,10475.13,10409.3,False
PLT-OH1,MAT-029,2025-01-13,10578.17,10534.27,10622.17,10597.8,False
PLT-OH1,MAT-029,2025-01-20,10565.97,10522.07,10609.97,10551.5,False
PLT-OH1,MAT-029,2025-01-27,10619.92,10576.02,10663.92,10617.4,False
PLT-OH1,MAT-029,2025-02-03,10990.2,10946.3,11034.2,11005.2,False
PLT-OH1,MAT-029,2025-02-10,10999.08,10955.08,11043.08,11000.6,False
PLT-OH1,MAT-029,2025-02-17,11018.54,10974.54,11062.44,11012.1,False
PLT-OH1,MAT-029,2025-02-24,11127.45,11083.55,11171.45,11149.8,False
PLT-OH1,MAT-029,2025-03-03,11547.11,11503.22,11591.01,11548.5,False
PLT-OH1,MAT-029,2025-03-10,11252.67,11208.88,11296.67,11239.9,False
PLT-OH1,MAT-029,2025-03-17,11374.32,11330.32,11418.32,11276.4,False
PLT-OH1,MAT-029,2025-03-24,11395.32,11351.32,11439.22,11399.6,False
PLT-OH1,MAT-029,2025-03-31,11394.02,11350.12,11437.91,12374.6,False
PLT-OH1,MAT-029,2025-04-07,11316.76,11272.76,11360.66,,True
PLT-OH1,MAT-029,2025-04-14,11375.64,11313.57,11437.82,,True
PLT-OH1,MAT-029,2025-04-21,11331.41,11255.31,11407.51,,True
PLT-OH1,MAT-029,2025-04-28,11368.37,11280.47,11456.16,,True
PLT-OH1,MAT-029,2025-05-05,11379.7,11281.39,11477.91,,True
PLT-OH1,MAT-029,2025-05-12,11331.41,11223.74,11439.08,,True
PLT-OH1,MAT-029,2025-05-19,11368.37,11251.99,11484.54,,True
PLT-OH1,MAT-029,2025-05-26,11379.7,11255.35,11503.95,,True
PLT-OH1,MAT-030,2024-12-30,12.64,12.55,12.73,12.67,False
PLT-OH1,MAT-030,2025-01-06,20.86,20.77,20.95,20.82,False
PLT-OH1,MAT-030,2025-01-13,21.16,21.07,21.24,21.2,False
PLT-OH1,MAT-030,2025-01-20,21.13,21.04,21.22,21.1,False
PLT-OH1,MAT-030,2025-01-27,21.24,21.15,21.33,21.23,False
PLT-OH1,MAT-030,2025-02-03,21.98,21.89,22.07,22.01,False
PLT-OH1,MAT-030,2025-02-10,22.0,21.91,22.09,22.0,False
PLT-OH1,MAT-030,2025-02-17,22.04,21.95,22.12,22.02,False
PLT-OH1,MAT-030,2025-02-24,22.25,22.17,22.34,22.3,False
PLT-OH1,MAT-030,2025-03-03,23.09,23.01,23.18,23.1,False
PLT-OH1,MAT-030,2025-03-10,22.51,22.42,22.59,22.48,False
PLT-OH1,MAT-030,2025-03-17,22.75,22.66,22.84,22.55,False
PLT-OH1,MAT-030,2025-03-24,22.79,22.7,22.88,22.8,False
PLT-OH1,MAT-030,2025-03-31,22.79,22.7,22.88,24.75,False
PLT-OH1,MAT-030,2025-04-07,22.63,22.55,22.72,,True
PLT-OH1,MAT-030,2025-04-14,22.75,22.63,22.88,,True
PLT-OH1,MAT-030,2025-04-21,22.66,22.51,22.82,,True
PLT-OH1,MAT-030,2025-04-28,22.74,22.56,22.91,,True
PLT-OH1,MAT-030,2025-05-05,22.76,22.56,22.96,,True
PLT-OH1,MAT-030,2025-05-12,22.66,22.45,22.88,,True
PLT-OH1,MAT-030,2025-05-19,22.74,22.5,22.97,,True
PLT-OH1,MAT-030,2025-05-26,22.76,22.51,23.01,,True
PLT-OH1,MAT-031,2024-12-30,18.96,18.83,19.09,19.01,False
PLT-OH1,MAT-031,2025-01-06,31.29,31.16,31.43,31.23,False
PLT-OH1,MAT-031,2025-01-13,31.73,31.6,31.87,31.79,False
PLT-OH1,MAT-031,2025-01-20,31.7,31.57,31.83,31.65,False
PLT-OH1,MAT-031,2025-01-27,31.86,31.73,31.99,31.85,False
PLT-OH1,MAT-031,2025-02-03,32.97,32.84,33.1,33.02,False
PLT-OH1,MAT-031,2025-02-10,33.0,32.87,33.13,33.0,False
PLT-OH1,MAT-031,2025-02-17,33.06,32.92,33.19,33.04,False
PLT-OH1,MAT-031,2025-02-24,33.38,33.25,33.51,33.45,False
PLT-OH1,MAT-031,2025-03-03,34.64,34.51,34.77,34.65,False
PLT-OH1,MAT-031,2025-03-10,33.76,33.63,33.89,33.72,False
PLT-OH1,MAT-031,2025-03-17,34.12,33.99,34.25,33.83,False
PLT-OH1,MAT-031,2025-03-24,34.19,34.05,34.32,34.2,False
PLT-OH1,MAT-031,2025-03-31,34.18,34.05,34.31,37.12,False
PLT-OH1,MAT-031,2025-04-07,33.95,33.82,34.08,,True
PLT-OH1,MAT-031,2025-04-14,34.13,33.94,34.31,,True
PLT-OH1,MAT-031,2025-04-21,33.99,33.77,34.22,,True
PLT-OH1,MAT-031,2025-04-28,34.11,33.84,34.37,,True
PLT-OH1,MAT-031,2025-05-05,34.14,33.84,34.43,,True
PLT-OH1,MAT-031,2025-05-12,33.99,33.67,34.32,,True
PLT-OH1,MAT-031,2025-05-19,34.11,33.76,34.45,,True
PLT-OH1,MAT-031,2025-05-26,34.14,33.77,34.51,,True
PLT-OH1,MAT-032,2024-12-30,6320.98,6276.98,6364.88,6336.6,False
PLT-OH1,MAT-032,2025-01-06,10431.13,10387.23,10475.13,10409.3,False
PLT-OH1,MAT-032,2025-01-13,10578.17,10534.27,10622.17,10597.8,False
PLT-OH1,MAT-032,2025-01-20,10565.97,10522.07,10609.97,10551.5,False
PLT-OH1,MAT-032,2025-01-27,10619.92,10576.02,10663.92,10617.4,False
PLT-OH1,MAT-032,2025-02-03,10990.2,10946.3,11034.2,11005.2,False
PLT-OH1,MAT-032,2025-02-10,10999.08,10955.08,11043.08,11000.6,False
PLT-OH1,MAT-032,2025-02-17,11018.54,10974.54,11062.44,11012.1,False
PLT-OH1,MAT-032,2025-02-24,11127.45,11083.55,11171.45,11149.8,False
PLT-OH1,MAT-032,2025-03-03,11547.11,11503.22,11591.01,11548.5,False
PLT-OH1,MAT-032,2025-03-10,11252.67,11208.88,11296.67,11239.9,False
PLT-OH1,MAT-032,2025-03-17,11374.32,11330.32,11418.32,11276.4,False
PLT-OH1,MAT-032,2025-03-24,11395.32,11351.32,11439.22,11399.6,False
PLT-OH1,MAT-032,2025-03-31,11394.02,11350.12,11437.91,12374.6,False
PLT-OH1,MAT-032,2025-04-07,11316.76,11272.76,11360.66,,True
PLT-OH1,MAT-032,2025-04-14,11375.64,11313.57,11437.82,,True
PLT-OH1,MAT-032,2025-04-21,11331.41,11255.31,11407.51,,True
PLT-OH1,MAT-032,2025-04-28,11368.37,11280.47,11456.16,,True
PLT-OH1,MAT-032,2025-05-05,11379.7,11281.39,11477.91,,True
PLT-OH1,MAT-032,2025-05-12,11331.41,11223.74,11439.08,,True
PLT-OH1,MAT-032,2025-05-19,11368.37,11251.99,11484.54,,True
PLT-OH1,MAT-032,2025-05-26,11379.7,11255.35,11503.95,,True
PLT-OH1,MAT-038,2024-12-30,18.96,18.83,19.09,19.01,False
PLT-OH1,MAT-038,2025-01-06,31.29,31.16,31.43,31.23,False
PLT-OH1,MAT-038,2025-01-13,31.73,31.6,31.87,31.79,False
PLT-OH1,MAT-038,2025-01-20,31.7,31.57,31.83,31.65,False
PLT-OH1,MAT-038,2025-01-27,31.86,31.73,31.99,31.85,False
PLT-OH1,MAT-038,2025-02-03,32.97,32.84,33.1,33.02,False
PLT-OH1,MAT-038,2025-02-10,33.0,32.87,33.13,33.0,False
PLT-OH1,MAT-038,2025-02-17,33.06,32.92,33.19,33.04,False
PLT-OH1,MAT-038,2025-02-24,33.38,33.25,33.51,33.45,False
PLT-OH1,MAT-038,2025-03-03,34.64,34.51,34.77,34.65,False
PLT-OH1,MAT-038,2025-03-10,33.76,33.63,33.89,33.72,False
PLT-OH1,MAT-038,2025-03-17,34.12,33.99,34.25,33.83,False
PLT-OH1,MAT-038,2025-03-24,34.19,34.05,34.32,34.2,False
PLT-OH1,MAT-038,2025-03-31,34.18,34.05,34.31,37.12,False
PLT-OH1,MAT-038,2025-04-07,33.95,33.82,34.08,,True
PLT-OH1,MAT-038,2025-04-14,34.13,33.94,34.31,,True
PLT-OH1,MAT-038,2025-04-21,33.99,33.77,34.22,,True
PLT-OH1,MAT-038,2025-04-28,34.11,33.84,34.37,,True
PLT-OH1,MAT-038,2025-05-05,34.14,33.84,34.43,,True
PLT-OH1,MAT-038,2025-05-12,33.99,33.67,34.32,,True
PLT-OH1,MAT-038,2025-05-19,34.11,33.76,34.45,,True
PLT-OH1,MAT-038,2025-05-26,34.14,33.77,34.51,,True
PLT-OH1,MAT-039,2024-12-30,12.64,12.55,12.73,12.67,False
PLT-OH1,MAT-039,2025-01-06,20.86,20.77,20.95,20.82,False
PLT-OH1,MAT-039,2025-01-13,21.16,21.07,21.24,21.2,False
PLT-OH1,MAT-039,2025-01-20,21.13,21.04,21.22,21.1,False
PLT-OH1,MAT-039,2025-01-27,21.24,21.15,21.33,21.23,False
PLT-OH1,MAT-039,2025-02-03,21.98,21.89,22.07,22.01,False
PLT-OH1,MAT-039,2025-02-10,22.0,21.91,22.09,22.0,False
PLT-OH1,MAT-039,2025-02-17,22.04,21.95,22.12,22.02,False
PLT-OH1,MAT-039,2025-02-24,22.25,22.17,22.34,22.3,False
PLT-OH1,MAT-039,2025-03-03,23.09,23.01,23.18,23.1,False
PLT-OH1,MAT-039,2025-03-10,22.51,22.42,22.59,22.48,False
PLT-OH1,MAT-039,2025-03-17,22.75,22.66,22.84,22.55,False
PLT-OH1,MAT-039,2025-03-24,22.79,22.7,22.88,22.8,False
PLT-OH1,MAT-039,2025-03-31,22.79,22.7,22.88,24.75,False
PLT-OH1,MAT-039,2025-04-07,22.63,22.55,22.72,,True
PLT-OH1,MAT-039,2025-04-14,22.75,22.63,22.88,,True
PLT-OH1,MAT-039,2025-04-21,22.66,22.51,22.82,,True
PLT-OH1,MAT-039,2025-04-28,22.74,22.56,22.91,,True
PLT-OH1,MAT-039,2025-05-05,22.76,22.56,22.96,,True
PLT-OH1,MAT-039,2025-05-12,22.66,22.45,22.88,,True
PLT-OH1,MAT-039,2025-05-19,22.74,22.5,22.97,,True
PLT-OH1,MAT-039,2025-05-26,22.76,22.51,23.01,,True
PLT-OH1,MAT-040,2024-12-30,3160.49,3138.49,3182.44,3168.3,False
PLT-OH1,MAT-040,2025-01-06,5215.57,5193.62,5237.57,5204.65,False
PLT-OH1,MAT-040,2025-01-13,5289.09,5267.14,5311.09,5298.9,False
PLT-OH1,MAT-040,2025-01-20,5282.99,5261.03,5304.99,5275.75,False
PLT-OH1,MAT-040,2025-01-27,5309.96,5288.01,5331.96,5308.7,False
PLT-OH1,MAT-040,2025-02-03,5495.1,5473.15,5517.1,5502.6,False
PLT-OH1,MAT-040,2025-02-10,5499.54,5477.54,5521.54,5500.3,False
PLT-OH1,MAT-040,2025-02-17,5509.27,5487.27,5531.22,5506.05,False
PLT-OH1,MAT-040,2025-02-24,5563.73,5541.78,5585.73,5574.9,False
PLT-OH1,MAT-040,2025-03-03,5773.56,5751.61,5795.51,5774.25,False
PLT-OH1,MAT-040,2025-03-10,5626.34,5604.44,5648.34,5619.95,False
PLT-OH1,MAT-040,2025-03-17,5687.16,5665.16,5709.16,5638.2,False
PLT-OH1,MAT-040,2025-03-24,5697.66,5675.66,5719.61,5699.8,False
PLT-OH1,MAT-040,2025-03-31,5697.01,5675.06,5718.95,6187.3,False
PLT-OH1,MAT-040,2025-04-07,5658.38,5636.38,5680.33,,True
PLT-OH1,MAT-040,2025-04-14,5687.82,5656.78,5718.91,,True
PLT-OH1,MAT-040,2025-04-21,5665.7,5627.66,5703.76,,True
PLT-OH1,MAT-040,2025-04-28,5684.19,5640.24,5728.08,,True
PLT-OH1,MAT-040,2025-05-05,5689.85,5640.69,5738.96,,True
PLT-OH1,MAT-040,2025-05-12,5665.7,5611.87,5719.54,,True
PLT-OH1,MAT-040,2025-05-19,5684.19,5625.99,5742.27,,True
PLT-OH1,MAT-040,2025-05-26,5689.85,5627.68,5751.98,,True
PLT-OH1,MAT-047,2024-12-30,6320.98,6276.98,6364.88,6336.6,False
PLT-OH1,MAT-047,2025-01-06,10431.13,10387.23,10475.13,10409.3,False
PLT-OH1,MAT-047,2025-01-13,10578.17,10534.27,10622.17,10597.8,False
PLT-OH1,MAT-047,2025-01-20,10565.97,10522.07,10609.97,10551.5,False
PLT-OH1,MAT-047,2025-01-27,10619.92,10576.02,10663.92,10617.4,False
PLT-OH1,MAT-047,2025-02-03,10990.2,10946.3,11034.2,11005.2,False
PLT-OH1,MAT-047,2025-02-10,10999.08,10955.08,11043.08,11000.6,False
PLT-OH1,MAT-047,2025-02-17,11018.54,10974.54,11062.44,11012.1,False
PLT-OH1,MAT-047,2025-02-24,11127.45,11083.55,11171.45,11149.8,False
PLT-OH1,MAT-047,2025-03-03,11547.11,11503.22,11591.01,11548.5,False
PLT-OH1,MAT-047,2025-03-10,11252.67,11208.88,11296.67,11239.9,False
PLT-OH1,MAT-047,2025-03-17,11374.32,11330.32,11418.32,11276.4,False
PLT-OH1,MAT-047,2025-03-24,11395.32,11351.32,11439.22,11399.6,False
PLT-OH1,MAT-047,2025-03-31,11394.02,11350.12,11437.91,12374.6,False
PLT-OH1,MAT-047,2025-04-07,11316.76,11272.76,11360.66,,True
PLT-OH1,MAT-047,2025-04-14,11375.64,11313.57,11437.82,,True
PLT-OH1,MAT-047,2025-04-21,11331.41,11255.31,11407.51,,True
PLT-OH1,MAT-047,2025-04-28,11368.37,11280.47,11456.16,,True
PLT-OH1,MAT-047,2025-05-05,11379.7,11281.39,11477.91,,True
PLT-OH1,MAT-047,2025-05-12,11331.41,11223.74,11439.08,,True
PLT-OH1,MAT-047,2025-05-19,11368.37,11251.99,11484.54,,True
PLT-OH1,MAT-047,2025-05-26,11379.7,11255.35,11503.95,,True
PLT-OH1,MAT-048,2024-12-30,6320.98,6276.98,6364.88,6336.6,False
PLT-OH1,MAT-048,2025-01-06,10431.13,10387.23,10475.13,10409.3,False
PLT-OH1,MAT-048,2025-01-13,10578.17,10534.27,10622.17,10597.8,False
PLT-OH1,MAT-048,2025-01-20,10565.97,10522.07,10609.97,10551.5,False
PLT-OH1,MAT-048,2025-01-27,10619.92,10576.02,10663.92,10617.4,False
PLT-OH1,MAT-048,2025-02-03,10990.2,10946.3,11034.2,11005.2,False
PLT-OH1,MAT-048,2025-02-10,10999.08,10955.08,11043.08,11000.6,False
PLT-OH1,MAT-048,2025-02-17,11018.54,10974.54,11062.44,11012.1,False
PLT-OH1,MAT-048,2025-02-24,11127.45,11083.55,11171.45,11149.8,False
PLT-OH1,MAT-048,2025-03-03,11547.11,11503.22,11591.01,11548.5,False
PLT-OH1,MAT-048,2025-03-10,11252.67,11208.88,11296.67,11239.9,False
PLT-OH1,MAT-048,2025-03-17,11374.32,11330.32,11418.32,11276.4,False
PLT-OH1,MAT-048,2025-03-24,11395.32,11351.32,11439.22,11399.6,False
PLT-OH1,MAT-048,2025-03-31,11394.02,11350.12,11437.91,12374.6,False
PLT-OH1,MAT-048,2025-04-07,11316.76,11272.76,11360.66,,True
PLT-OH1,MAT-048,2025-04-14,11375.64,11313.57,11437.82,,True
PLT-OH1,MAT-048,2025-04-21,11331.41,11255.31,11407.51,,True
PLT-OH1,MAT-048,2025-04-28,11368.37,11280.47,11456.16,,True
PLT-OH1,MAT-048,2025-05-05,11379.7,11281.39,11477.91,,True
PLT-OH1,MAT-048,2025-05-12,11331.41,11223.74,11439.08,,True
PLT-OH1,MAT-048,2025-05-19,11368.37,11251.99,11484.54,,True
PLT-OH1,MAT-048,2025-05-26,11379.7,11255.35,11503.95,,True
PLT-OH1,MAT-049,2024-12-30,63.21,62.77,63.65,63.37,False
PLT-OH1,MAT-049,2025-01-06,104.31,103.87,104.75,104.09,False
PLT-OH1,MAT-049,2025-01-13,105.78,105.34,106.22,105.98,False
PLT-OH1,MAT-049,2025-01-20,105.66,105.22,106.1,105.51,False
PLT-OH1,MAT-049,2025-01-27,106.2,105.76,106.64,106.17,False
PLT-OH1,MAT-049,2025-02-03,109.9,109.46,110.34,110.05,False
PLT-OH1,MAT-049,2025-02-10,109.99,109.55,110.43,110.01,False
PLT-OH1,MAT-049,2025-02-17,110.19,109.75,110.62,110.12,False
PLT-OH1,MAT-049,2025-02-24,111.27,110.84,111.71,111.5,False
PLT-OH1,MAT-049,2025-03-03,115.47,115.03,115.91,115.48,False
PLT-OH1,MAT-049,2025-03-10,112.53,112.09,112.97,112.4,False
PLT-OH1,MAT-049,2025-03-17,113.74,113.3,114.18,112.76,False
PLT-OH1,MAT-049,2025-03-24,113.95,113.51,114.39,114.0,False
PLT-OH1,MAT-049,2025-03-31,113.94,113.5,114.38,123.75,False
PLT-OH1,MAT-049,2025-04-07,113.17,112.73,113.61,,True
PLT-OH1,MAT-049,2025-04-14,113.76,113.14,114.38,,True
PLT-OH1,MAT-049,2025-04-21,113.31,112.55,114.08,,True
PLT-OH1,MAT-049,2025-04-28,113.68,112.8,114.56,,True
PLT-OH1,MAT-049,2025-05-05,113.8,112.81,114.78,,True
PLT-OH1,MAT-049,2025-05-12,113.31,112.24,114.39,,True
PLT-OH1,MAT-049,2025-05-19,113.68,112.52,114.85,,True
PLT-OH1,MAT-049,2025-05-26,113.8,112.55,115.04,,True
PLT-OH1,MAT-050,2024-12-30,63.21,62.77,63.65,63.37,False
PLT-OH1,MAT-050,2025-01-06,104.31,103.87,104.75,104.09,False
PLT-OH1,MAT-050,2025-01-13,105.78,105.34,106.22,105.98,False
PLT-OH1,MAT-050,2025-01-20,105.66,105.22,106.1,105.51,False
PLT-OH1,MAT-050,2025-01-27,106.2,105.76,106.64,106.17,False
PLT-OH1,MAT-050,2025-02-03,109.9,109.46,110.34,110.05,False
PLT-OH1,MAT-050,2025-02-10,109.99,109.55,110.43,110.01,False
PLT-OH1,MAT-050,2025-02-17,110.19,109.75,110.62,110.12,False
PLT-OH1,MAT-050,2025-02-24,111.27,110.84,111.71,111.5,False
PLT-OH1,MAT-050,2025-03-03,115.47,115.03,115.91,115.48,False
PLT-OH1,MAT-050,2025-03-10,112.53,112.09,112.97,112.4,False
PLT-OH1,MAT-050,2025-03-17,113.74,113.3,114.18,112.76,False
PLT-OH1,MAT-050,2025-03-24,113.95,113.51,114.39,114.0,False
PLT-OH1,MAT-050,2025-03-31,113.94,113.5,114.38,123.75,False
PLT-OH1,MAT-050,2025-04-07,113.17,112.73,113.61,,True
PLT-OH1,MAT-050,2025-04-14,113.76,113.14,114.38,,True
PLT-OH1,MAT-050,2025-04-21,113.31,112.55,114.08,,True
PLT-OH1,MAT-050,2025-04-28,113.68,112.8,114.56,,True
PLT-OH1,MAT-050,2025-05-05,113.8,112.81,114.78,,True
PLT-OH1,MAT-050,2025-05-12,113.31,112.24,114.39,,True
PLT-OH1,MAT-050,2025-05-19,113.68,112.52,114.85,,True
PLT-OH1,MAT-050,2025-05-26,113.8,112.55,115.04,,True
PLT-OH2,MAT-001,2024-12-30,13250.76,13158.8,13342.72,13215.3,False
PLT-OH2,MAT-001,2025-01-06,21896.51,21804.66,21988.37,21902.0,False
PLT-OH2,MAT-001,2025-01-13,22310.98,22219.02,22402.83,22302.9,False
PLT-OH2,MAT-001,2025-01-20,22087.66,21995.7,22179.51,22074.7,False
PLT-OH2,MAT-001,2025-01-27,22100.61,22008.65,22192.47,22130.7,False
PLT-OH2,MAT-001,2025-02-03,23102.85,23010.89,23194.81,23140.6,False
PLT-OH2,MAT-001,2025-02-10,22892.83,22800.87,22984.69,22871.7,False
PLT-OH2,MAT-001,2025-02-17,22869.53,22777.68,22961.49,22861.4,False
PLT-OH2,MAT-001,2025-02-24,23013.57,22921.72,23105.53,22961.1,False
PLT-OH2,MAT-001,2025-03-03,23836.77,23744.91,23928.62,23855.0,False
PLT-OH2,MAT-001,2025-03-10,23645.09,23553.24,23736.95,23664.6,False
PLT-OH2,MAT-001,2025-03-17,23966.42,23874.67,24058.38,23948.7,False
PLT-OH2,MAT-001,2025-03-24,23714.21,23622.46,23806.17,24075.9,False
PLT-OH2,MAT-001,2025-03-31,23697.6,23605.64,23789.35,25892.2,False
PLT-OH2,MAT-001,2025-04-07,23697.6,23605.64,23789.35,,True
PLT-OH2,MAT-001,2025-04-14,23831.14,23701.29,23961.1,,True
PLT-OH2,MAT-001,2025-04-21,23670.29,23511.17,23829.41,,True
PLT-OH2,MAT-001,2025-04-28,23832.24,23648.53,24016.16,,True
PLT-OH2,MAT-001,2025-05-05,23670.29,23464.87,23875.81,,True
PLT-OH2,MAT-001,2025-05-12,23832.24,23607.24,24057.35,,True
PLT-OH2,MAT-001,2025-05-19,23670.29,23427.19,23913.49,,True
PLT-OH2,MAT-001,2025-05-26,23832.24,23572.43,24092.26,,True
PLT-OH2,MAT-002,2024-12-30,13250.76,13158.8,13342.72,13215.3,False
PLT-OH2,MAT-002,2025-01-06,21896.51,21804.66,21988.37,21902.0,False
PLT-OH2,MAT-002,2025-01-13,22310.98,22219.02,22402.83,22302.9,False
PLT-OH2,MAT-002,2025-01-20,22087.66,21995.7,22179.51,22074.7,False
PLT-OH2,MAT-002,2025-01-27,22100.61,22008.65,22192.47,22130.7,False
PLT-OH2,MAT-002,2025-02-03,23102.85,23010.89,23194.81,23140.6,False
PLT-OH2,MAT-002,2025-02-10,22892.83,22800.87,22984.69,22871.7,False
PLT-OH2,MAT-002,2025-02-17,22869.53,22777.68,22961.49,22861.4,False
PLT-OH2,MAT-002,2025-02-24,23013.57,22921.72,23105.53,22961.1,False
PLT-OH2,MAT-002,2025-03-03,23836.77,23744.91,23928.62,23855.0,False
PLT-OH2,MAT-002,2025-03-10,23645.09,23553.24,23736.95,23664.6,False
PLT-OH2,MAT-002,2025-03-17,23966.42,23874.67,24058.38,23948.7,False
PLT-OH2,MAT-002,2025-03-24,23714.21,23622.46,23806.17,24075.9,False
PLT-OH2,MAT-002,2025-03-31,23697.6,23605.64,23789.35,25892.2,False
PLT-OH2,MAT-002,2025-04-07,23697.6,23605.64,23789.35,,True
PLT-OH2,MAT-002,2025-04-14,23831.14,23701.29,23961.1,,True
PLT-OH2,MAT-002,2025-04-21,23670.29,23511.17,23829.41,,True
PLT-OH2,MAT-002,2025-04-28,23832.24,23648.53,24016.16,,True
PLT-OH2,MAT-002,2025-05-05,23670.29,23464.87,23875.81,,True
PLT-OH2,MAT-002,2025-05-12,23832.24,23607.24,24057.35,,True
PLT-OH2,MAT-002,2025-05-19,23670.29,23427.19,23913.49,,True
PLT-OH2,MAT-002,2025-05-26,23832.24,23572.43,24092.26,,True
PLT-OH2,MAT-003,2024-12-30,53003.04,52635.2,53370.88,52861.2,False
PLT-OH2,MAT-003,2025-01-06,87586.04,87218.64,87953.48,87608.0,False
PLT-OH2,MAT-003,2025-01-13,89243.92,88876.08,89611.32,89211.6,False
PLT-OH2,MAT-003,2025-01-20,88350.64,87982.8,88718.04,88298.8,False
PLT-OH2,MAT-003,2025-01-27,88402.44,88034.6,88769.88,88522.8,False
PLT-OH2,MAT-003,2025-02-03,92411.4,92043.56,92779.24,92562.4,False
PLT-OH2,MAT-003,2025-02-10,91571.32,91203.48,91938.76,91486.8,False
PLT-OH2,MAT-003,2025-02-17,91478.12,91110.72,91845.96,91445.6,False
PLT-OH2,MAT-003,2025-02-24,92054.28,91686.88,92422.12,91844.4,False
PLT-OH2,MAT-003,2025-03-03,95347.08,94979.64,95714.48,95420.0,False
PLT-OH2,MAT-003,2025-03-10,94580.36,94212.96,94947.8,94658.4,False
PLT-OH2,MAT-003,2025-03-17,95865.68,95498.68,96233.52,95794.8,False
PLT-OH2,MAT-003,2025-03-24,94856.84,94489.84,95224.68,96303.6,False
PLT-OH2,MAT-003,2025-03-31,94790.4,94422.56,95157.4,103568.8,False
PLT-OH2,MAT-003,2025-04-07,94790.4,94422.56,95157.4,,True
PLT-OH2,MAT-003,2025-04-14,95324.56,94805.16,95844.4,,True
PLT-OH2,MAT-003,2025-04-21,94681.16,94044.68,95317.64,,True
PLT-OH2,MAT-003,2025-04-28,95328.96,94594.12,96064.64,,True
PLT-OH2,MAT-003,2025-05-05,94681.16,93859.48,95503.24,,True
PLT-OH2,MAT-003,2025-05-12,95328.96,94428.96,96229.4,,True
PLT-OH2,MAT-003,2025-05-19,94681.16,93708.76,95653.96,,True
PLT-OH2,MAT-003,2025-05-26,95328.96,94289.72,96369.04,,True
PLT-OH2,MAT-004,2024-12-30,265.02,263.18,266.85,264.31,False
PLT-OH2,MAT-004,2025-01-06,437.93,436.09,439.77,438.04,False
PLT-OH2,MAT-004,2025-01-13,446.22,444.38,448.06,446.06,False
PLT-OH2,MAT-004,2025-01-20,441.75,439.91,443.59,441.49,False
PLT-OH2,MAT-004,2025-01-27,442.01,440.17,443.85,442.61,False
PLT-OH2,MAT-004,2025-02-03,462.06,460.22,463.9,462.81,False
PLT-OH2,MAT-004,2025-02-10,457.86,456.02,459.69,457.43,False
PLT-OH2,MAT-004,2025-02-17,457.39,455.55,459.23,457.23,False
PLT-OH2,MAT-004,2025-02-24,460.27,458.43,462.11,459.22,False
PLT-OH2,MAT-004,2025-03-03,476.74,474.9,478.57,477.1,False
PLT-OH2,MAT-004,2025-03-10,472.9,471.06,474.74,473.29,False
PLT-OH2,MAT-004,2025-03-17,479.33,477.49,481.17,478.97,False
PLT-OH2,MAT-004,2025-03-24,474.28,472.45,476.12,481.52,False
PLT-OH2,MAT-004,2025-03-31,473.95,472.11,475.79,517.84,False
PLT-OH2,MAT-004,2025-04-07,473.95,472.11,475.79,,True
PLT-OH2,MAT-004,2025-04-14,476.62,474.03,479.22,,True
PLT-OH2,MAT-004,2025-04-21,473.41,470.22,476.59,,True
PLT-OH2,MAT-004,2025-04-28,476.64,472.97,480.32,,True
PLT-OH2,MAT-004,2025-05-05,473.41,469.3,477.52,,True
PLT-OH2,MAT-004,2025-05-12,476.64,472.14,481.15,,True
PLT-OH2,MAT-004,2025-05-19,473.41,468.54,478.27,,True
PLT-OH2,MAT-004,2025-05-26,476.64,471.45,481.85,,True
PLT-OH2,MAT-005,2024-12-30,79.5,78.95,80.06,79.29,False
PLT-OH2,MAT-005,2025-01-06,131.38,130.83,131.93,131.41,False
PLT-OH2,MAT-005,2025-01-13,133.87,133.31,134.42,133.82,False
PLT-OH2,MAT-005,2025-01-20,132.53,131.97,133.08,132.45,False
PLT-OH2,MAT-005,2025-01-27,132.6,132.05,133.15,132.78,False
PLT-OH2,MAT-005,2025-02-03,138.62,138.07,139.17,138.84,False
PLT-OH2,MAT-005,2025-02-10,137.36,136.81,137.91,137.23,False
PLT-OH2,MAT-005,2025-02-17,137.22,136.67,137.77,137.17,False
PLT-OH2,MAT-005,2025-02-24,138.08,137.53,138.63,137.77,False
PLT-OH2,MAT-005,2025-03-03,143.02,142.47,143.57,143.13,False
PLT-OH2,MAT-005,2025-03-10,141.87,141.32,142.42,141.99,False
PLT-OH2,MAT-005,2025-03-17,143.8,143.25,144.35,143.69,False
PLT-OH2,MAT-005,2025-03-24,142.29,141.73,142.84,144.46,False
PLT-OH2,MAT-005,2025-03-31,142.19,141.63,142.74,155.35,False
PLT-OH2,MAT-005,2025-04-07,142.19,141.63,142.74,,True
PLT-OH2,MAT-005,2025-04-14,142.99,142.21,143.77,,True
PLT-OH2,MAT-005,2025-04-21,142.02,141.07,142.98,,True
PLT-OH2,MAT-005,2025-04-28,142.99,141.89,144.1,,True
PLT-OH2,MAT-005,2025-05-05,142.02,140.79,143.25,,True
PLT-OH2,MAT-005,2025-05-12,142.99,141.64,144.34,,True
PLT-OH2,MAT-005,2025-05-19,142.02,140.56,143.48,,True
PLT-OH2,MAT-005,2025-05-26,142.99,141.43,144.55,,True
PLT-OH2,MAT-006,2024-12-30,26.5,26.32,26.69,26.43,False
PLT-OH2,MAT-006,2025-01-06,43.79,43.61,43.98,43.8,False
PLT-OH2,MAT-006,2025-01-13,44.62,44.44,44.81,44.61,False
PLT-OH2,MAT-006,2025-01-20,44.18,43.99,44.36,44.15,False
PLT-OH2,MAT-006,2025-01-27,44.2,44.02,44.38,44.26,False
PLT-OH2,MAT-006,2025-02-03,46.21,46.02,46.39,46.28,False
PLT-OH2,MAT-006,2025-02-10,45.79,45.6,45.97,45.74,False
PLT-OH2,MAT-006,2025-02-17,45.74,45.56,45.92,45.72,False
PLT-OH2,MAT-006,2025-02-24,46.03,45.84,46.21,45.92,False
PLT-OH2,MAT-006,2025-03-03,47.67,47.49,47.86,47.71,False
PLT-OH2,MAT-006,2025-03-10,47.29,47.11,47.47,47.33,False
PLT-OH2,MAT-006,2025-03-17,47.93,47.75,48.12,47.9,False
PLT-OH2,MAT-006,2025-03-24,47.43,47.24,47.61,48.15,False
PLT-OH2,MAT-006,2025-03-31,47.4,47.21,47.58,51.78,False
PLT-OH2,MAT-006,2025-04-07,47.4,47.21,47.58,,True
PLT-OH2,MAT-006,2025-04-14,47.66,47.4,47.92,,True
PLT-OH2,MAT-006,2025-04-21,47.34,47.02,47.66,,True
PLT-OH2,MAT-006,2025-04-28,47.66,47.3,48.03,,True
PLT-OH2,MAT-006,2025-05-05,47.34,46.93,47.75,,True
PLT-OH2,MAT-006,2025-05-12,47.66,47.21,48.11,,True
PLT-OH2,MAT-006,2025-05-19,47.34,46.85,47.83,,True
PLT-OH2,MAT-006,2025-05-26,47.66,47.14,48.18,,True
PLT-OH2,MAT-007,2024-12-30,39.75,39.48,40.03,39.65,False
PLT-OH2,MAT-007,2025-01-06,65.69,65.41,65.97,65.71,False
PLT-OH2,MAT-007,2025-01-13,66.93,66.66,67.21,66.91,False
PLT-OH2,MAT-007,2025-01-20,66.26,65.99,66.54,66.22,False
PLT-OH2,MAT-007,2025-01-27,66.3,66.03,66.58,66.39,False
PLT-OH2,MAT-007,2025-02-03,69.31,69.03,69.58,69.42,False
PLT-OH2,MAT-007,2025-02-10,68.68,68.4,68.95,68.62,False
PLT-OH2,MAT-007,2025-02-17,68.61,68.33,68.88,68.58,False
PLT-OH2,MAT-007,2025-02-24,69.04,68.77,69.32,68.88,False
PLT-OH2,MAT-007,2025-03-03,71.51,71.23,71.79,71.56,False
PLT-OH2,MAT-007,2025-03-10,70.94,70.66,71.21,70.99,False
PLT-OH2,MAT-007,2025-03-17,71.9,71.62,72.18,71.85,False
PLT-OH2,MAT-007,2025-03-24,71.14,70.87,71.42,72.23,False
PLT-OH2,MAT-007,2025-03-31,71.09,70.82,71.37,77.68,False
PLT-OH2,MAT-007,2025-04-07,71.09,70.82,71.37,,True
PLT-OH2,MAT-007,2025-04-14,71.49,71.1,71.88,,True
PLT-OH2,MAT-007,2025-04-21,71.01,70.53,71.49,,True
PLT-OH2,MAT-007,2025-04-28,71.5,70.95,72.05,,True
PLT-OH2,MAT-007,2025-05-05,71.01,70.39,71.63,,True
PLT-OH2,MAT-007,2025-05-12,71.5,70.82,72.17,,True
PLT-OH2,MAT-007,2025-05-19,71.01,70.28,71.74,,True
PLT-OH2,MAT-007,2025-05-26,71.5,70.72,72.28,,True
PLT-OH2,MAT-008,2024-12-30,13.25,13.16,13.34,13.22,False
PLT-OH2,MAT-008,2025-01-06,21.9,21.8,21.99,21.9,False
PLT-OH2,MAT-008,2025-01-13,22.31,22.22,22.4,22.3,False
PLT-OH2,MAT-008,2025-01-20,22.09,22.0,22.18,22.07,False
PLT-OH2,MAT-008,2025-01-27,22.1,22.01,22.19,22.13,False
PLT-OH2,MAT-008,2025-02-03,23.1,23.01,23.19,23.14,False
PLT-OH2,MAT-008,2025-02-10,22.89,22.8,22.98,22.87,False
PLT-OH2,MAT-008,2025-02-17,22.87,22.78,22.96,22.86,False
PLT-OH2,MAT-008,2025-02-24,23.01,22.92,23.11,22.96,False
PLT-OH2,MAT-008,2025-03-03,23.84,23.74,23.93,23.86,False
PLT-OH2,MAT-008,2025-03-10,23.65,23.55,23.74,23.66,False
PLT-OH2,MAT-008,2025-03-17,23.97,23.87,24.06,23.95,False
PLT-OH2,MAT-008,2025-03-24,23.71,23.62,23.81,24.08,False
PLT-OH2,MAT-008,2025-03-31,23.7,23.61,23.79,25.89,False
PLT-OH2,MAT-008,2025-04-07,23.7,23.61,23.79,,True
PLT-OH2,MAT-008,2025-04-14,23.83,23.7,23.96,,True
PLT-OH2,MAT-008,2025-04-21,23.67,23.51,23.83,,True
PLT-OH2,MAT-008,2025-04-28,23.83,23.65,24.02,,True
PLT-OH2,MAT-008,2025-05-05,23.67,23.46,23.88,,True
PLT-OH2,MAT-008,2025-05-12,23.83,23.61,24.06,,True
PLT-OH2,MAT-008,2025-05-19,23.67,23.43,23.91,,True
PLT-OH2,MAT-008,2025-05-26,23.83,23.57,24.09,,True
PLT-OH2,MAT-009,2024-12-30,13.25,13.16,13.34,13.22,False
PLT-OH2,MAT-009,2025-01-06,21.9,21.8,21.99,21.9,False
PLT-OH2,MAT-009,2025-01-13,22.31,22.22,22.4,22.3,False
PLT-OH2,MAT-009,2025-01-20,22.09,22.0,22.18,22.07,False
PLT-OH2,MAT-009,2025-01-27,22.1,22.01,22.19,22.13,False
PLT-OH2,MAT-009,2025-02-03,23.1,23.01,23.19,23.14,False
PLT-OH2,MAT-009,2025-02-10,22.89,22.8,22.98,22.87,False
PLT-OH2,MAT-009,2025-02-17,22.87,22.78,22.96,22.86,False
PLT-OH2,MAT-009,2025-02-24,23.01,22.92,23.11,22.96,False
PLT-OH2,MAT-009,2025-03-03,23.84,23.74,23.93,23.86,False
PLT-OH2,MAT-009,2025-03-10,23.65,23.55,23.74,23.66,False
PLT-OH2,MAT-009,2025-03-17,23.97,23.87,24.06,23.95,False
PLT-OH2,MAT-009,2025-03-24,23.71,23.62,23.81,24.08,False
PLT-OH2,MAT-009,2025-03-31,23.7,23.61,23.79,25.89,False
PLT-OH2,MAT-009,2025-04-07,23.7,23.61,23.79,,True
PLT-OH2,MAT-009,2025-04-14,23.83,23.7,23.96,,True
PLT-OH2,MAT-009,2025-04-21,23.67,23.51,23.83,,True
PLT-OH2,MAT-009,2025-04-28,23.83,23.65,24.02,,True
PLT-OH2,MAT-009,2025-05-05,23.67,23.46,23.88,,True
PLT-OH2,MAT-009,2025-05-12,23.83,23.61,24.06,,True
PLT-OH2,MAT-009,2025-05-19,23.67,23.43,23.91,,True
PLT-OH2,MAT-009,2025-05-26,23.83,23.57,24.09,,True
PLT-OH2,MAT-010,2024-12-30,6.63,6.58,6.67,6.61,False
PLT-OH2,MAT-010,2025-01-06,10.95,10.9,10.99,10.95,False
PLT-OH2,MAT-010,2025-01-13,11.16,11.11,11.2,11.15,False
PLT-OH2,MAT-010,2025-01-20,11.04,11.0,11.09,11.04,False
PLT-OH2,MAT-010,2025-01-27,11.05,11.0,11.1,11.07,False
PLT-OH2,MAT-010,2025-02-03,11.55,11.51,11.6,11.57,False
PLT-OH2,MAT-010,2025-02-10,11.45,11.4,11.49,11.44,False
PLT-OH2,MAT-010,2025-02-17,11.43,11.39,11.48,11.43,False
PLT-OH2,MAT-010,2025-02-24,11.51,11.46,11.55,11.48,False
PLT-OH2,MAT-010,2025-03-03,11.92,11.87,11.96,11.93,False
PLT-OH2,MAT-010,2025-03-10,11.82,11.78,11.87,11.83,False
PLT-OH2,MAT-010,2025-03-17,11.98,11.94,12.03,11.97,False
PLT-OH2,MAT-010,2025-03-24,11.86,11.81,11.9,12.04,False
PLT-OH2,MAT-010,2025-03-31,11.85,11.8,11.89,12.95,False
PLT-OH2,MAT-010,2025-04-07,11.85,11.8,11.89,,True
PLT-OH2,MAT-010,2025-04-14,11.92,11.85,11.98,,True
PLT-OH2,MAT-010,2025-04-21,11.84,11.76,11.91,,True
PLT-OH2,MAT-010,2025-04-28,11.92,11.82,12.01,,True
PLT-OH2,MAT-010,2025-05-05,11.84,11.73,11.94,,True
PLT-OH2,MAT-010,2025-05-12,11.92,11.8,12.03,,True
PLT-OH2,MAT-010,2025-05-19,11.84,11.71,11.96,,True
PLT-OH2,MAT-010,2025-05-26,11.92,11.79,12.05,,True
PLT-OH2,MAT-011,2024-12-30,26501.52,26317.6,26685.44,26430.6,False
PLT-OH2,MAT-011,2025-01-06,43793.02,43609.32,43976.74,43804.0,False
PLT-OH2,MAT-011,2025-01-13,44621.96,44438.04,44805.66,44605.8,False
PLT-OH2,MAT-011,2025-01-20,44175.32,43991.4,44359.02,44149.4,False
PLT-OH2,MAT-011,2025-01-27,44201.22,44017.3,44384.94,44261.4,False
PLT-OH2,MAT-011,2025-02-03,46205.7,46021.78,46389.62,46281.2,False
PLT-OH2,MAT-011,2025-02-10,45785.66,45601.74,45969.38,45743.4,False
PLT-OH2,MAT-011,2025-02-17,45739.06,45555.36,45922.98,45722.8,False
PLT-OH2,MAT-011,2025-02-24,46027.14,45843.44,46211.06,45922.2,False
PLT-OH2,MAT-011,2025-03-03,47673.54,47489.82,47857.24,47710.0,False
PLT-OH2,MAT-011,2025-03-10,47290.18,47106.48,47473.9,47329.2,False
PLT-OH2,MAT-011,2025-03-17,47932.84,47749.34,48116.76,47897.4,False
PLT-OH2,MAT-011,2025-03-24,47428.42,47244.92,47612.34,48151.8,False
PLT-OH2,MAT-011,2025-03-31,47395.2,47211.28,47578.7,51784.4,False
PLT-OH2,MAT-011,2025-04-07,47395.2,47211.28,47578.7,,True
PLT-OH2,MAT-011,2025-04-14,47662.28,47402.58,47922.2,,True
PLT-OH2,MAT-011,2025-04-21,47340.58,47022.34,47658.82,,True
PLT-OH2,MAT-011,2025-04-28,47664.48,47297.06,48032.32,,True
PLT-OH2,MAT-011,2025-05-05,47340.58,46929.74,47751.62,,True
PLT-OH2,MAT-011,2025-05-12,47664.48,47214.48,48114.7,,True
PLT-OH2,MAT-011,2025-05-19,47340.58,46854.38,47826.98,,True
PLT-OH2,MAT-011,2025-05-26,47664.48,47144.86,48184.52,,True
PLT-OH2,MAT-012,2024-12-30,26501.52,26317.6,26685.44,26430.6,False
PLT-OH2,MAT-012,2025-01-06,43793.02,43609.32,43976.74,43804.0,False
PLT-OH2,MAT-012,2025-01-13,44621.96,44438.04,44805.66,44605.8,False
PLT-OH2,MAT-012,2025-01-20,44175.32,43991.4,44359.02,44149.4,False
PLT-OH2,MAT-012,2025-01-27,44201.22,44017.3,44384.94,44261.4,False
PLT-OH2,MAT-012,2025-02-03,46205.7,46021.78,46389.62,46281.2,False
PLT-OH2,MAT-012,2025-02-10,45785.66,45601.74,45969.38,45743.4,False
PLT-OH2,MAT-012,2025-02-17,45739.06,45555.36,45922.98,45722.8,False
PLT-OH2,MAT-012,2025-02-24,46027.14,45843.44,46211.06,45922.2,False
PLT-OH2,MAT-012,2025-03-03,47673.54,47489.82,47857.24,47710.0,False
PLT-OH2,MAT-012,2025-03-10,47290.18,47106.48,47473.9,47329.2,False
PLT-OH2,MAT-012,2025-03-17,47932.84,47749.34,48116.76,47897.4,False
PLT-OH2,MAT-012,2025-03-24,47428.42,47244.92,47612.34,48151.8,False
PLT-OH2,MAT-012,2025-03-31,47395.2,47211.28,47578.7,51784.4,False
PLT-OH2,MAT-012,2025-04-07,47395.2,47211.28,47578.7,,True
PLT-OH2,MAT-012,2025-04-14,47662.28,47402.58,47922.2,,True
PLT-OH2,MAT-012,2025-04-21,47340.58,47022.34,47658.82,,True
PLT-OH2,MAT-012,2025-04-28,47664.48,47297.06,48032.32,,True
PLT-OH2,MAT-012,2025-05-05,47340.58,46929.74,47751.62,,True
PLT-OH2,MAT-012,2025-05-12,47664.48,47214.48,48114.7,,True
PLT-OH2,MAT-012,2025-05-19,47340.58,46854.38,47826.98,,True
PLT-OH2,MAT-012,2025-05-26,47664.48,47144.86,48184.52,,True
PLT-OH2,MAT-013,2024-12-30,13250.76,13158.8,13342.72,13215.3,False
PLT-OH2,MAT-013,2025-01-06,21896.51,21804.66,21988.37,21902.0,False
PLT-OH2,MAT-013,2025-01-13,22310.98,22219.02,22402.83,22302.9,False
PLT-OH2,MAT-013,2025-01-20,22087.66,21995.7,22179.51,22074.7,False
PLT-OH2,MAT-013,2025-01-27,22100.61,22008.65,22192.47,22130.7,False
PLT-OH2,MAT-013,2025-02-03,23102.85,23010.89,23194.81,23140.6,False
PLT-OH2,MAT-013,2025-02-10,22892.83,22800.87,22984.69,22871.7,False
PLT-OH2,MAT-013,2025-02-17,22869.53,22777.68,22961.49,22861.4,False
PLT-OH2,MAT-013,2025-02-24,23013.57,22921.72,23105.53,22961.1,False
PLT-OH2,MAT-013,2025-03-03,23836.77,23744.91,23928.62,23855.0,False
PLT-OH2,MAT-013,2025-03-10,23645.09,23553.24,23736.95,23664.6,False
PLT-OH2,MAT-013,2025-03-17,23966.42,23874.67,24058.38,23948.7,False
PLT-OH2,MAT-013,2025-03-24,23714.21,23622.46,23806.17,24075.9,False
PLT-OH2,MAT-013,2025-03-31,23697.6,23605.64,23789.35,25892.2,False
PLT-OH2,MAT-013,2025-04-07,23697.6,23605.64,23789.35,,True
PLT-OH2,MAT-013,2025-04-14,23831.14,23701.29,23961.1,,True
PLT-OH2,MAT-013,2025-04-21,23670.29,23511.17,23829.41,,True
PLT-OH2,MAT-013,2025-04-28,23832.24,23648.53,24016.16,,True
PLT-OH2,MAT-013,2025-05-05,23670.29,23464.87,23875.81,,True
PLT-OH2,MAT-013,2025-05-12,23832.24,23607.24,24057.35,,True
PLT-OH2,MAT-013,2025-05-19,23670.29,23427.19,23913.49,,True
PLT-OH2,MAT-013,2025-05-26,23832.24,23572.43,24092.26,,True
PLT-OH2,MAT-014,2024-12-30,13250.76,13158.8,13342.72,13215.3,False
PLT-OH2,MAT-014,2025-01-06,21896.51,21804.66,21988.37,21902.0,False
PLT-OH2,MAT-014,2025-01-13,22310.98,22219.02,22402.83,22302.9,False
PLT-OH2,MAT-014,2025-01-20,22087.66,21995.7,22179.51,22074.7,False
PLT-OH2,MAT-014,2025-01-27,22100.61,22008.65,22192.47,22130.7,False
PLT-OH2,MAT-014,2025-02-03,23102.85,23010.89,23194.81,23140.6,False
PLT-OH2,MAT-014,2025-02-10,22892.83,22800.87,22984.69,22871.7,False
PLT-OH2,MAT-014,2025-02-17,22869.53,22777.68,22961.49,22861.4,False
PLT-OH2,MAT-014,2025-02-24,23013.57,22921.72,23105.53,22961.1,False
PLT-OH2,MAT-014,2025-03-03,23836.77,23744.91,23928.62,23855.0,False
PLT-OH2,MAT-014,2025-03-10,23645.09,23553.24,23736.95,23664.6,False
PLT-OH2,MAT-014,2025-03-17,23966.42,23874.67,24058.38,23948.7,False
PLT-OH2,MAT-014,2025-03-24,23714.21,23622.46,23806.17,24075.9,False
PLT-OH2,MAT-014,2025-03-31,23697.6,23605.64,23789.35,25892.2,False
PLT-OH2,MAT-014,2025-04-07,23697.6,23605.64,23789.35,,True
PLT-OH2,MAT-014,2025-04-14,23831.14,23701.29,23961.1,,True
PLT-OH2,MAT-014,2025-04-21,23670.29,23511.17,23829.41,,True
PLT-OH2,MAT-014,2025-04-28,23832.24,23648.53,24016.16,,True
PLT-OH2,MAT-014,2025-05-05,23670.29,23464.87,23875.81,,True
PLT-OH2,MAT-014,2025-05-12,23832.24,23607.24,24057.35,,True
PLT-OH2,MAT-014,2025-05-19,23670.29,23427.19,23913.49,,True
PLT-OH2,MAT-014,2025-05-26,23832.24,23572.43,24092.26,,True
PLT-OH2,MAT-015,2024-12-30,13250.76,13158.8,13342.72,13215.3,False
PLT-OH2,MAT-015,2025-01-06,21896.51,21804.66,21988.37,21902.0,False
PLT-OH2,MAT-015,2025-01-13,22310.98,22219.02,22402.83,22302.9,False
PLT-OH2,MAT-015,2025-01-20,22087.66,21995.7,22179.51,22074.7,False
PLT-OH2,MAT-015,2025-01-27,22100.61,22008.65,22192.47,22130.7,False
PLT-OH2,MAT-015,2025-02-03,23102.85,23010.89,23194.81,23140.6,False
PLT-OH2,MAT-015,2025-02-10,22892.83,22800.87,22984.69,22871.7,False
PLT-OH2,MAT-015,2025-02-17,22869.53,22777.68,22961.49,22861.4,False
PLT-OH2,MAT-015,2025-02-24,23013.57,22921.72,23105.53,22961.1,False
PLT-OH2,MAT-015,2025-03-03,23836.77,23744.91,23928.62,23855.0,False
PLT-OH2,MAT-015,2025-03-10,23645.09,23553.24,23736.95,23664.6,False
PLT-OH2,MAT-015,2025-03-17,23966.42,23874.67,24058.38,23948.7,False
PLT-OH2,MAT-015,2025-03-24,23714.21,23622.46,23806.17,24075.9,False
PLT-OH2,MAT-015,2025-03-31,23697.6,23605.64,23789.35,25892.2,False
PLT-OH2,MAT-015,2025-04-07,23697.6,23605.64,23789.35,,True
PLT-OH2,MAT-015,2025-04-14,23831.14,23701.29,23961.1,,True
PLT-OH2,MAT-015,2025-04-21,23670.29,23511.17,23829.41,,True
PLT-OH2,MAT-015,2025-04-28,23832.24,23648.53,24016.16,,True
PLT-OH2,MAT-015,2025-05-05,23670.29,23464.87,23875.81,,True
PLT-OH2,MAT-015,2025-05-12,23832.24,23607.24,24057.35,,True
PLT-OH2,MAT-015,2025-05-19,23670.29,23427.19,23913.49,,True
PLT-OH2,MAT-015,2025-05-26,23832.24,23572.43,24092.26,,True
PLT-OH2,MAT-016,2024-12-30,13250.76,13158.8,13342.72,13215.3,False
PLT-OH2,MAT-016,2025-01-06,21896.51,21804.66,21988.37,21902.0,False
PLT-OH2,MAT-016,2025-01-13,22310.98,22219.02,22402.83,22302.9,False
PLT-OH2,MAT-016,2025-01-20,22087.66,21995.7,22179.51,22074.7,False
PLT-OH2,MAT-016,2025-01-27,22100.61,22008.65,22192.47,22130.7,False
PLT-OH2,MAT-016,2025-02-03,23102.85,23010.89,23194.81,23140.6,False
PLT-OH2,MAT-016,2025-02-10,22892.83,22800.87,22984.69,22871.7,False
PLT-OH2,MAT-016,2025-02-17,22869.53,22777.68,22961.49,22861.4,False
PLT-OH2,MAT-016,2025-02-24,23013.57,22921.72,23105.53,22961.1,False
PLT-OH2,MAT-016,2025-03-03,23836.77,23744.91,23928.62,23855.0,False
PLT-OH2,MAT-016,2025-03-10,23645.09,23553.24,23736.95,23664.6,False
PLT-OH2,MAT-016,2025-03-17,23966.42,23874.67,24058.38,23948.7,False
PLT-OH2,MAT-016,2025-03-24,23714.21,23622.46,23806.17,24075.9,False
PLT-OH2,MAT-016,2025-03-31,23697.6,23605.64,23789.35,25892.2,False
PLT-OH2,MAT-016,2025-04-07,23697.6,23605.64,23789.35,,True
PLT-OH2,MAT-016,2025-04-14,23831.14,23701.29,23961.1,,True
PLT-OH2,MAT-016,2025-04-21,23670.29,23511.17,23829.41,,True
PLT-OH2,MAT-016,2025-04-28,23832.24,23648.53,24016.16,,True
PLT-OH2,MAT-016,2025-05-05,23670.29,23464.87,23875.81,,True
PLT-OH2,MAT-016,2025-05-12,23832.24,23607.24,24057.35,,True
PLT-OH2,MAT-016,2025-05-19,23670.29,23427.19,23913.49,,True
PLT-OH2,MAT-016,2025-05-26,23832.24,23572.43,24092.26,,True
PLT-OH2,MAT-017,2024-12-30,13250.76,13158.8,13342.72,13215.3,False
PLT-OH2,MAT-017,2025-01-06,21896.51,21804.66,21988.37,21902.0,False
PLT-OH2,MAT-017,2025-01-13,22310.98,22219.02,22402.83,22302.9,False
PLT-OH2,MAT-017,2025-01-20,22087.66,21995.7,22179.51,22074.7,False
PLT-OH2,MAT-017,2025-01-27,22100.61,22008.65,22192.47,22130.7,False
PLT-OH2,MAT-017,2025-02-03,23102.85,23010.89,23194.81,23140.6,False
PLT-OH2,MAT-017,2025-02-10,22892.83,22800.87,22984.69,22871.7,False
PLT-OH2,MAT-017,2025-02-17,22869.53,22777.68,22961.49,22861.4,False
PLT-OH2,MAT-017,2025-02-24,23013.57,22921.72,23105.53,22961.1,False
PLT-OH2,MAT-017,2025-03-03,23836.77,23744.91,23928.62,23855.0,False
PLT-OH2,MAT-017,2025-03-10,23645.09,23553.24,23736.95,23664.6,False
PLT-OH2,MAT-017,2025-03-17,23966.42,23874.67,24058.38,23948.7,False
PLT-OH2,MAT-017,2025-03-24,23714.21,23622.46,23806.17,24075.9,False
PLT-OH2,MAT-017,2025-03-31,23697.6,23605.64,23789.35,25892.2,False
PLT-OH2,MAT-017,2025-04-07,23697.6,23605.64,23789.35,,True
PLT-OH2,MAT-017,2025-04-14,23831.14,23701.29,23961.1,,True
PLT-OH2,MAT-017,2025-04-21,23670.29,23511.17,23829.41,,True
PLT-OH2,MAT-017,2025-04-28,23832.24,23648.53,24016.16,,True
PLT-OH2,MAT-017,2025-05-05,23670.29,23464.87,23875.81,,True
PLT-OH2,MAT-017,2025-05-12,23832.24,23607.24,24057.35,,True
PLT-OH2,MAT-017,2025-05-19,23670.29,23427.19,23913.49,,True
PLT-OH2,MAT-017,2025-05-26,23832.24,23572.43,24092.26,,True
PLT-OH2,MAT-018,2024-12-30,66.25,65.79,66.71,66.08,False
PLT-OH2,MAT-018,2025-01-06,109.48,109.02,109.94,109.51,False
PLT-OH2,MAT-018,2025-01-13,111.55,111.1,112.01,111.51,False
PLT-OH2,MAT-018,2025-01-20,110.44,109.98,110.9,110.37,False
PLT-OH2,MAT-018,2025-01-27,110.5,110.04,110.96,110.65,False
PLT-OH2,MAT-018,2025-02-03,115.51,115.05,115.97,115.7,False
PLT-OH2,MAT-018,2025-02-10,114.46,114.0,114.92,114.36,False
PLT-OH2,MAT-018,2025-02-17,114.35,113.89,114.81,114.31,False
PLT-OH2,MAT-018,2025-02-24,115.07,114.61,115.53,114.81,False
PLT-OH2,MAT-018,2025-03-03,119.18,118.72,119.64,119.28,False
PLT-OH2,MAT-018,2025-03-10,118.23,117.77,118.68,118.32,False
PLT-OH2,MAT-018,2025-03-17,119.83,119.37,120.29,119.74,False
PLT-OH2,MAT-018,2025-03-24,118.57,118.11,119.03,120.38,False
PLT-OH2,MAT-018,2025-03-31,118.49,118.03,118.95,129.46,False
PLT-OH2,MAT-018,2025-04-07,118.49,118.03,118.95,,True
PLT-OH2,MAT-018,2025-04-14,119.16,118.51,119.81,,True
PLT-OH2,MAT-018,2025-04-21,118.35,117.56,119.15,,True
PLT-OH2,MAT-018,2025-04-28,119.16,118.24,120.08,,True
PLT-OH2,MAT-018,2025-05-05,118.35,117.32,119.38,,True
PLT-OH2,MAT-018,2025-05-12,119.16,118.04,120.29,,True
PLT-OH2,MAT-018,2025-05-19,118.35,117.14,119.57,,True
PLT-OH2,MAT-018,2025-05-26,119.16,117.86,120.46,,True
PLT-OH2,MAT-019,2024-12-30,39752.28,39476.4,40028.16,39645.9,False
PLT-OH2,MAT-019,2025-01-06,65689.53,65413.98,65965.11,65706.0,False
PLT-OH2,MAT-019,2025-01-13,66932.94,66657.06,67208.49,66908.7,False
PLT-OH2,MAT-019,2025-01-20,66262.98,65987.1,66538.53,66224.1,False
PLT-OH2,MAT-019,2025-01-27,66301.83,66025.95,66577.41,66392.1,False
PLT-OH2,MAT-019,2025-02-03,69308.55,69032.67,69584.43,69421.8,False
PLT-OH2,MAT-019,2025-02-10,68678.49,68402.61,68954.07,68615.1,False
PLT-OH2,MAT-019,2025-02-17,68608.59,68333.04,68884.47,68584.2,False
PLT-OH2,MAT-019,2025-02-24,69040.71,68765.16,69316.59,68883.3,False
PLT-OH2,MAT-019,2025-03-03,71510.31,71234.73,71785.86,71565.0,False
PLT-OH2,MAT-019,2025-03-10,70935.27,70659.72,71210.85,70993.8,False
PLT-OH2,MAT-019,2025-03-17,71899.26,71624.01,72175.14,71846.1,False
PLT-OH2,MAT-019,2025-03-24,71142.63,70867.38,71418.51,72227.7,False
PLT-OH2,MAT-019,2025-03-31,71092.8,70816.92,71368.05,77676.6,False
PLT-OH2,MAT-019,2025-04-07,71092.8,70816.92,71368.05,,True
PLT-OH2,MAT-019,2025-04-14,71493.42,71103.87,71883.3,,True
PLT-OH2,MAT-019,2025-04-21,71010.87,70533.51,71488.23,,True
PLT-OH2,MAT-019,2025-04-28,71496.72,70945.59,72048.48,,True
PLT-OH2,MAT-019,2025-05-05,71010.87,70394.61,71627.43,,True
PLT-OH2,MAT-019,2025-05-12,71496.72,70821.72,72172.05,,True
PLT-OH2,MAT-019,2025-05-19,71010.87,70281.57,71740.47,,True
PLT-OH2,MAT-019,2025-05-26,71496.72,70717.29,72276.78,,True
PLT-OH2,MAT-020,2024-12-30,33126.9,32897.0,33356.8,33038.25,False
PLT-OH2,MAT-020,2025-01-06,54741.28,54511.65,54970.93,54755.0,False
PLT-OH2,MAT-020,2025-01-13,55777.45,55547.55,56007.07,55757.25,False
PLT-OH2,MAT-020,2025-01-20,55219.15,54989.25,55448.78,55186.75,False
PLT-OH2,MAT-020,2025-01-27,55251.53,55021.62,55481.18,55326.75,False
PLT-OH2,MAT-020,2025-02-03,57757.12,57527.22,57987.03,57851.5,False
PLT-OH2,MAT-020,2025-02-10,57232.07,57002.18,57461.72,57179.25,False
PLT-OH2,MAT-020,2025-02-17,57173.82,56944.2,57403.72,57153.5,False
PLT-OH2,MAT-020,2025-02-24,57533.93,57304.3,57763.82,57402.75,False
PLT-OH2,MAT-020,2025-03-03,59591.93,59362.28,59821.55,59637.5,False
PLT-OH2,MAT-020,2025-03-10,59112.72,58883.1,59342.38,59161.5,False
PLT-OH2,MAT-020,2025-03-17,59916.05,59686.68,60145.95,59871.75,False
PLT-OH2,MAT-020,2025-03-24,59285.53,59056.15,59515.43,60189.75,False
PLT-OH2,MAT-020,2025-03-31,59244.0,59014.1,59473.38,64730.5,False
PLT-OH2,MAT-020,2025-04-07,59244.0,59014.1,59473.38,,True
PLT-OH2,MAT-020,2025-04-14,59577.85,59253.22,59902.75,,True
PLT-OH2,MAT-020,2025-04-21,59175.72,58777.93,59573.53,,True
PLT-OH2,MAT-020,2025-04-28,59580.6,59121.32,60040.4,,True
PLT-OH2,MAT-020,2025-05-05,59175.72,58662.18,59689.53,,True
PLT-OH2,MAT-020,2025-05-12,59580.6,59018.1,60143.38,,True
PLT-OH2,MAT-020,2025-05-19,59175.72,58567.97,59783.72,,True
PLT-OH2,MAT-020,2025-05-26,59580.6,58931.07,60230.65,,True
PLT-OH2,MAT-021,2024-12-30,23851.37,23685.84,24016.9,23787.54,False
PLT-OH2,MAT-021,2025-01-06,39413.72,39248.39,39579.07,39423.6,False
PLT-OH2,MAT-021,2025-01-13,40159.76,39994.24,40325.09,40145.22,False
PLT-OH2,MAT-021,2025-01-20,39757.79,39592.26,39923.12,39734.46,False
PLT-OH2,MAT-021,2025-01-27,39781.1,39615.57,39946.45,39835.26,False
PLT-OH2,MAT-021,2025-02-03,41585.13,41419.6,41750.66,41653.08,False
PLT-OH2,MAT-021,2025-02-10,41207.09,41041.57,41372.44,41169.06,False
PLT-OH2,MAT-021,2025-02-17,41165.15,40999.82,41330.68,41150.52,False
PLT-OH2,MAT-021,2025-02-24,41424.43,41259.1,41589.95,41329.98,False
PLT-OH2,MAT-021,2025-03-03,42906.19,42740.84,43071.52,42939.0,False
PLT-OH2,MAT-021,2025-03-10,42561.16,42395.83,42726.51,42596.28,False
PLT-OH2,MAT-021,2025-03-17,43139.56,42974.41,43305.08,43107.66,False
PLT-OH2,MAT-021,2025-03-24,42685.58,42520.43,42851.11,43336.62,False
PLT-OH2,MAT-021,2025-03-31,42655.68,42490.15,42820.83,46605.96,False
PLT-OH2,MAT-021,2025-04-07,42655.68,42490.15,42820.83,,True
PLT-OH2,MAT-021,2025-04-14,42896.05,42662.32,43129.98,,True
PLT-OH2,MAT-021,2025-04-21,42606.52,42320.11,42892.94,,True
PLT-OH2,MAT-021,2025-04-28,42898.03,42567.35,43229.09,,True
PLT-OH2,MAT-021,2025-05-05,42606.52,42236.77,42976.46,,True
PLT-OH2,MAT-021,2025-05-12,42898.03,42493.03,43303.23,,True
PLT-OH2,MAT-021,2025-05-19,42606.52,42168.94,43044.28,,True
PLT-OH2,MAT-021,2025-05-26,42898.03,42430.37,43366.07,,True
PLT-OH2,MAT-022,2024-12-30,106.01,105.27,106.74,105.72,False
PLT-OH2,MAT-022,2025-01-06,175.17,174.44,175.91,175.22,False
PLT-OH2,MAT-022,2025-01-13,178.49,177.75,179.22,178.42,False
PLT-OH2,MAT-022,2025-01-20,176.7,175.97,177.44,176.6,False
PLT-OH2,MAT-022,2025-01-27,176.8,176.07,177.54,177.05,False
PLT-OH2,MAT-022,2025-02-03,184.82,184.09,185.56,185.12,False
PLT-OH2,MAT-022,2025-02-10,183.14,182.41,183.88,182.97,False
PLT-OH2,MAT-022,2025-02-17,182.96,182.22,183.69,182.89,False
PLT-OH2,MAT-022,2025-02-24,184.11,183.37,184.84,183.69,False
PLT-OH2,MAT-022,2025-03-03,190.69,189.96,191.43,190.84,False
PLT-OH2,MAT-022,2025-03-10,189.16,188.43,189.9,189.32,False
PLT-OH2,MAT-022,2025-03-17,191.73,191.0,192.47,191.59,False
PLT-OH2,MAT-022,2025-03-24,189.71,188.98,190.45,192.61,False
PLT-OH2,MAT-022,2025-03-31,189.58,188.85,190.31,207.14,False
PLT-OH2,MAT-022,2025-04-07,189.58,188.85,190.31,,True
PLT-OH2,MAT-022,2025-04-14,190.65,189.61,191.69,,True
PLT-OH2,MAT-022,2025-04-21,189.36,188.09,190.64,,True
PLT-OH2,MAT-022,2025-04-28,190.66,189.19,192.13,,True
PLT-OH2,MAT-022,2025-05-05,189.36,187.72,191.01,,True
PLT-OH2,MAT-022,2025-05-12,190.66,188.86,192.46,,True
PLT-OH2,MAT-022,2025-05-19,189.36,187.42,191.31,,True
PLT-OH2,MAT-022,2025-05-26,190.66,188.58,192.74,,True
PLT-OH2,MAT-023,2024-12-30,198.76,197.38,200.14,198.23,False
PLT-OH2,MAT-023,2025-01-06,328.45,327.07,329.83,328.53,False
PLT-OH2,MAT-023,2025-01-13,334.66,333.29,336.04,334.54,False
PLT-OH2,MAT-023,2025-01-20,331.31,329.94,332.69,331.12,False
PLT-OH2,MAT-023,2025-01-27,331.51,330.13,332.89,331.96,False
PLT-OH2,MAT-023,2025-02-03,346.54,345.16,347.92,347.11,False
PLT-OH2,MAT-023,2025-02-10,343.39,342.01,344.77,343.08,False
PLT-OH2,MAT-023,2025-02-17,343.04,341.67,344.42,342.92,False
PLT-OH2,MAT-023,2025-02-24,345.2,343.83,346.58,344.42,False
PLT-OH2,MAT-023,2025-03-03,357.55,356.17,358.93,357.82,False
PLT-OH2,MAT-023,2025-03-10,354.68,353.3,356.05,354.97,False
PLT-OH2,MAT-023,2025-03-17,359.5,358.12,360.88,359.23,False
PLT-OH2,MAT-023,2025-03-24,355.71,354.34,357.09,361.14,False
PLT-OH2,MAT-023,2025-03-31,355.46,354.08,356.84,388.38,False
PLT-OH2,MAT-023,2025-04-07,355.46,354.08,356.84,,True
PLT-OH2,MAT-023,2025-04-14,357.47,355.52,359.42,,True
PLT-OH2,MAT-023,2025-04-21,355.05,352.67,357.44,,True
PLT-OH2,MAT-023,2025-04-28,357.48,354.73,360.24,,True
PLT-OH2,MAT-023,2025-05-05,355.05,351.97,358.14,,True
PLT-OH2,MAT-023,2025-05-12,357.48,354.11,360.86,,True
PLT-OH2,MAT-023,2025-05-19,355.05,351.41,358.7,,True
PLT-OH2,MAT-023,2025-05-26,357.48,353.59,361.38,,True
PLT-OH2,MAT-024,2024-12-30,26.5,26.32,26.69,26.43,False
PLT-OH2,MAT-024,2025-01-06,43.79,43.61,43.98,43.8,False
PLT-OH2,MAT-024,2025-01-13,44.62,44.44,44.81,44.61,False
PLT-OH2,MAT-024,2025-01-20,44.18,43.99,44.36,44.15,False
PLT-OH2,MAT-024,2025-01-27,44.2,44.02,44.38,44.26,False
PLT-OH2,MAT-024,2025-02-03,46.21,46.02,46.39,46.28,False
PLT-OH2,MAT-024,2025-02-10,45.79,45.6,45.97,45.74,False
PLT-OH2,MAT-024,2025-02-17,45.74,45.56,45.92,45.72,False
PLT-OH2,MAT-024,2025-02-24,46.03,45.84,46.21,45.92,False
PLT-OH2,MAT-024,2025-03-03,47.67,47.49,47.86,47.71,False
PLT-OH2,MAT-024,2025-03-10,47.29,47.11,47.47,47.33,False
PLT-OH2,MAT-024,2025-03-17,47.93,47.75,48.12,47.9,False
PLT-OH2,MAT-024,2025-03-24,47.43,47.24,47.61,48.15,False
PLT-OH2,MAT-024,2025-03-31,47.4,47.21,47.58,51.78,False
PLT-OH2,MAT-024,2025-04-07,47.4,47.21,47.58,,True
PLT-OH2,MAT-024,2025-04-14,47.66,47.4,47.92,,True
PLT-OH2,MAT-024,2025-04-21,47.34,47.02,47.66,,True
PLT-OH2,MAT-024,2025-04-28,47.66,47.3,48.03,,True
PLT-OH2,MAT-024,2025-05-05,47.34,46.93,47.75,,True
PLT-OH2,MAT-024,2025-05-12,47.66,47.21,48.11,,True
PLT-OH2,MAT-024,2025-05-19,47.34,46.85,47.83,,True
PLT-OH2,MAT-024,2025-05-26,47.66,47.14,48.18,,True
PLT-OH2,MAT-025,2024-12-30,13.25,13.16,13.34,13.22,False
PLT-OH2,MAT-025,2025-01-06,21.9,21.8,21.99,21.9,False
PLT-OH2,MAT-025,2025-01-13,22.31,22.22,22.4,22.3,False
PLT-OH2,MAT-025,2025-01-20,22.09,22.0,22.18,22.07,False
PLT-OH2,MAT-025,2025-01-27,22.1,22.01,22.19,22.13,False
PLT-OH2,MAT-025,2025-02-03,23.1,23.01,23.19,23.14,False
PLT-OH2,MAT-025,2025-02-10,22.89,22.8,22.98,22.87,False
PLT-OH2,MAT-025,2025-02-17,22.87,22.78,22.96,22.86,False
PLT-OH2,MAT-025,2025-02-24,23.01,22.92,23.11,22.96,False
PLT-OH2,MAT-025,2025-03-03,23.84,23.74,23.93,23.86,False
PLT-OH2,MAT-025,2025-03-10,23.65,23.55,23.74,23.66,False
PLT-OH2,MAT-025,2025-03-17,23.97,23.87,24.06,23.95,False
PLT-OH2,MAT-025,2025-03-24,23.71,23.62,23.81,24.08,False
PLT-OH2,MAT-025,2025-03-31,23.7,23.61,23.79,25.89,False
PLT-OH2,MAT-025,2025-04-07,23.7,23.61,23.79,,True
PLT-OH2,MAT-025,2025-04-14,23.83,23.7,23.96,,True
PLT-OH2,MAT-025,2025-04-21,23.67,23.51,23.83,,True
PLT-OH2,MAT-025,2025-04-28,23.83,23.65,24.02,,True
PLT-OH2,MAT-025,2025-05-05,23.67,23.46,23.88,,True
PLT-OH2,MAT-025,2025-05-12,23.83,23.61,24.06,,True
PLT-OH2,MAT-025,2025-05-19,23.67,23.43,23.91,,True
PLT-OH2,MAT-025,2025-05-26,23.83,23.57,24.09,,True
PLT-OH2,MAT-027,2024-12-30,26.5,26.32,26.69,26.43,False
PLT-OH2,MAT-027,2025-01-06,43.79,43.61,43.98,43.8,False
PLT-OH2,MAT-027,2025-01-13,44.62,44.44,44.81,44.61,False
PLT-OH2,MAT-027,2025-01-20,44.18,43.99,44.36,44.15,False
PLT-OH2,MAT-027,2025-01-27,44.2,44.02,44.38,44.26,False
PLT-OH2,MAT-027,2025-02-03,46.21,46.02,46.39,46.28,False
PLT-OH2,MAT-027,2025-02-10,45.79,45.6,45.97,45.74,False
PLT-OH2,MAT-027,2025-02-17,45.74,45.56,45.92,45.72,False
PLT-OH2,MAT-027,2025-02-24,46.03,45.84,46.21,45.92,False
PLT-OH2,MAT-027,2025-03-03,47.67,47.49,47.86,47.71,False
PLT-OH2,MAT-027,2025-03-10,47.29,47.11,47.47,47.33,False
PLT-OH2,MAT-027,2025-03-17,47.93,47.75,48.12,47.9,False
PLT-OH2,MAT-027,2025-03-24,47.43,47.24,47.61,48.15,False
PLT-OH2,MAT-027,2025-03-31,47.4,47.21,47.58,51.78,False
PLT-OH2,MAT-027,2025-04-07,47.4,47.21,47.58,,True
PLT-OH2,MAT-027,2025-04-14,47.66,47.4,47.92,,True
PLT-OH2,MAT-027,2025-04-21,47.34,47.02,47.66,,True
PLT-OH2,MAT-027,2025-04-28,47.66,47.3,48.03,,True
PLT-OH2,MAT-027,2025-05-05,47.34,46.93,47.75,,True
PLT-OH2,MAT-027,2025-05-12,47.66,47.21,48.11,,True
PLT-OH2,MAT-027,2025-05-19,47.34,46.85,47.83,,True
PLT-OH2,MAT-027,2025-05-26,47.66,47.14,48.18,,True
PLT-OH2,MAT-028,2024-12-30,530.03,526.35,533.71,528.61,False
PLT-OH2,MAT-028,2025-01-06,875.86,872.19,879.53,876.08,False
PLT-OH2,MAT-028,2025-01-13,892.44,888.76,896.11,892.12,False
PLT-OH2,MAT-028,2025-01-20,883.51,879.83,887.18,882.99,False
PLT-OH2,MAT-028,2025-01-27,884.02,880.35,887.7,885.23,False
PLT-OH2,MAT-028,2025-02-03,924.11,920.44,927.79,925.62,False
PLT-OH2,MAT-028,2025-02-10,915.71,912.03,919.39,914.87,False
PLT-OH2,MAT-028,2025-02-17,914.78,911.11,918.46,914.46,False
PLT-OH2,MAT-028,2025-02-24,920.54,916.87,924.22,918.44,False
PLT-OH2,MAT-028,2025-03-03,953.47,949.8,957.14,954.2,False
PLT-OH2,MAT-028,2025-03-10,945.8,942.13,949.48,946.58,False
PLT-OH2,MAT-028,2025-03-17,958.66,954.99,962.34,957.95,False
PLT-OH2,MAT-028,2025-03-24,948.57,944.9,952.25,963.04,False
PLT-OH2,MAT-028,2025-03-31,947.9,944.23,951.57,1035.69,False
PLT-OH2,MAT-028,2025-04-07,947.9,944.23,951.57,,True
PLT-OH2,MAT-028,2025-04-14,953.25,948.05,958.44,,True
PLT-OH2,MAT-028,2025-04-21,946.81,940.45,953.18,,True
PLT-OH2,MAT-028,2025-04-28,953.29,945.94,960.65,,True
PLT-OH2,MAT-028,2025-05-05,946.81,938.59,955.03,,True
PLT-OH2,MAT-028,2025-05-12,953.29,944.29,962.29,,True
PLT-OH2,MAT-028,2025-05-19,946.81,937.09,956.54,,True
PLT-OH2,MAT-028,2025-05-26,953.29,942.9,963.69,,True
PLT-OH2,MAT-029,2024-12-30,13250.76,13158.8,13342.72,13215.3,False
PLT-OH2,MAT-029,2025-01-06,21896.51,21804.66,21988.37,21902.0,False
PLT-OH2,MAT-029,2025-01-13,22310.98,22219.02,22402.83,22302.9,False
PLT-OH2,MAT-029,2025-01-20,22087.66,21995.7,22179.51,22074.7,False
PLT-OH2,MAT-029,2025-01-27,22100.61,22008.65,22192.47,22130.7,False
PLT-OH2,MAT-029,2025-02-03,23102.85,23010.89,23194.81,23140.6,False
PLT-OH2,MAT-029,2025-02-10,22892.83,22800.87,22984.69,22871.7,False
PLT-OH2,MAT-029,2025-02-17,22869.53,22777.68,22961.49,22861.4,False
PLT-OH2,MAT-029,2025-02-24,23013.57,22921.72,23105.53,22961.1,False
PLT-OH2,MAT-029,2025-03-03,23836.77,23744.91,23928.62,23855.0,False
PLT-OH2,MAT-029,2025-03-10,23645.09,23553.24,23736.95,23664.6,False
PLT-OH2,MAT-029,2025-03-17,23966.42,23874.67,24058.38,23948.7,False
PLT-OH2,MAT-029,2025-03-24,23714.21,23622.46,23806.17,24075.9,False
PLT-OH2,MAT-029,2025-03-31,23697.6,23605.64,23789.35,25892.2,False
PLT-OH2,MAT-029,2025-04-07,23697.6,23605.64,23789.35,,True
PLT-OH2,MAT-029,2025-04-14,23831.14,23701.29,23961.1,,True
PLT-OH2,MAT-029,2025-04-21,23670.29,23511.17,23829.41,,True
PLT-OH2,MAT-029,2025-04-28,23832.24,23648.53,24016.16,,True
PLT-OH2,MAT-029,2025-05-05,23670.29,23464.87,23875.81,,True
PLT-OH2,MAT-029,2025-05-12,23832.24,23607.24,24057.35,,True
PLT-OH2,MAT-029,2025-05-19,23670.29,23427.19,23913.49,,True
PLT-OH2,MAT-029,2025-05-26,23832.24,23572.43,24092.26,,True
PLT-OH2,MAT-030,2024-12-30,26.5,26.32,26.69,26.43,False
PLT-OH2,MAT-030,2025-01-06,43.79,43.61,43.98,43.8,False
PLT-OH2,MAT-030,2025-01-13,44.62,44.44,44.81,44.61,False
PLT-OH2,MAT-030,2025-01-20,44.18,43.99,44.36,44.15,False
PLT-OH2,MAT-030,2025-01-27,44.2,44.02,44.38,44.26,False
PLT-OH2,MAT-030,2025-02-03,46.21,46.02,46.39,46.28,False
PLT-OH2,MAT-030,2025-02-10,45.79,45.6,45.97,45.74,False
PLT-OH2,MAT-030,2025-02-17,45.74,45.56,45.92,45.72,False
PLT-OH2,MAT-030,2025-02-24,46.03,45.84,46.21,45.92,False
PLT-OH2,MAT-030,2025-03-03,47.67,47.49,47.86,47.71,False
PLT-OH2,MAT-030,2025-03-10,47.29,47.11,47.47,47.33,False
PLT-OH2,MAT-030,2025-03-17,47.93,47.75,48.12,47.9,False
PLT-OH2,MAT-030,2025-03-24,47.43,47.24,47.61,48.15,False
PLT-OH2,MAT-030,2025-03-31,47.4,47.21,47.58,51.78,False
PLT-OH2,MAT-030,2025-04-07,47.4,47.21,47.58,,True
PLT-OH2,MAT-030,2025-04-14,47.66,47.4,47.92,,True
PLT-OH2,MAT-030,2025-04-21,47.34,47.02,47.66,,True
PLT-OH2,MAT-030,2025-04-28,47.66,47.3,48.03,,True
PLT-OH2,MAT-030,2025-05-05,47.34,46.93,47.75,,True
PLT-OH2,MAT-030,2025-05-12,47.66,47.21,48.11,,True
PLT-OH2,MAT-030,2025-05-19,47.34,46.85,47.83,,True
PLT-OH2,MAT-030,2025-05-26,47.66,47.14,48.18,,True
PLT-OH2,MAT-031,2024-12-30,39.75,39.48,40.03,39.65,False
PLT-OH2,MAT-031,2025-01-06,65.69,65.41,65.97,65.71,False
PLT-OH2,MAT-031,2025-01-13,66.93,66.66,67.21,66.91,False
PLT-OH2,MAT-031,2025-01-20,66.26,65.99,66.54,66.22,False
PLT-OH2,MAT-031,2025-01-27,66.3,66.03,66.58,66.39,False
PLT-OH2,MAT-031,2025-02-03,69.31,69.03,69.58,69.42,False
PLT-OH2,MAT-031,2025-02-10,68.68,68.4,68.95,68.62,False
PLT-OH2,MAT-031,2025-02-17,68.61,68.33,68.88,68.58,False
PLT-OH2,MAT-031,2025-02-24,69.04,68.77,69.32,68.88,False
PLT-OH2,MAT-031,2025-03-03,71.51,71.23,71.79,71.56,False
PLT-OH2,MAT-031,2025-03-10,70.94,70.66,71.21,70.99,False
PLT-OH2,MAT-031,2025-03-17,71.9,71.62,72.18,71.85,False
PLT-OH2,MAT-031,2025-03-24,71.14,70.87,71.42,72.23,False
PLT-OH2,MAT-031,2025-03-31,71.09,70.82,71.37,77.68,False
PLT-OH2,MAT-031,2025-04-07,71.09,70.82,71.37,,True
PLT-OH2,MAT-031,2025-04-14,71.49,71.1,71.88,,True
PLT-OH2,MAT-031,2025-04-21,71.01,70.53,71.49,,True
PLT-OH2,MAT-031,2025-04-28,71.5,70.95,72.05,,True
PLT-OH2,MAT-031,2025-05-05,71.01,70.39,71.63,,True
PLT-OH2,MAT-031,2025-05-12,71.5,70.82,72.17,,True
PLT-OH2,MAT-031,2025-05-19,71.01,70.28,71.74,,True
PLT-OH2,MAT-031,2025-05-26,71.5,70.72,72.28,,True
PLT-OH2,MAT-032,2024-12-30,13250.76,13158.8,13342.72,13215.3,False
PLT-OH2,MAT-032,2025-01-06,21896.51,21804.66,21988.37,21902.0,False
PLT-OH2,MAT-032,2025-01-13,22310.98,22219.02,22402.83,22302.9,False
PLT-OH2,MAT-032,2025-01-20,22087.66,21995.7,22179.51,22074.7,False
PLT-OH2,MAT-032,2025-01-27,22100.61,22008.65,22192.47,22130.7,False
PLT-OH2,MAT-032,2025-02-03,23102.85,23010.89,23194.81,23140.6,False
PLT-OH2,MAT-032,2025-02-10,22892.83,22800.87,22984.69,22871.7,False
PLT-OH2,MAT-032,2025-02-17,22869.53,22777.68,22961.49,22861.4,False
PLT-OH2,MAT-032,2025-02-24,23013.57,22921.72,23105.53,22961.1,False
PLT-OH2,MAT-032,2025-03-03,23836.77,23744.91,23928.62,23855.0,False
PLT-OH2,MAT-032,2025-03-10,23645.09,23553.24,23736.95,23664.6,False
PLT-OH2,MAT-032,2025-03-17,23966.42,23874.67,24058.38,23948.7,False
PLT-OH2,MAT-032,2025-03-24,23714.21,23622.46,23806.17,24075.9,False
PLT-OH2,MAT-032,2025-03-31,23697.6,23605.64,23789.35,25892.2,False
PLT-OH2,MAT-032,2025-04-07,23697.6,23605.64,23789.35,,True
PLT-OH2,MAT-032,2025-04-14,23831.14,23701.29,23961.1,,True
PLT-OH2,MAT-032,2025-04-21,23670.29,23511.17,23829.41,,True
PLT-OH2,MAT-032,2025-04-28,23832.24,23648.53,24016.16,,True
PLT-OH2,MAT-032,2025-05-05,23670.29,23464.87,23875.81,,True
PLT-OH2,MAT-032,2025-05-12,23832.24,23607.24,24057.35,,True
PLT-OH2,MAT-032,2025-05-19,23670.29,23427.19,23913.49,,True
PLT-OH2,MAT-032,2025-05-26,23832.24,23572.43,24092.26,,True
PLT-OH2,MAT-038,2024-12-30,39.75,39.48,40.03,39.65,False
PLT-OH2,MAT-038,2025-01-06,65.69,65.41,65.97,65.71,False
PLT-OH2,MAT-038,2025-01-13,66.93,66.66,67.21,66.91,False
PLT-OH2,MAT-038,2025-01-20,66.26,65.99,66.54,66.22,False
PLT-OH2,MAT-038,2025-01-27,66.3,66.03,66.58,66.39,False
PLT-OH2,MAT-038,2025-02-03,69.31,69.03,69.58,69.42,False
PLT-OH2,MAT-038,2025-02-10,68.68,68.4,68.95,68.62,False
PLT-OH2,MAT-038,2025-02-17,68.61,68.33,68.88,68.58,False
PLT-OH2,MAT-038,2025-02-24,69.04,68.77,69.32,68.88,False
PLT-OH2,MAT-038,2025-03-03,71.51,71.23,71.79,71.56,False
PLT-OH2,MAT-038,2025-03-10,70.94,70.66,71.21,70.99,False
PLT-OH2,MAT-038,2025-03-17,71.9,71.62,72.18,71.85,False
PLT-OH2,MAT-038,2025-03-24,71.14,70.87,71.42,72.23,False
PLT-OH2,MAT-038,2025-03-31,71.09,70.82,71.37,77.68,False
PLT-OH2,MAT-038,2025-04-07,71.09,70.82,71.37,,True
PLT-OH2,MAT-038,2025-04-14,71.49,71.1,71.88,,True
PLT-OH2,MAT-038,2025-04-21,71.01,70.53,71.49,,True
PLT-OH2,MAT-038,2025-04-28,71.5,70.95,72.05,,True
PLT-OH2,MAT-038,2025-05-05,71.01,70.39,71.63,,True
PLT-OH2,MAT-038,2025-05-12,71.5,70.82,72.17,,True
PLT-OH2,MAT-038,2025-05-19,71.01,70.28,71.74,,True
PLT-OH2,MAT-038,2025-05-26,71.5,70.72,72.28,,True
PLT-OH2,MAT-039,2024-12-30,26.5,26.32,26.69,26.43,False
PLT-OH2,MAT-039,2025-01-06,43.79,43.61,43.98,43.8,False
PLT-OH2,MAT-039,2025-01-13,44.62,44.44,44.81,44.61,False
PLT-OH2,MAT-039,2025-01-20,44.18,43.99,44.36,44.15,False
PLT-OH2,MAT-039,2025-01-27,44.2,44.02,44.38,44.26,False
PLT-OH2,MAT-039,2025-02-03,46.21,46.02,46.39,46.28,False
PLT-OH2,MAT-039,2025-02-10,45.79,45.6,45.97,45.74,False
PLT-OH2,MAT-039,2025-02-17,45.74,45.56,45.92,45.72,False
PLT-OH2,MAT-039,2025-02-24,46.03,45.84,46.21,45.92,False
PLT-OH2,MAT-039,2025-03-03,47.67,47.49,47.86,47.71,False
PLT-OH2,MAT-039,2025-03-10,47.29,47.11,47.47,47.33,False
PLT-OH2,MAT-039,2025-03-17,47.93,47.75,48.12,47.9,False
PLT-OH2,MAT-039,2025-03-24,47.43,47.24,47.61,48.15,False
PLT-OH2,MAT-039,2025-03-31,47.4,47.21,47.58,51.78,False
PLT-OH2,MAT-039,2025-04-07,47.4,47.21,47.58,,True
PLT-OH2,MAT-039,2025-04-14,47.66,47.4,47.92,,True
PLT-OH2,MAT-039,2025-04-21,47.34,47.02,47.66,,True
PLT-OH2,MAT-039,2025-04-28,47.66,47.3,48.03,,True
PLT-OH2,MAT-039,2025-05-05,47.34,46.93,47.75,,True
PLT-OH2,MAT-039,2025-05-12,47.66,47.21,48.11,,True
PLT-OH2,MAT-039,2025-05-19,47.34,46.85,47.83,,True
PLT-OH2,MAT-039,2025-05-26,47.66,47.14,48.18,,True
PLT-OH2,MAT-040,2024-12-30,6625.38,6579.4,6671.36,6607.65,False
PLT-OH2,MAT-040,2025-01-06,10948.26,10902.33,10994.19,10951.0,False
PLT-OH2,MAT-040,2025-01-13,11155.49,11109.51,11201.42,11151.45,False
PLT-OH2,MAT-040,2025-01-20,11043.83,10997.85,11089.76,11037.35,False
PLT-OH2,MAT-040,2025-01-27,11050.31,11004.33,11096.24,11065.35,False
PLT-OH2,MAT-040,2025-02-03,11551.43,11505.44,11597.41,11570.3,False
PLT-OH2,MAT-040,2025-02-10,11446.42,11400.44,11492.35,11435.85,False
PLT-OH2,MAT-040,2025-02-17,11434.76,11388.84,11480.75,11430.7,False
PLT-OH2,MAT-040,2025-02-24,11506.78,11460.86,11552.76,11480.55,False
PLT-OH2,MAT-040,2025-03-03,11918.39,11872.46,11964.31,11927.5,False
PLT-OH2,MAT-040,2025-03-10,11822.55,11776.62,11868.48,11832.3,False
PLT-OH2,MAT-040,2025-03-17,11983.21,11937.34,12029.19,11974.35,False
PLT-OH2,MAT-040,2025-03-24,11857.1,11811.23,11903.09,12037.95,False
PLT-OH2,MAT-040,2025-03-31,11848.8,11802.82,11894.67,12946.1,False
PLT-OH2,MAT-040,2025-04-07,11848.8,11802.82,11894.67,,True
PLT-OH2,MAT-040,2025-04-14,11915.57,11850.65,11980.55,,True
PLT-OH2,MAT-040,2025-04-21,11835.15,11755.59,11914.71,,True
PLT-OH2,MAT-040,2025-04-28,11916.12,11824.26,12008.08,,True
PLT-OH2,MAT-040,2025-05-05,11835.15,11732.44,11937.91,,True
PLT-OH2,MAT-040,2025-05-12,11916.12,11803.62,12028.68,,True
PLT-OH2,MAT-040,2025-05-19,11835.15,11713.6,11956.75,,True
PLT-OH2,MAT-040,2025-05-26,11916.12,11786.22,12046.13,,True
PLT-OH2,MAT-047,2024-12-30,13250.76,13158.8,13342.72,13215.3,False
PLT-OH2,MAT-047,2025-01-06,21896.51,21804.66,21988.37,21902.0,False
PLT-OH2,MAT-047,2025-01-13,22310.98,22219.02,22402.83,22302.9,False
PLT-OH2,MAT-047,2025-01-20,22087.66,21995.7,22179.51,22074.7,False
PLT-OH2,MAT-047,2025-01-27,22100.61,22008.65,22192.47,22130.7,False
PLT-OH2,MAT-047,2025-02-03,23102.85,23010.89,23194.81,23140.6,False
PLT-OH2,MAT-047,2025-02-10,22892.83,22800.87,22984.69,22871.7,False
PLT-OH2,MAT-047,2025-02-17,22869.53,22777.68,22961.49,22861.4,False
PLT-OH2,MAT-047,2025-02-24,23013.57,22921.72,23105.53,22961.1,False
PLT-OH2,MAT-047,2025-03-03,23836.77,23744.91,23928.62,23855.0,False
PLT-OH2,MAT-047,2025-03-10,23645.09,23553.24,23736.95,23664.6,False
PLT-OH2,MAT-047,2025-03-17,23966.42,23874.67,24058.38,23948.7,False
PLT-OH2,MAT-047,2025-03-24,23714.21,23622.46,23806.17,24075.9,False
PLT-OH2,MAT-047,2025-03-31,23697.6,23605.64,23789.35,25892.2,False
PLT-OH2,MAT-047,2025-04-07,23697.6,23605.64,23789.35,,True
PLT-OH2,MAT-047,2025-04-14,23831.14,23701.29,23961.1,,True
PLT-OH2,MAT-047,2025-04-21,23670.29,23511.17,23829.41,,True
PLT-OH2,MAT-047,2025-04-28,23832.24,23648.53,24016.16,,True
PLT-OH2,MAT-047,2025-05-05,23670.29,23464.87,23875.81,,True
PLT-OH2,MAT-047,2025-05-12,23832.24,23607.24,24057.35,,True
PLT-OH2,MAT-047,2025-05-19,23670.29,23427.19,23913.49,,True
PLT-OH2,MAT-047,2025-05-26,23832.24,23572.43,24092.26,,True
PLT-OH2,MAT-048,2024-12-30,13250.76,13158.8,13342.72,13215.3,False
PLT-OH2,MAT-048,2025-01-06,21896.51,21804.66,21988.37,21902.0,False
PLT-OH2,MAT-048,2025-01-13,22310.98,22219.02,22402.83,22302.9,False
PLT-OH2,MAT-048,2025-01-20,22087.66,21995.7,22179.51,22074.7,False
PLT-OH2,MAT-048,2025-01-27,22100.61,22008.65,22192.47,22130.7,False
PLT-OH2,MAT-048,2025-02-03,23102.85,23010.89,23194.81,23140.6,False
PLT-OH2,MAT-048,2025-02-10,22892.83,22800.87,22984.69,22871.7,False
PLT-OH2,MAT-048,2025-02-17,22869.53,22777.68,22961.49,22861.4,False
PLT-OH2,MAT-048,2025-02-24,23013.57,22921.72,23105.53,22961.1,False
PLT-OH2,MAT-048,2025-03-03,23836.77,23744.91,23928.62,23855.0,False
PLT-OH2,MAT-048,2025-03-10,23645.09,23553.24,23736.95,23664.6,False
PLT-OH2,MAT-048,2025-03-17,23966.42,23874.67,24058.38,23948.7,False
PLT-OH2,MAT-048,2025-03-24,23714.21,23622.46,23806.17,24075.9,False
PLT-OH2,MAT-048,2025-03-31,23697.6,23605.64,23789.35,25892.2,False
PLT-OH2,MAT-048,2025-04-07,23697.6,23605.64,23789.35,,True
PLT-OH2,MAT-048,2025-04-14,23831.14,23701.29,23961.1,,True
PLT-OH2,MAT-048,2025-04-21,23670.29,23511.17,23829.41,,True
PLT-OH2,MAT-048,2025-04-28,23832.24,23648.53,24016.16,,True
PLT-OH2,MAT-048,2025-05-05,23670.29,23464.87,23875.81,,True
PLT-OH2,MAT-048,2025-05-12,23832.24,23607.24,24057.35,,True
PLT-OH2,MAT-048,2025-05-19,23670.29,23427.19,23913.49,,True
PLT-OH2,MAT-048,2025-05-26,23832.24,23572.43,24092.26,,True
PLT-OH2,MAT-049,2024-12-30,132.51,131.59,133.43,132.15,False
PLT-OH2,MAT-049,2025-01-06,218.97,218.05,219.88,219.02,False
PLT-OH2,MAT-049,2025-01-13,223.11,222.19,224.03,223.03,False
PLT-OH2,MAT-049,2025-01-20,220.88,219.96,221.8,220.75,False
PLT-OH2,MAT-049,2025-01-27,221.01,220.09,221.92,221.31,False
PLT-OH2,MAT-049,2025-02-03,231.03,230.11,231.95,231.41,False
PLT-OH2,MAT-049,2025-02-10,228.93,228.01,229.85,228.72,False
PLT-OH2,MAT-049,2025-02-17,228.7,227.78,229.61,228.61,False
PLT-OH2,MAT-049,2025-02-24,230.14,229.22,231.06,229.61,False
PLT-OH2,MAT-049,2025-03-03,238.37,237.45,239.29,238.55,False
PLT-OH2,MAT-049,2025-03-10,236.45,235.53,237.37,236.65,False
PLT-OH2,MAT-049,2025-03-17,239.66,238.75,240.58,239.49,False
PLT-OH2,MAT-049,2025-03-24,237.14,236.22,238.06,240.76,False
PLT-OH2,MAT-049,2025-03-31,236.98,236.06,237.89,258.92,False
PLT-OH2,MAT-049,2025-04-07,236.98,236.06,237.89,,True
PLT-OH2,MAT-049,2025-04-14,238.31,237.01,239.61,,True
PLT-OH2,MAT-049,2025-04-21,236.7,235.11,238.29,,True
PLT-OH2,MAT-049,2025-04-28,238.32,236.49,240.16,,True
PLT-OH2,MAT-049,2025-05-05,236.7,234.65,238.76,,True
PLT-OH2,MAT-049,2025-05-12,238.32,236.07,240.57,,True
PLT-OH2,MAT-049,2025-05-19,236.7,234.27,239.13,,True
PLT-OH2,MAT-049,2025-05-26,238.32,235.72,240.92,,True
PLT-OH2,MAT-050,2024-12-30,132.51,131.59,133.43,132.15,False
PLT-OH2,MAT-050,2025-01-06,218.97,218.05,219.88,219.02,False
PLT-OH2,MAT-050,2025-01-13,223.11,222.19,224.03,223.03,False
PLT-OH2,MAT-050,2025-01-20,220.88,219.96,221.8,220.75,False
PLT-OH2,MAT-050,2025-01-27,221.01,220.09,221.92,221.31,False
PLT-OH2,MAT-050,2025-02-03,231.03,230.11,231.95,231.41,False
PLT-OH2,MAT-050,2025-02-10,228.93,228.01,229.85,228.72,False
PLT-OH2,MAT-050,2025-02-17,228.7,227.78,229.61,228.61,False
PLT-OH2,MAT-050,2025-02-24,230.14,229.22,231.06,229.61,False
PLT-OH2,MAT-050,2025-03-03,238.37,237.45,239.29,238.55,False
PLT-OH2,MAT-050,2025-03-10,236.45,235.53,237.37,236.65,False
PLT-OH2,MAT-050,2025-03-17,239.66,238.75,240.58,239.49,False
PLT-OH2,MAT-050,2025-03-24,237.14,236.22,238.06,240.76,False
PLT-OH2,MAT-050,2025-03-31,236.98,236.06,237.89,258.92,False
PLT-OH2,MAT-050,2025-04-07,236.98,236.06,237.89,,True
PLT-OH2,MAT-050,2025-04-14,238.31,237.01,239.61,,True
PLT-OH2,MAT-050,2025-04-21,236.7,235.11,238.29,,True
PLT-OH2,MAT-050,2025-04-28,238.32,236.49,240.16,,True
PLT-OH2,MAT-050,2025-05-05,236.7,234.65,238.76,,True
PLT-OH2,MAT-050,2025-05-12,238.32,236.07,240.57,,True
PLT-OH2,MAT-050,2025-05-19,236.7,234.27,239.13,,True
PLT-OH2,MAT-050,2025-05-26,238.32,235.72,240.92,,True
