snapshot_id,snapshot_date,plant_id,material_id,quantity_on_hand,unit_cost,inventory_value,safety_stock_level,reorder_point,days_forward_coverage
1,2025-01-01,PLT-AZ1,MAT-001,258319.8746,27.593,7127820.2995,188811.8528,197021.0638,62.93
2,2025-01-01,PLT-AZ1,MAT-002,255756.0545,22.017,5630981.0512,192916.4583,203177.972,62.31
3,2025-01-01,PLT-AZ1,MAT-003,1023405.101,4.2603,4360012.7517,804502.677,861967.154,62.33
4,2025-01-01,PLT-AZ1,MAT-004,5074.4643,87.8254,445666.8611,3940.4213,4227.7437,61.81
5,2025-01-01,PLT-AZ1,MAT-005,2359.7965,329.4044,777327.3605,1822.4448,1908.6416,95.82
6,2025-01-01,PLT-AZ1,MAT-006,827.8389,205.1512,169832.1419,632.1092,673.1553,100.84
7,2025-01-01,PLT-AZ1,MAT-007,1287.7282,174.9688,225312.2575,997.4191,1065.1451,104.58
8,2025-01-01,PLT-AZ1,MAT-008,429.111,427.191,183312.3426,332.473,355.0484,104.54
9,2025-01-01,PLT-AZ1,MAT-009,418.0319,94.8709,39659.066,324.2638,340.6823,101.84
10,2025-01-01,PLT-AZ1,MAT-010,206.0202,9.7205,2002.6191,172.3934,186.7596,100.38
11,2025-01-01,PLT-AZ1,MAT-011,409062.5685,6.6129,2705089.859,311950.0176,332473.0451,49.83
12,2025-01-01,PLT-AZ1,MAT-012,402209.7556,4.1413,1665671.2609,295531.5956,307845.4121,48.99
13,2025-01-01,PLT-AZ1,MAT-013,181553.8533,2.3057,418608.7195,147765.7978,153922.7061,44.23
14,2025-01-01,PLT-AZ1,MAT-014,175388.5255,0.8624,151255.0644,151870.4033,162131.9171,42.73
15,2025-01-01,PLT-AZ1,MAT-015,195260.3082,1.2162,237475.5868,160079.6143,174445.7335,47.57
16,2025-01-01,PLT-AZ1,MAT-016,153599.6144,7.7857,1195880.5176,127242.7703,133399.6786,37.42
17,2025-01-01,PLT-AZ1,MAT-017,175027.5236,2.3172,405573.7776,135451.9813,145713.4951,42.64
18,2025-01-01,PLT-AZ1,MAT-018,775.5806,18.9273,14679.6474,574.6448,605.4293,37.79
19,2025-01-01,PLT-AZ1,MAT-019,461363.2165,0.6792,313357.8966,381728.311,400199.0358,37.47
20,2025-01-01,PLT-AZ1,MAT-020,378686.3207,0.4353,164842.1554,348891.4671,379676.0083,36.9
21,2025-01-01,PLT-AZ1,MAT-021,278882.4786,0.2967,82744.4314,206872.117,217954.5518,37.75
22,2025-01-01,PLT-AZ1,MAT-022,1326.0253,99.6278,132108.9831,1017.9422,1083.6159,40.38
23,2025-01-01,PLT-AZ1,MAT-023,1458.7466,143.5576,209414.1642,1416.0889,1539.2271,23.69
24,2025-01-01,PLT-AZ1,MAT-024,229.5178,61.4043,14093.3787,172.3934,180.6026,27.96
25,2025-01-01,PLT-AZ1,MAT-025,163.0662,180.0,29351.9186,143.6612,153.9227,39.73
26,2025-01-01,PLT-AZ1,MAT-027,190.5545,4.5718,871.1772,172.3934,180.6026,23.21
27,2025-01-01,PLT-AZ1,MAT-028,6553.4964,45.0,294907.3364,5746.4477,6156.9082,39.92
28,2025-01-01,PLT-AZ1,MAT-029,164060.4652,2.8,459369.3026,143661.1923,153922.7061,39.97
29,2025-01-01,PLT-AZ1,MAT-030,375.3921,22.0,8258.6272,287.3224,307.8454,45.73
30,2025-01-01,PLT-AZ1,MAT-031,561.8474,15.0,8427.7103,430.9836,461.7681,45.63
31,2025-01-01,PLT-AZ1,MAT-032,164435.1316,5.5,904393.2236,143661.1923,153922.7061,40.06
32,2025-01-01,PLT-AZ1,MAT-038,641.731,189.7163,121746.8402,529.4941,560.2787,52.11
33,2025-01-01,PLT-AZ1,MAT-039,428.5982,217.3926,93174.0748,352.9961,373.5191,52.21
34,2025-01-01,PLT-AZ1,MAT-040,115916.4831,30.0593,3484368.3404,90301.3209,96458.2291,56.48
35,2025-01-01,PLT-AZ1,MAT-047,164806.5489,3.2,527380.9564,143661.1923,153922.7061,40.15
36,2025-01-01,PLT-AZ1,MAT-048,183131.2271,1.8,329636.2087,143661.1923,153922.7061,44.62
37,2025-01-01,PLT-AZ1,MAT-049,813.5575,8.4709,6891.5641,615.6908,656.7369,19.82
38,2025-01-01,PLT-AZ1,MAT-050,1820.1171,22.0,40042.5757,1436.6119,1539.2271,44.34
39,2025-01-01,PLT-OH2,MAT-001,282345.4159,27.4849,7760235.5227,224363.556,234118.4932,57.89
40,2025-01-01,PLT-OH2,MAT-002,306122.3373,21.8027,6674293.4838,229241.0246,241434.6961,62.76
41,2025-01-01,PLT-OH2,MAT-003,1209320.9325,4.2428,5130906.8524,955983.8473,1024268.4079,61.99
42,2025-01-01,PLT-OH2,MAT-004,5532.3443,87.7775,485615.3506,4682.3699,5023.7927,56.71
43,2025-01-01,PLT-OH2,MAT-005,2972.4708,335.0481,995920.6896,2546.0386,2780.1571,101.57
44,2025-01-01,PLT-OH2,MAT-006,439.9019,210.0,92379.3952,341.4228,365.8101,45.1
45,2025-01-01,PLT-OH2,MAT-007,1543.1706,174.995,270047.1478,1185.2249,1265.7031,105.46
46,2025-01-01,PLT-OH2,MAT-008,487.3429,429.3699,209250.376,395.075,421.901,99.92
47,2025-01-01,PLT-OH2,MAT-009,518.1303,101.4333,52555.6695,385.32,404.8299,106.23
48,2025-01-01,PLT-OH2,MAT-010,257.1592,9.8968,2545.053,204.8537,221.9248,105.45
49,2025-01-01,PLT-OH2,MAT-011,483499.0543,6.8872,3329954.6867,370687.6143,395074.9573,49.56
50,2025-01-01,PLT-OH2,MAT-012,482082.576,3.9636,1910782.498,351177.7398,365810.1457,49.42
51,2025-01-01,PLT-OH2,MAT-013,242613.9587,2.3388,567425.5266,175588.8699,182905.0728,49.74
52,2025-01-01,PLT-OH2,MAT-014,235054.4089,0.8842,207835.1084,180466.3385,192660.0101,48.19
53,2025-01-01,PLT-OH2,MAT-015,232567.8092,1.2039,279988.3855,190221.2757,207292.4159,47.68
54,2025-01-01,PLT-OH2,MAT-016,205473.887,7.9279,1628976.4289,151201.5269,158517.7298,42.13
55,2025-01-01,PLT-OH2,MAT-017,202414.8086,2.1744,440130.7597,160956.4641,173150.1356,41.5
56,2025-01-01,PLT-OH2,MAT-018,1079.4784,18.0,19430.6107,853.557,914.5254,44.26
57,2025-01-01,PLT-OH2,MAT-019,602531.0442,0.6768,407793.0107,453604.5806,475553.1894,41.18
58,2025-01-01,PLT-OH2,MAT-020,504183.0225,0.436,219823.7978,414584.8318,451165.8463,41.35
59,2025-01-01,PLT-OH2,MAT-021,394270.7793,0.28,110395.8182,307280.5224,329229.1311,44.91
60,2025-01-01,PLT-OH2,MAT-022,1566.4825,102.9547,161276.7311,1170.5925,1229.1221,40.15
61,2025-01-01,PLT-OH2,MAT-023,1701.5121,138.4548,235582.5217,1682.7267,1829.0507,23.26
62,2025-01-01,PLT-OH2,MAT-024,233.8013,62.8156,14686.3674,204.8537,214.6086,23.97
63,2025-01-01,PLT-OH2,MAT-025,196.7657,180.0,35417.8313,170.7114,182.9051,40.34
64,2025-01-01,PLT-OH2,MAT-027,276.7869,4.5384,1256.1698,204.8537,214.6086,28.37
65,2025-01-01,PLT-OH2,MAT-028,8631.1612,45.0,388402.2555,6828.4561,7316.2029,44.24
66,2025-01-01,PLT-OH2,MAT-029,217062.9118,2.8,607776.1531,170711.4013,182905.0728,44.5
67,2025-01-01,PLT-OH2,MAT-030,441.8954,22.0,9721.6979,341.4228,365.8101,45.3
68,2025-01-01,PLT-OH2,MAT-031,657.6368,15.0,9864.5517,512.1342,548.7152,44.94
69,2025-01-01,PLT-OH2,MAT-032,222817.2374,5.5,1225494.8055,170711.4013,182905.0728,45.68
70,2025-01-01,PLT-OH2,MAT-038,689.1604,177.4999,122325.9106,541.399,577.98,47.1
71,2025-01-01,PLT-OH2,MAT-039,470.7025,210.363,99018.3912,360.9327,385.32,48.25
72,2025-01-01,PLT-OH2,MAT-040,126418.5872,30.6366,3873035.6899,102426.8408,107304.3094,51.84
73,2025-01-01,PLT-OH2,MAT-047,115286.4588,3.0756,354575.0328,87794.435,92671.9036,23.64
74,2025-01-01,PLT-OH2,MAT-048,115887.52,1.8132,210127.2513,87794.435,92671.9036,23.76
75,2025-01-01,PLT-OH2,MAT-049,977.193,8.3142,8124.5778,731.6203,780.395,20.03
76,2025-01-01,PLT-OH2,MAT-050,1186.0041,21.749,25794.4024,926.719,999.8811,24.32
77,2025-01-01,PLT-OH1,MAT-001,147702.1172,28.8735,4264677.0809,107764.3326,112449.7383,63.05
78,2025-01-01,PLT-OH1,MAT-002,145854.8799,21.9325,3198962.153,110107.0354,115963.7927,62.26
79,2025-01-01,PLT-OH1,MAT-003,588277.1374,4.2749,2514825.9345,459169.7648,491967.6052,62.78
80,2025-01-01,PLT-OH1,MAT-004,2882.6196,88.4378,254932.5336,2248.9948,2412.984,61.52
81,2025-01-01,PLT-OH1,MAT-005,628.7872,320.0,201211.8939,491.9676,527.1081,44.73
82,2025-01-01,PLT-OH1,MAT-006,208.4144,210.0,43767.0262,163.9892,175.7027,44.48
83,2025-01-01,PLT-OH1,MAT-007,735.3933,180.8848,133021.4629,569.2768,607.9314,104.64
84,2025-01-01,PLT-OH1,MAT-008,246.0298,418.6467,102999.5461,189.7589,202.6438,105.02
85,2025-01-01,PLT-OH1,MAT-009,104.8473,95.0,9960.4896,81.9946,87.8514,44.75
86,2025-01-01,PLT-OH1,MAT-010,122.175,9.7412,1190.1312,98.3935,106.593,104.3
87,2025-01-01,PLT-OH1,MAT-011,210678.4469,6.8227,1437395.8395,178045.419,189758.9334,44.96
88,2025-01-01,PLT-OH1,MAT-012,210745.8914,3.998,842562.0738,168674.6075,175702.7161,44.98
89,2025-01-01,PLT-OH1,MAT-013,103767.6476,2.262,234722.4189,84337.3037,87851.3581,44.29
90,2025-01-01,PLT-OH1,MAT-014,100080.8171,0.8528,85348.9208,86680.0066,92536.7638,42.72
91,2025-01-01,PLT-OH1,MAT-015,114316.4887,1.2217,139660.4542,91365.4124,99564.8725,48.8
92,2025-01-01,PLT-OH1,MAT-016,97840.307,7.9901,781753.8372,72623.7893,76137.8437,41.76
93,2025-01-01,PLT-OH1,MAT-017,96866.5431,2.2888,221708.1438,77309.1951,83165.9523,41.35
94,2025-01-01,PLT-OH1,MAT-018,382.2245,19.689,7525.6184,327.9784,345.5487,32.63
95,2025-01-01,PLT-OH1,MAT-019,293891.1787,0.6835,200874.6206,217871.368,228413.531,41.82
96,2025-01-01,PLT-OH1,MAT-020,247709.9117,0.4589,113674.0785,199129.745,216700.0166,42.29
97,2025-01-01,PLT-OH1,MAT-021,143566.7727,0.2906,41720.5041,134939.686,147590.2816,34.05
98,2025-01-01,PLT-OH1,MAT-022,849.1042,95.0,80664.8974,655.9568,702.8109,45.31
99,2025-01-01,PLT-OH1,MAT-023,1592.1259,145.0,230858.2504,1229.919,1317.7704,45.31
100,2025-01-01,PLT-OH1,MAT-024,186.7111,62.0,11576.0868,163.9892,175.7027,39.85
101,2025-01-01,PLT-OH1,MAT-025,93.6811,180.0,16862.5997,81.9946,87.8514,39.99
102,2025-01-01,PLT-OH1,MAT-027,211.64,4.5,952.3798,163.9892,175.7027,45.17
103,2025-01-01,PLT-OH1,MAT-028,4238.1883,45.0,190718.4715,3279.784,3514.0543,45.23
104,2025-01-01,PLT-OH1,MAT-029,104235.5191,2.8,291859.4533,81994.6009,87851.3581,44.49
105,2025-01-01,PLT-OH1,MAT-030,212.2571,22.0,4669.6555,163.9892,175.7027,45.3
106,2025-01-01,PLT-OH1,MAT-031,315.2687,15.0,4729.0309,245.9838,263.5541,44.86
107,2025-01-01,PLT-OH1,MAT-032,105618.3207,5.5,580900.7637,81994.6009,87851.3581,45.08
108,2025-01-01,PLT-OH1,MAT-038,339.0348,178.359,60469.8996,260.04,277.6103,48.24
109,2025-01-01,PLT-OH1,MAT-039,229.599,202.1605,46415.8581,173.36,185.0735,49.0
110,2025-01-01,PLT-OH1,MAT-040,54164.8475,29.6962,1608490.1429,44511.3548,48611.0848,46.24
111,2025-01-01,PLT-OH1,MAT-047,107160.7032,3.2,342914.2503,81994.6009,87851.3581,45.74
112,2025-01-01,PLT-OH1,MAT-048,105984.9668,1.8,190772.9403,81994.6009,87851.3581,45.24
113,2025-01-01,PLT-OH1,MAT-049,1041.5337,8.5,8853.0363,819.946,878.5136,44.46
114,2025-01-01,PLT-OH1,MAT-050,1062.8942,22.0,23383.6733,819.946,878.5136,45.37
115,2025-01-08,PLT-AZ1,MAT-001,255736.1876,27.593,7056528.6243,188811.8528,197021.0638,62.3
116,2025-01-08,PLT-AZ1,MAT-002,257312.2185,22.017,5665243.1145,192916.4583,203177.972,62.69
117,2025-01-08,PLT-AZ1,MAT-003,1014074.081,4.2603,4320259.8072,804502.677,861967.154,61.76
118,2025-01-08,PLT-AZ1,MAT-004,5104.0615,87.8254,448266.2467,3940.4213,4227.7437,62.17
119,2025-01-08,PLT-AZ1,MAT-005,2272.2375,329.4044,748485.0434,1822.4448,1908.6416,92.26
120,2025-01-08,PLT-AZ1,MAT-006,823.8161,205.1512,169006.8605,632.1092,673.1553,100.35
121,2025-01-08,PLT-AZ1,MAT-007,1295.6775,174.9688,226703.138,997.4191,1065.1451,105.22
122,2025-01-08,PLT-AZ1,MAT-008,432.6775,427.191,184835.9141,332.473,355.0484,105.41
123,2025-01-08,PLT-AZ1,MAT-009,422.4309,94.8709,40076.3968,324.2638,340.6823,102.92
124,2025-01-08,PLT-AZ1,MAT-010,198.1228,9.7205,1925.8528,172.3934,186.7596,96.54
125,2025-01-08,PLT-AZ1,MAT-011,366832.4713,6.6129,2425826.4496,311950.0176,332473.0451,44.69
126,2025-01-08,PLT-AZ1,MAT-012,361757.9326,4.1413,1498148.1265,295531.5956,307845.4121,44.07
127,2025-01-08,PLT-AZ1,MAT-013,167157.5457,2.3057,385415.1531,147765.7978,153922.7061,40.72
128,2025-01-08,PLT-AZ1,MAT-014,161376.3329,0.8624,139170.9495,151870.4033,162131.9171,39.32
129,2025-01-08,PLT-AZ1,MAT-015,174606.1571,1.2162,212356.0083,160079.6143,174445.7335,42.54
130,2025-01-08,PLT-AZ1,MAT-016,158566.2408,7.7857,1234549.1811,127242.7703,133399.6786,38.63
131,2025-01-08,PLT-AZ1,MAT-017,175778.1888,2.3172,407313.2191,135451.9813,145713.4951,42.82
132,2025-01-08,PLT-AZ1,MAT-018,785.9794,18.9273,14876.4674,574.6448,605.4293,38.3
133,2025-01-08,PLT-AZ1,MAT-019,486548.5355,0.6792,330463.7653,381728.311,400199.0358,39.51
134,2025-01-08,PLT-AZ1,MAT-020,390944.8275,0.4353,170178.2834,348891.4671,379676.0083,38.1
135,2025-01-08,PLT-AZ1,MAT-021,273328.1044,0.2967,81096.4486,206872.117,217954.5518,36.99
136,2025-01-08,PLT-AZ1,MAT-022,1177.6094,99.6278,117322.6329,1017.9422,1083.6159,35.86
137,2025-01-08,PLT-AZ1,MAT-023,1236.3634,143.5576,177489.3642,1416.0889,1539.2271,20.08
138,2025-01-08,PLT-AZ1,MAT-024,225.8466,61.4043,13867.9533,172.3934,180.6026,27.51
139,2025-01-08,PLT-AZ1,MAT-025,171.5336,180.0,30876.0477,143.6612,153.9227,41.79
140,2025-01-08,PLT-AZ1,MAT-027,164.2514,4.5718,750.9247,172.3934,180.6026,20.01
141,2025-01-08,PLT-AZ1,MAT-028,6803.2568,45.0,306146.5547,5746.4477,6156.9082,41.44
142,2025-01-08,PLT-AZ1,MAT-029,169975.7353,2.8,475932.0588,143661.1923,153922.7061,41.41
143,2025-01-08,PLT-AZ1,MAT-030,372.1714,22.0,8187.7699,287.3224,307.8454,45.34
144,2025-01-08,PLT-AZ1,MAT-031,503.1692,15.0,7547.5385,430.9836,461.7681,40.86
145,2025-01-08,PLT-AZ1,MAT-032,170296.6169,5.5,936631.3929,143661.1923,153922.7061,41.49
146,2025-01-08,PLT-AZ1,MAT-038,660.6902,189.7163,125343.6952,529.4941,560.2787,53.65
147,2025-01-08,PLT-AZ1,MAT-039,434.649,217.3926,94489.4698,352.9961,373.5191,52.95
148,2025-01-08,PLT-AZ1,MAT-040,115342.9981,30.0593,3467129.7828,90301.3209,96458.2291,56.2
149,2025-01-08,PLT-AZ1,MAT-047,167828.3441,3.2,537050.7012,143661.1923,153922.7061,40.89
150,2025-01-08,PLT-AZ1,MAT-048,164900.9237,1.8,296821.6626,143661.1923,153922.7061,40.17
151,2025-01-08,PLT-AZ1,MAT-049,842.8278,8.4709,7139.5101,615.6908,656.7369,20.53
152,2025-01-08,PLT-AZ1,MAT-050,1797.3536,22.0,39541.7797,1436.6119,1539.2271,43.79
153,2025-01-08,PLT-OH2,MAT-001,287830.1504,27.4849,7910982.9004,224363.556,234118.4932,59.01
154,2025-01-08,PLT-OH2,MAT-002,306866.9115,21.8027,6690527.2103,229241.0246,241434.6961,62.92
155,2025-01-08,PLT-OH2,MAT-003,1207189.6943,4.2428,5121864.4352,955983.8473,1024268.4079,61.88
156,2025-01-08,PLT-OH2,MAT-004,5639.9479,87.7775,495060.5244,4682.3699,5023.7927,57.82
157,2025-01-08,PLT-OH2,MAT-005,2997.4818,335.0481,1004300.5971,2546.0386,2780.1571,102.43
158,2025-01-08,PLT-OH2,MAT-006,441.0961,210.0,92630.1792,341.4228,365.8101,45.22
159,2025-01-08,PLT-OH2,MAT-007,1472.8565,174.995,257742.5213,1185.2249,1265.7031,100.66
160,2025-01-08,PLT-OH2,MAT-008,496.9959,429.3699,213395.0704,395.075,421.901,101.9
161,2025-01-08,PLT-OH2,MAT-009,520.73,101.4333,52819.3634,385.32,404.8299,106.76
162,2025-01-08,PLT-OH2,MAT-010,255.307,9.8968,2526.722,204.8537,221.9248,104.69
163,2025-01-08,PLT-OH2,MAT-011,489762.1817,6.8872,3373090.098,370687.6143,395074.9573,50.21
164,2025-01-08,PLT-OH2,MAT-012,479651.1972,3.9636,1901145.4852,351177.7398,365810.1457,49.17
165,2025-01-08,PLT-OH2,MAT-013,247450.0125,2.3388,578736.0892,175588.8699,182905.0728,50.73
166,2025-01-08,PLT-OH2,MAT-014,234771.0418,0.8842,207584.5552,180466.3385,192660.0101,48.13
167,2025-01-08,PLT-OH2,MAT-015,233511.7262,1.2039,281124.7672,190221.2757,207292.4159,47.88
168,2025-01-08,PLT-OH2,MAT-016,182719.1229,7.9279,1448578.9347,151201.5269,158517.7298,37.46
169,2025-01-08,PLT-OH2,MAT-017,180655.819,2.1744,392818.0129,160956.4641,173150.1356,37.04
170,2025-01-08,PLT-OH2,MAT-018,1079.3585,18.0,19428.4536,853.557,914.5254,44.26
171,2025-01-08,PLT-OH2,MAT-019,599063.072,0.6768,405445.8872,453604.5806,475553.1894,40.94
172,2025-01-08,PLT-OH2,MAT-020,451349.9422,0.436,196788.5748,414584.8318,451165.8463,37.02
173,2025-01-08,PLT-OH2,MAT-021,349566.692,0.28,97878.6738,307280.5224,329229.1311,39.82
174,2025-01-08,PLT-OH2,MAT-022,1568.6179,102.9547,161496.5845,1170.5925,1229.1221,40.2
175,2025-01-08,PLT-OH2,MAT-023,1831.9079,138.4548,253636.4457,1682.7267,1829.0507,25.04
176,2025-01-08,PLT-OH2,MAT-024,201.8377,62.8156,12678.5583,204.8537,214.6086,20.69
177,2025-01-08,PLT-OH2,MAT-025,206.9817,180.0,37256.7067,170.7114,182.9051,42.44
178,2025-01-08,PLT-OH2,MAT-027,225.9133,4.5384,1025.285,204.8537,214.6086,23.16
179,2025-01-08,PLT-OH2,MAT-028,7693.4545,45.0,346205.4517,6828.4561,7316.2029,39.43
180,2025-01-08,PLT-OH2,MAT-029,195020.0037,2.8,546056.0104,170711.4013,182905.0728,39.98
181,2025-01-08,PLT-OH2,MAT-030,439.2195,22.0,9662.8296,341.4228,365.8101,45.03
182,2025-01-08,PLT-OH2,MAT-031,664.065,15.0,9960.9743,512.1342,548.7152,45.38
183,2025-01-08,PLT-OH2,MAT-032,222868.7595,5.5,1225778.1772,170711.4013,182905.0728,45.69
184,2025-01-08,PLT-OH2,MAT-038,687.1215,177.4999,121964.0053,541.399,577.98,46.96
185,2025-01-08,PLT-OH2,MAT-039,467.1229,210.363,98265.3719,360.9327,385.32,47.89
186,2025-01-08,PLT-OH2,MAT-040,128270.6206,30.6366,3929775.6959,102426.8408,107304.3094,52.6
187,2025-01-08,PLT-OH2,MAT-047,120020.7878,3.0756,369135.935,87794.435,92671.9036,24.61
188,2025-01-08,PLT-OH2,MAT-048,90894.8357,1.8132,164810.5161,87794.435,92671.9036,18.64
189,2025-01-08,PLT-OH2,MAT-049,934.8838,8.3142,7772.8109,731.6203,780.395,19.17
190,2025-01-08,PLT-OH2,MAT-050,1218.8537,21.749,26508.8497,926.719,999.8811,24.99
191,2025-01-08,PLT-OH1,MAT-001,149561.99,28.8735,4318378.1176,107764.3326,112449.7383,63.84
192,2025-01-08,PLT-OH1,MAT-002,134393.5994,21.9325,2947587.6194,110107.0354,115963.7927,57.37
193,2025-01-08,PLT-OH1,MAT-003,545435.5858,4.2749,2331682.5859,459169.7648,491967.6052,58.21
194,2025-01-08,PLT-OH1,MAT-004,2894.7018,88.4378,256001.0623,2248.9948,2412.984,61.78
195,2025-01-08,PLT-OH1,MAT-005,621.8487,320.0,198991.5968,491.9676,527.1081,44.24
196,2025-01-08,PLT-OH1,MAT-006,186.1822,210.0,39098.2537,163.9892,175.7027,39.74
197,2025-01-08,PLT-OH1,MAT-007,736.1693,180.8848,133161.8423,569.2768,607.9314,104.75
198,2025-01-08,PLT-OH1,MAT-008,244.5763,418.6467,102391.0518,189.7589,202.6438,104.4
199,2025-01-08,PLT-OH1,MAT-009,106.4677,95.0,10114.4288,81.9946,87.8514,45.45
200,2025-01-08,PLT-OH1,MAT-010,116.3291,9.7412,1133.1854,98.3935,106.593,99.31
201,2025-01-08,PLT-OH1,MAT-011,219155.9324,6.8227,1495235.1802,178045.419,189758.9334,46.77
202,2025-01-08,PLT-OH1,MAT-012,215518.9805,3.998,861644.8841,168674.6075,175702.7161,46.0
203,2025-01-08,PLT-OH1,MAT-013,105619.6086,2.262,238911.5547,84337.3037,87851.3581,45.08
204,2025-01-08,PLT-OH1,MAT-014,105047.2398,0.8528,89584.2861,86680.0066,92536.7638,44.84
205,2025-01-08,PLT-OH1,MAT-015,102071.3782,1.2217,124700.6027,91365.4124,99564.8725,43.57
206,2025-01-08,PLT-OH1,MAT-016,86434.5579,7.9901,690620.7609,72623.7893,76137.8437,36.9
207,2025-01-08,PLT-OH1,MAT-017,99207.8068,2.2888,227066.8281,77309.1951,83165.9523,42.35
208,2025-01-08,PLT-OH1,MAT-018,338.6074,19.689,6666.8413,327.9784,345.5487,28.91
209,2025-01-08,PLT-OH1,MAT-019,291600.6658,0.6835,199309.0551,217871.368,228413.531,41.49
210,2025-01-08,PLT-OH1,MAT-020,252042.0562,0.4589,115662.0996,199129.745,216700.0166,43.03
211,2025-01-08,PLT-OH1,MAT-021,129869.7204,0.2906,37740.1407,134939.686,147590.2816,30.8
212,2025-01-08,PLT-OH1,MAT-022,827.8511,95.0,78645.8573,655.9568,702.8109,44.17
213,2025-01-08,PLT-OH1,MAT-023,1409.3851,145.0,204360.8356,1229.919,1317.7704,40.11
214,2025-01-08,PLT-OH1,MAT-024,196.0771,62.0,12156.7774,163.9892,175.7027,41.85
215,2025-01-08,PLT-OH1,MAT-025,96.0299,180.0,17285.3841,81.9946,87.8514,40.99
216,2025-01-08,PLT-OH1,MAT-027,210.4148,4.5,946.8667,163.9892,175.7027,44.91
217,2025-01-08,PLT-OH1,MAT-028,3765.1855,45.0,169433.3464,3279.784,3514.0543,40.18
218,2025-01-08,PLT-OH1,MAT-029,92410.1884,2.8,258748.5275,81994.6009,87851.3581,39.45
219,2025-01-08,PLT-OH1,MAT-030,209.3467,22.0,4605.6283,163.9892,175.7027,44.68
220,2025-01-08,PLT-OH1,MAT-031,282.8664,15.0,4242.9958,245.9838,263.5541,40.25
221,2025-01-08,PLT-OH1,MAT-032,94357.3714,5.5,518965.5425,81994.6009,87851.3581,40.28
222,2025-01-08,PLT-OH1,MAT-038,342.1725,178.359,61029.542,260.04,277.6103,48.69
223,2025-01-08,PLT-OH1,MAT-039,205.8511,202.1605,41614.9567,173.36,185.0735,43.93
224,2025-01-08,PLT-OH1,MAT-040,54031.7774,29.6962,1604538.4684,44511.3548,48611.0848,46.13
225,2025-01-08,PLT-OH1,MAT-047,107723.232,3.2,344714.3425,81994.6009,87851.3581,45.98
226,2025-01-08,PLT-OH1,MAT-048,107289.014,1.8,193120.2253,81994.6009,87851.3581,45.8
227,2025-01-08,PLT-OH1,MAT-049,1024.7744,8.5,8710.5821,819.946,878.5136,43.74
228,2025-01-08,PLT-OH1,MAT-050,1069.0492,22.0,23519.0819,819.946,878.5136,45.63
229,2025-01-15,PLT-AZ1,MAT-001,257633.2112,27.593,7108873.196,188811.8528,197021.0638,62.77
230,2025-01-15,PLT-AZ1,MAT-002,256815.0451,22.017,5654296.8479,192916.4583,203177.972,62.57
231,2025-01-15,PLT-AZ1,MAT-003,1013452.2579,4.2603,4317610.6544,804502.677,861967.154,61.73
232,2025-01-15,PLT-AZ1,MAT-004,4703.8656,87.8254,413118.8764,3940.4213,4227.7437,57.3
233,2025-01-15,PLT-AZ1,MAT-005,2358.9737,329.4044,777056.3282,1822.4448,1908.6416,95.79
234,2025-01-15,PLT-AZ1,MAT-006,783.7675,205.1512,160790.852,632.1092,673.1553,95.47
235,2025-01-15,PLT-AZ1,MAT-007,1297.9128,174.9688,227094.241,997.4191,1065.1451,105.4
236,2025-01-15,PLT-AZ1,MAT-008,433.6023,427.191,185231.009,332.473,355.0484,105.64
237,2025-01-15,PLT-AZ1,MAT-009,428.3608,94.8709,40638.9744,324.2638,340.6823,104.36
238,2025-01-15,PLT-AZ1,MAT-010,202.6354,9.7205,1969.7176,172.3934,186.7596,98.74
239,2025-01-15,PLT-AZ1,MAT-011,380931.0406,6.6129,2519058.8782,311950.0176,332473.0451,46.4
240,2025-01-15,PLT-AZ1,MAT-012,332442.9345,4.1413,1376745.9248,295531.5956,307845.4121,40.5
241,2025-01-15,PLT-AZ1,MAT-013,158525.3183,2.3057,365511.8265,147765.7978,153922.7061,38.62
242,2025-01-15,PLT-AZ1,MAT-014,175088.7817,0.8624,150996.5653,151870.4033,162131.9171,42.66
243,2025-01-15,PLT-AZ1,MAT-015,160453.8864,1.2162,195144.0167,160079.6143,174445.7335,39.09
244,2025-01-15,PLT-AZ1,MAT-016,159600.9398,7.7857,1242605.0372,127242.7703,133399.6786,38.88
245,2025-01-15,PLT-AZ1,MAT-017,173510.9024,2.3172,402059.4631,135451.9813,145713.4951,42.27
246,2025-01-15,PLT-AZ1,MAT-018,771.3981,18.9273,14600.4837,574.6448,605.4293,37.59
247,2025-01-15,PLT-AZ1,MAT-019,500815.1368,0.6792,340153.6409,381728.311,400199.0358,40.67
248,2025-01-15,PLT-AZ1,MAT-020,350526.7506,0.4353,152584.2946,348891.4671,379676.0083,34.16
249,2025-01-15,PLT-AZ1,MAT-021,276162.1719,0.2967,81937.3164,206872.117,217954.5518,37.38
250,2025-01-15,PLT-AZ1,MAT-022,1196.6791,99.6278,119222.5087,1017.9422,1083.6159,36.44
251,2025-01-15,PLT-AZ1,MAT-023,1373.8654,143.5576,197228.8201,1416.0889,1539.2271,22.31
252,2025-01-15,PLT-AZ1,MAT-024,188.2204,61.4043,11557.5398,172.3934,180.6026,22.93
253,2025-01-15,PLT-AZ1,MAT-025,156.5453,180.0,28178.1493,143.6612,153.9227,38.14
254,2025-01-15,PLT-AZ1,MAT-027,190.1961,4.5718,869.5385,172.3934,180.6026,23.17
255,2025-01-15,PLT-AZ1,MAT-028,7086.845,45.0,318908.0263,5746.4477,6156.9082,43.16
256,2025-01-15,PLT-AZ1,MAT-029,176215.7629,2.8,493404.1361,143661.1923,153922.7061,42.93
257,2025-01-15,PLT-AZ1,MAT-030,364.3895,22.0,8016.5697,287.3224,307.8454,44.39
258,2025-01-15,PLT-AZ1,MAT-031,525.2413,15.0,7878.6196,430.9836,461.7681,42.65
259,2025-01-15,PLT-AZ1,MAT-032,153555.4069,5.5,844554.7377,143661.1923,153922.7061,37.41
260,2025-01-15,PLT-AZ1,MAT-038,673.5235,189.7163,127778.3775,529.4941,560.2787,54.7
261,2025-01-15,PLT-AZ1,MAT-039,441.4038,217.3926,95957.9227,352.9961,373.5191,53.77
262,2025-01-15,PLT-AZ1,MAT-040,105608.1379,30.0593,3174506.699,90301.3209,96458.2291,51.46
263,2025-01-15,PLT-AZ1,MAT-047,172968.2273,3.2,553498.3274,143661.1923,153922.7061,42.14
264,2025-01-15,PLT-AZ1,MAT-048,168312.6218,1.8,302962.7193,143661.1923,153922.7061,41.01
265,2025-01-15,PLT-AZ1,MAT-049,835.6474,8.4709,7078.6858,615.6908,656.7369,20.36
266,2025-01-15,PLT-AZ1,MAT-050,1803.1818,22.0,39669.9996,1436.6119,1539.2271,43.93
267,2025-01-15,PLT-OH2,MAT-001,291591.1707,27.4849,8014354.1674,224363.556,234118.4932,59.78
268,2025-01-15,PLT-OH2,MAT-002,284230.555,21.8027,6196993.5206,229241.0246,241434.6961,58.27
269,2025-01-15,PLT-OH2,MAT-003,1225291.6557,4.2428,5198667.437,955983.8473,1024268.4079,62.8
270,2025-01-15,PLT-OH2,MAT-004,5771.835,87.7775,506637.2493,4682.3699,5023.7927,59.17
271,2025-01-15,PLT-OH2,MAT-005,3017.2421,335.0481,1010921.2299,2546.0386,2780.1571,103.1
272,2025-01-15,PLT-OH2,MAT-006,390.5988,210.0,82025.7407,341.4228,365.8101,40.04
273,2025-01-15,PLT-OH2,MAT-007,1496.986,174.995,261965.0675,1185.2249,1265.7031,102.31
274,2025-01-15,PLT-OH2,MAT-008,478.7651,429.3699,205567.3338,395.075,421.901,98.16
275,2025-01-15,PLT-OH2,MAT-009,518.0216,101.4333,52544.6379,385.32,404.8299,106.21
276,2025-01-15,PLT-OH2,MAT-010,243.9466,9.8968,2414.2908,204.8537,221.9248,100.03
277,2025-01-15,PLT-OH2,MAT-011,482641.3528,6.8872,3324047.525,370687.6143,395074.9573,49.48
278,2025-01-15,PLT-OH2,MAT-012,429841.0201,3.9636,1703717.8671,351177.7398,365810.1457,44.06
279,2025-01-15,PLT-OH2,MAT-013,241203.8031,2.3388,564127.4547,175588.8699,182905.0728,49.45
280,2025-01-15,PLT-OH2,MAT-014,231506.4423,0.8842,204697.9963,180466.3385,192660.0101,47.46
281,2025-01-15,PLT-OH2,MAT-015,210939.2165,1.2039,253949.7227,190221.2757,207292.4159,43.25
282,2025-01-15,PLT-OH2,MAT-016,190463.0086,7.9279,1509971.6857,151201.5269,158517.7298,39.05
283,2025-01-15,PLT-OH2,MAT-017,164884.9372,2.1744,358525.8075,160956.4641,173150.1356,33.81
284,2025-01-15,PLT-OH2,MAT-018,1094.289,18.0,19697.2028,853.557,914.5254,44.87
285,2025-01-15,PLT-OH2,MAT-019,609335.7748,0.6768,412398.4524,453604.5806,475553.1894,41.64
286,2025-01-15,PLT-OH2,MAT-020,477223.0844,0.436,208069.2648,414584.8318,451165.8463,39.14
287,2025-01-15,PLT-OH2,MAT-021,319689.9794,0.28,89513.1942,307280.5224,329229.1311,36.41
288,2025-01-15,PLT-OH2,MAT-022,1580.2202,102.9547,162691.0942,1170.5925,1229.1221,40.5
289,2025-01-15,PLT-OH2,MAT-023,1575.1469,138.4548,218086.6443,1682.7267,1829.0507,21.53
290,2025-01-15,PLT-OH2,MAT-024,173.8076,62.8156,10917.829,204.8537,214.6086,17.82
291,2025-01-15,PLT-OH2,MAT-025,187.2785,180.0,33710.1354,170.7114,182.9051,38.4
292,2025-01-15,PLT-OH2,MAT-027,247.9814,4.5384,1125.439,204.8537,214.6086,25.42
293,2025-01-15,PLT-OH2,MAT-028,7983.9138,45.0,359276.1204,6828.4561,7316.2029,40.92
294,2025-01-15,PLT-OH2,MAT-029,200747.6637,2.8,562093.4583,170711.4013,182905.0728,41.16
295,2025-01-15,PLT-OH2,MAT-030,431.1255,22.0,9484.7618,341.4228,365.8101,44.2
296,2025-01-15,PLT-OH2,MAT-031,658.991,15.0,9884.8646,512.1342,548.7152,45.04
297,2025-01-15,PLT-OH2,MAT-032,224834.5538,5.5,1236590.046,170711.4013,182905.0728,46.1
298,2025-01-15,PLT-OH2,MAT-038,699.4182,177.4999,124146.6672,541.399,577.98,47.8
299,2025-01-15,PLT-OH2,MAT-039,471.8353,210.363,99256.6911,360.9327,385.32,48.37
300,2025-01-15,PLT-OH2,MAT-040,131305.6175,30.6366,4022757.681,102426.8408,107304.3094,53.84
301,2025-01-15,PLT-OH2,MAT-047,95754.8902,3.0756,294503.7402,87794.435,92671.9036,19.63
302,2025-01-15,PLT-OH2,MAT-048,99735.3988,1.8132,180840.2251,87794.435,92671.9036,20.45
303,2025-01-15,PLT-OH2,MAT-049,915.2888,8.3142,7609.8942,731.6203,780.395,18.77
304,2025-01-15,PLT-OH2,MAT-050,1243.9693,21.749,27055.0887,926.719,999.8811,25.5
305,2025-01-15,PLT-OH1,MAT-001,149627.5758,28.8735,4320271.809,107764.3326,112449.7383,63.87
306,2025-01-15,PLT-OH1,MAT-002,139075.911,21.9325,3050282.418,110107.0354,115963.7927,59.37
307,2025-01-15,PLT-OH1,MAT-003,555890.0829,4.2749,2376374.5155,459169.7648,491967.6052,59.32
308,2025-01-15,PLT-OH1,MAT-004,2904.2533,88.4378,256845.7695,2248.9948,2412.984,61.99
309,2025-01-15,PLT-OH1,MAT-005,559.0585,320.0,178898.7221,491.9676,527.1081,39.77
310,2025-01-15,PLT-OH1,MAT-006,191.8442,210.0,40287.2922,163.9892,175.7027,40.95
311,2025-01-15,PLT-OH1,MAT-007,737.6002,180.8848,133420.673,569.2768,607.9314,104.95
312,2025-01-15,PLT-OH1,MAT-008,243.5731,418.6467,101971.0863,189.7589,202.6438,103.97
313,2025-01-15,PLT-OH1,MAT-009,94.3181,95.0,8960.2152,81.9946,87.8514,40.26
314,2025-01-15,PLT-OH1,MAT-010,118.5371,9.7412,1154.6936,98.3935,106.593,101.2
315,2025-01-15,PLT-OH1,MAT-011,198791.9433,6.8227,1356297.7918,178045.419,189758.9334,42.43
316,2025-01-15,PLT-OH1,MAT-012,217317.4649,3.998,868835.2245,168674.6075,175702.7161,46.38
317,2025-01-15,PLT-OH1,MAT-013,108499.0589,2.262,245424.8712,84337.3037,87851.3581,46.31
318,2025-01-15,PLT-OH1,MAT-014,107419.5171,0.8528,91607.3642,86680.0066,92536.7638,45.85
319,2025-01-15,PLT-OH1,MAT-015,105096.7052,1.2217,128396.6447,91365.4124,99564.8725,44.86
320,2025-01-15,PLT-OH1,MAT-016,79348.4191,7.9901,634001.8037,72623.7893,76137.8437,33.87
321,2025-01-15,PLT-OH1,MAT-017,100504.8377,2.2888,230035.4726,77309.1951,83165.9523,42.9
322,2025-01-15,PLT-OH1,MAT-018,368.727,19.689,7259.8667,327.9784,345.5487,31.48
323,2025-01-15,PLT-OH1,MAT-019,258496.0154,0.6835,176682.0265,217871.368,228413.531,36.78
324,2025-01-15,PLT-OH1,MAT-020,247159.8216,0.4589,113421.6421,199129.745,216700.0166,42.2
325,2025-01-15,PLT-OH1,MAT-021,118335.7109,0.2906,34388.3576,134939.686,147590.2816,28.06
326,2025-01-15,PLT-OH1,MAT-022,839.7125,95.0,79772.691,655.9568,702.8109,44.8
327,2025-01-15,PLT-OH1,MAT-023,1470.3799,145.0,213205.0922,1229.919,1317.7704,41.84
328,2025-01-15,PLT-OH1,MAT-024,199.4738,62.0,12367.3759,163.9892,175.7027,42.57
329,2025-01-15,PLT-OH1,MAT-025,100.0422,180.0,18007.6013,81.9946,87.8514,42.7
330,2025-01-15,PLT-OH1,MAT-027,215.3735,4.5,969.1806,163.9892,175.7027,45.97
331,2025-01-15,PLT-OH1,MAT-028,4003.3019,45.0,180148.584,3279.784,3514.0543,42.72
332,2025-01-15,PLT-OH1,MAT-029,85551.2356,2.8,239543.4597,81994.6009,87851.3581,36.52
333,2025-01-15,PLT-OH1,MAT-030,212.1388,22.0,4667.0543,163.9892,175.7027,45.28
334,2025-01-15,PLT-OH1,MAT-031,291.2252,15.0,4368.3779,245.9838,263.5541,41.44
335,2025-01-15,PLT-OH1,MAT-032,86316.4398,5.5,474740.419,81994.6009,87851.3581,36.84
336,2025-01-15,PLT-OH1,MAT-038,308.0873,178.359,54950.1415,260.04,277.6103,43.84
337,2025-01-15,PLT-OH1,MAT-039,210.3997,202.1605,42534.5166,173.36,185.0735,44.91
338,2025-01-15,PLT-OH1,MAT-040,48498.9806,29.6962,1440235.4291,44511.3548,48611.0848,41.4
339,2025-01-15,PLT-OH1,MAT-047,94868.9114,3.2,303580.5163,81994.6009,87851.3581,40.5
340,2025-01-15,PLT-OH1,MAT-048,106399.8303,1.8,191519.6945,81994.6009,87851.3581,45.42
341,2025-01-15,PLT-OH1,MAT-049,1042.8948,8.5,8864.6061,819.946,878.5136,44.52
342,2025-01-15,PLT-OH1,MAT-050,956.4965,22.0,21042.9231,819.946,878.5136,40.83
343,2025-01-22,PLT-AZ1,MAT-001,259310.5544,27.593,7155156.128,188811.8528,197021.0638,63.18
344,2025-01-22,PLT-AZ1,MAT-002,257462.4596,22.017,5668550.9739,192916.4583,203177.972,62.73
345,2025-01-22,PLT-AZ1,MAT-003,1028036.7433,4.2603,4379744.9374,804502.677,861967.154,62.61
346,2025-01-22,PLT-AZ1,MAT-004,4412.4738,87.8254,387527.275,3940.4213,4227.7437,53.75
347,2025-01-22,PLT-AZ1,MAT-005,2274.5819,329.4044,749257.2721,1822.4448,1908.6416,92.36
348,2025-01-22,PLT-AZ1,MAT-006,798.7167,205.1512,163857.6978,632.1092,673.1553,97.3
349,2025-01-22,PLT-AZ1,MAT-007,1300.0339,174.9688,227465.3721,997.4191,1065.1451,105.58
350,2025-01-22,PLT-AZ1,MAT-008,414.2055,427.191,176944.8427,332.473,355.0484,100.91
351,2025-01-22,PLT-AZ1,MAT-009,431.5329,94.8709,40939.9118,324.2638,340.6823,105.13
352,2025-01-22,PLT-AZ1,MAT-010,195.6931,9.7205,1902.2349,172.3934,186.7596,95.35
353,2025-01-22,PLT-AZ1,MAT-011,391413.5115,6.6129,2588378.4102,311950.0176,332473.0451,47.68
354,2025-01-22,PLT-AZ1,MAT-012,312778.9511,4.1413,1295311.47,295531.5956,307845.4121,38.1
355,2025-01-22,PLT-AZ1,MAT-013,172530.7113,2.3057,397804.0612,147765.7978,153922.7061,42.03
356,2025-01-22,PLT-AZ1,MAT-014,183476.2657,0.8624,158229.9316,151870.4033,162131.9171,44.7
357,2025-01-22,PLT-AZ1,MAT-015,171117.613,1.2162,208113.241,160079.6143,174445.7335,41.69
358,2025-01-22,PLT-AZ1,MAT-016,165617.5827,7.7857,1289448.8135,127242.7703,133399.6786,40.35
359,2025-01-22,PLT-AZ1,MAT-017,152950.3566,2.3172,354416.5663,135451.9813,145713.4951,37.26
360,2025-01-22,PLT-AZ1,MAT-018,773.8338,18.9273,14646.5841,574.6448,605.4293,37.71
361,2025-01-22,PLT-AZ1,MAT-019,515999.3441,0.6792,350466.7545,381728.311,400199.0358,41.9
362,2025-01-22,PLT-AZ1,MAT-020,326034.6854,0.4353,141922.8985,348891.4671,379676.0083,31.77
363,2025-01-22,PLT-AZ1,MAT-021,273174.0188,0.2967,81050.7314,206872.117,217954.5518,36.97
364,2025-01-22,PLT-AZ1,MAT-022,1068.4049,99.6278,106442.8285,1017.9422,1083.6159,32.54
365,2025-01-22,PLT-AZ1,MAT-023,1488.4744,143.5576,213681.814,1416.0889,1539.2271,24.18
366,2025-01-22,PLT-AZ1,MAT-024,160.7118,61.4043,9868.3955,172.3934,180.6026,19.58
367,2025-01-22,PLT-AZ1,MAT-025,144.1174,180.0,25941.1333,143.6612,153.9227,35.11
368,2025-01-22,PLT-AZ1,MAT-027,163.199,4.5718,746.1131,172.3934,180.6026,19.88
369,2025-01-22,PLT-AZ1,MAT-028,7171.9023,45.0,322735.6018,5746.4477,6156.9082,43.68
370,2025-01-22,PLT-AZ1,MAT-029,158278.0029,2.8,443178.408,143661.1923,153922.7061,38.56
371,2025-01-22,PLT-AZ1,MAT-030,368.7141,22.0,8111.7108,287.3224,307.8454,44.91
372,2025-01-22,PLT-AZ1,MAT-031,532.8269,15.0,7992.4041,430.9836,461.7681,43.27
373,2025-01-22,PLT-AZ1,MAT-032,143207.4838,5.5,787641.1609,143661.1923,153922.7061,34.89
374,2025-01-22,PLT-AZ1,MAT-038,618.9674,189.7163,117428.2138,529.4941,560.2787,50.27
375,2025-01-22,PLT-AZ1,MAT-039,445.78,217.3926,96909.2836,352.9961,373.5191,54.3
376,2025-01-22,PLT-AZ1,MAT-040,108529.4452,30.0593,3262319.1506,90301.3209,96458.2291,52.88
377,2025-01-22,PLT-AZ1,MAT-047,176979.7263,3.2,566335.1242,143661.1923,153922.7061,43.12
378,2025-01-22,PLT-AZ1,MAT-048,174480.5736,1.8,314065.0325,143661.1923,153922.7061,42.51
379,2025-01-22,PLT-AZ1,MAT-049,616.6743,8.4709,5223.7862,615.6908,656.7369,15.02
380,2025-01-22,PLT-AZ1,MAT-050,1786.9558,22.0,39313.0277,1436.6119,1539.2271,43.54
381,2025-01-22,PLT-OH2,MAT-001,293990.5581,27.4849,8080301.091,224363.556,234118.4932,60.28
382,2025-01-22,PLT-OH2,MAT-002,291112.9816,21.8027,6347049.0037,229241.0246,241434.6961,59.69
383,2025-01-22,PLT-OH2,MAT-003,1211945.978,4.2428,5142044.3956,955983.8473,1024268.4079,62.12
384,2025-01-22,PLT-OH2,MAT-004,5791.9969,87.7775,508407.0039,4682.3699,5023.7927,59.38
385,2025-01-22,PLT-OH2,MAT-005,3037.2957,335.0481,1017640.1664,2546.0386,2780.1571,103.79
386,2025-01-22,PLT-OH2,MAT-006,400.194,210.0,84040.7456,341.4228,365.8101,41.02
387,2025-01-22,PLT-OH2,MAT-007,1499.8034,174.995,262458.0933,1185.2249,1265.7031,102.5
388,2025-01-22,PLT-OH2,MAT-008,491.1243,429.3699,210874.0082,395.075,421.901,100.69
389,2025-01-22,PLT-OH2,MAT-009,516.3972,101.4333,52379.8759,385.32,404.8299,105.87
390,2025-01-22,PLT-OH2,MAT-010,247.1448,9.8968,2445.9428,204.8537,221.9248,101.34
391,2025-01-22,PLT-OH2,MAT-011,484579.6233,6.8872,3337396.7814,370687.6143,395074.9573,49.68
392,2025-01-22,PLT-OH2,MAT-012,451603.1007,3.9636,1789974.0499,351177.7398,365810.1457,46.29
393,2025-01-22,PLT-OH2,MAT-013,244733.0653,2.3388,572381.6932,175588.8699,182905.0728,50.18
394,2025-01-22,PLT-OH2,MAT-014,209104.5055,0.8842,184890.2038,180466.3385,192660.0101,42.87
395,2025-01-22,PLT-OH2,MAT-015,195872.9587,1.2039,235811.455,190221.2757,207292.4159,40.16
396,2025-01-22,PLT-OH2,MAT-016,196449.5988,7.9279,1557432.7742,151201.5269,158517.7298,40.28
397,2025-01-22,PLT-OH2,MAT-017,175664.4773,2.1744,381964.8394,160956.4641,173150.1356,36.02
398,2025-01-22,PLT-OH2,MAT-018,1088.2549,18.0,19588.5885,853.557,914.5254,44.62
399,2025-01-22,PLT-OH2,MAT-019,603732.4188,0.6768,408606.101,453604.5806,475553.1894,41.26
400,2025-01-22,PLT-OH2,MAT-020,426997.3255,0.436,186170.8339,414584.8318,451165.8463,35.02
401,2025-01-22,PLT-OH2,MAT-021,296135.156,0.28,82917.8437,307280.5224,329229.1311,33.73
402,2025-01-22,PLT-OH2,MAT-022,1592.1762,102.9547,163922.0235,1170.5925,1229.1221,40.8
403,2025-01-22,PLT-OH2,MAT-023,1685.7519,138.4548,233400.4363,1682.7267,1829.0507,23.04
404,2025-01-22,PLT-OH2,MAT-024,160.2471,62.8156,10066.0147,204.8537,214.6086,16.43
405,2025-01-22,PLT-OH2,MAT-025,194.6843,180.0,35043.1696,170.7114,182.9051,39.92
406,2025-01-22,PLT-OH2,MAT-027,261.2103,4.5384,1185.4769,204.8537,214.6086,26.78
407,2025-01-22,PLT-OH2,MAT-028,8270.64,45.0,372178.7997,6828.4561,7316.2029,42.39
408,2025-01-22,PLT-OH2,MAT-029,205700.2982,2.8,575960.835,170711.4013,182905.0728,42.17
409,2025-01-22,PLT-OH2,MAT-030,443.9383,22.0,9766.6417,341.4228,365.8101,45.51
410,2025-01-22,PLT-OH2,MAT-031,654.677,15.0,9820.1547,512.1342,548.7152,44.74
411,2025-01-22,PLT-OH2,MAT-032,222730.4401,5.5,1225017.4205,170711.4013,182905.0728,45.67
412,2025-01-22,PLT-OH2,MAT-038,693.1086,177.4999,123026.7016,541.399,577.98,47.37
413,2025-01-22,PLT-OH2,MAT-039,472.0793,210.363,99308.0203,360.9327,385.32,48.39
414,2025-01-22,PLT-OH2,MAT-040,133505.1429,30.6366,4090143.6598,102426.8408,107304.3094,54.74
415,2025-01-22,PLT-OH2,MAT-047,80025.2628,3.0756,246125.6982,87794.435,92671.9036,16.41
416,2025-01-22,PLT-OH2,MAT-048,100612.0371,1.8132,182429.7456,87794.435,92671.9036,20.63
417,2025-01-22,PLT-OH2,MAT-049,890.3348,8.3142,7402.4215,731.6203,780.395,18.25
418,2025-01-22,PLT-OH2,MAT-050,1214.6498,21.749,26417.4187,926.719,999.8811,24.9
419,2025-01-22,PLT-OH1,MAT-001,147619.8019,28.8735,4262300.3489,107764.3326,112449.7383,63.01
420,2025-01-22,PLT-OH1,MAT-002,141173.6344,21.9325,3096290.7355,110107.0354,115963.7927,60.26
421,2025-01-22,PLT-OH1,MAT-003,571238.9478,4.2749,2441989.3781,459169.7648,491967.6052,60.96
422,2025-01-22,PLT-OH1,MAT-004,2683.6415,88.4378,237335.3543,2248.9948,2412.984,57.28
423,2025-01-22,PLT-OH1,MAT-005,588.1556,320.0,188209.7822,491.9676,527.1081,41.84
424,2025-01-22,PLT-OH1,MAT-006,202.3213,210.0,42487.4801,163.9892,175.7027,43.18
425,2025-01-22,PLT-OH1,MAT-007,734.0279,180.8848,132774.4939,569.2768,607.9314,104.44
426,2025-01-22,PLT-OH1,MAT-008,242.9198,418.6467,101697.5669,189.7589,202.6438,103.69
427,2025-01-22,PLT-OH1,MAT-009,98.1751,95.0,9326.6348,81.9946,87.8514,41.91
428,2025-01-22,PLT-OH1,MAT-010,113.8947,9.7412,1109.4714,98.3935,106.593,97.23
429,2025-01-22,PLT-OH1,MAT-011,213043.198,6.8227,1453529.827,178045.419,189758.9334,45.47
430,2025-01-22,PLT-OH1,MAT-012,198151.5789,3.998,792210.0124,168674.6075,175702.7161,42.29
431,2025-01-22,PLT-OH1,MAT-013,99461.0772,2.262,224980.9567,84337.3037,87851.3581,42.46
432,2025-01-22,PLT-OH1,MAT-014,109908.3305,0.8528,93729.8242,86680.0066,92536.7638,46.92
433,2025-01-22,PLT-OH1,MAT-015,95937.275,1.2217,117206.5688,91365.4124,99564.8725,40.95
434,2025-01-22,PLT-OH1,MAT-016,74435.4788,7.9901,594746.9192,72623.7893,76137.8437,31.77
435,2025-01-22,PLT-OH1,MAT-017,87480.5013,2.2888,200225.3714,77309.1951,83165.9523,37.34
436,2025-01-22,PLT-OH1,MAT-018,393.3768,19.689,7745.1953,327.9784,345.5487,33.58
437,2025-01-22,PLT-OH1,MAT-019,272724.1991,0.6835,186406.9901,217871.368,228413.531,38.8
438,2025-01-22,PLT-OH1,MAT-020,215966.5382,0.4589,99107.0444,199129.745,216700.0166,36.87
439,2025-01-22,PLT-OH1,MAT-021,134073.6547,0.2906,38961.804,134939.686,147590.2816,31.79
440,2025-01-22,PLT-OH1,MAT-022,750.3651,95.0,71284.6891,655.9568,702.8109,40.04
441,2025-01-22,PLT-OH1,MAT-023,1522.1582,145.0,220712.9453,1229.919,1317.7704,43.32
442,2025-01-22,PLT-OH1,MAT-024,203.185,62.0,12597.4711,163.9892,175.7027,43.37
443,2025-01-22,PLT-OH1,MAT-025,90.6672,180.0,16320.1005,81.9946,87.8514,38.7
444,2025-01-22,PLT-OH1,MAT-027,209.837,4.5,944.2665,163.9892,175.7027,44.79
445,2025-01-22,PLT-OH1,MAT-028,4002.0109,45.0,180090.489,3279.784,3514.0543,42.71
446,2025-01-22,PLT-OH1,MAT-029,79759.8368,2.8,223327.543,81994.6009,87851.3581,34.05
447,2025-01-22,PLT-OH1,MAT-030,213.472,22.0,4696.383,163.9892,175.7027,45.56
448,2025-01-22,PLT-OH1,MAT-031,304.4207,15.0,4566.31,245.9838,263.5541,43.31
449,2025-01-22,PLT-OH1,MAT-032,91520.189,5.5,503361.0396,81994.6009,87851.3581,39.07
450,2025-01-22,PLT-OH1,MAT-038,311.8289,178.359,55617.4893,260.04,277.6103,44.37
451,2025-01-22,PLT-OH1,MAT-039,218.1555,202.1605,44102.418,173.36,185.0735,46.56
452,2025-01-22,PLT-OH1,MAT-040,49418.2048,29.6962,1467532.8931,44511.3548,48611.0848,42.19
453,2025-01-22,PLT-OH1,MAT-047,97082.2116,3.2,310663.0771,81994.6009,87851.3581,41.44
454,2025-01-22,PLT-OH1,MAT-048,93773.6352,1.8,168792.5434,81994.6009,87851.3581,40.03
455,2025-01-22,PLT-OH1,MAT-049,939.845,8.5,7988.6821,819.946,878.5136,40.12
456,2025-01-22,PLT-OH1,MAT-050,879.0422,22.0,19338.9287,819.946,878.5136,37.52
457,2025-02-01,PLT-AZ1,MAT-001,238153.0661,27.593,6571357.5526,188811.8528,197021.0638,58.02
458,2025-02-01,PLT-AZ1,MAT-002,238106.7739,22.017,5242396.8406,192916.4583,203177.972,58.01
459,2025-02-01,PLT-AZ1,MAT-003,1024385.09,4.2603,4364187.7988,804502.677,861967.154,62.39
460,2025-02-01,PLT-AZ1,MAT-004,4569.651,87.8254,401331.4228,3940.4213,4227.7437,55.66
461,2025-02-01,PLT-AZ1,MAT-005,2326.1596,329.4044,766247.2101,1822.4448,1908.6416,94.45
462,2025-02-01,PLT-AZ1,MAT-006,812.2758,205.1512,166639.3561,632.1092,673.1553,98.95
463,2025-02-01,PLT-AZ1,MAT-007,1236.6664,174.9688,216378.0314,997.4191,1065.1451,100.43
464,2025-02-01,PLT-AZ1,MAT-008,418.4715,427.191,178767.2416,332.473,355.0484,101.95
465,2025-02-01,PLT-AZ1,MAT-009,414.3033,94.8709,39305.3224,324.2638,340.6823,100.94
466,2025-02-01,PLT-AZ1,MAT-010,201.2146,9.7205,1955.9067,172.3934,186.7596,98.04
467,2025-02-01,PLT-AZ1,MAT-011,399152.6171,6.6129,2639556.3419,311950.0176,332473.0451,48.62
468,2025-02-01,PLT-AZ1,MAT-012,334482.5823,4.1413,1385192.7182,295531.5956,307845.4121,40.74
469,2025-02-01,PLT-AZ1,MAT-013,180184.2344,2.3057,415450.7894,147765.7978,153922.7061,43.9
470,2025-02-01,PLT-AZ1,MAT-014,167241.4255,0.8624,144229.0054,151870.4033,162131.9171,40.74
471,2025-02-01,PLT-AZ1,MAT-015,178040.2945,1.2162,216532.6062,160079.6143,174445.7335,43.38
472,2025-02-01,PLT-AZ1,MAT-016,166528.5639,7.7857,1296541.4398,127242.7703,133399.6786,40.57
473,2025-02-01,PLT-AZ1,MAT-017,157137.2271,2.3172,364118.3827,135451.9813,145713.4951,38.28
474,2025-02-01,PLT-AZ1,MAT-018,679.196,18.9273,12855.3467,574.6448,605.4293,33.09
475,2025-02-01,PLT-AZ1,MAT-019,527188.5012,0.6792,358066.43,381728.311,400199.0358,42.81
476,2025-02-01,PLT-AZ1,MAT-020,307257.9287,0.4353,133749.3764,348891.4671,379676.0083,29.94
477,2025-02-01,PLT-AZ1,MAT-021,235689.1545,0.2967,69928.9721,206872.117,217954.5518,31.9
478,2025-02-01,PLT-AZ1,MAT-022,989.4468,99.6278,98576.4045,1017.9422,1083.6159,30.13
479,2025-02-01,PLT-AZ1,MAT-023,1615.6533,143.5576,231939.3162,1416.0889,1539.2271,26.24
480,2025-02-01,PLT-AZ1,MAT-024,142.7634,61.4043,8766.288,172.3934,180.6026,17.39
481,2025-02-01,PLT-AZ1,MAT-025,155.6713,180.0,28020.8312,143.6612,153.9227,37.93
482,2025-02-01,PLT-AZ1,MAT-027,182.2803,4.5718,833.3491,172.3934,180.6026,22.2
483,2025-02-01,PLT-AZ1,MAT-028,7290.1414,45.0,328056.3648,5746.4477,6156.9082,44.4
484,2025-02-01,PLT-AZ1,MAT-029,168870.9114,2.8,472838.5519,143661.1923,153922.7061,41.14
485,2025-02-01,PLT-AZ1,MAT-030,330.4364,22.0,7269.6013,287.3224,307.8454,40.25
486,2025-02-01,PLT-AZ1,MAT-031,481.5057,15.0,7222.5852,430.9836,461.7681,39.1
487,2025-02-01,PLT-AZ1,MAT-032,135826.1147,5.5,747043.6307,143661.1923,153922.7061,33.09
488,2025-02-01,PLT-AZ1,MAT-038,579.7275,189.7163,109983.7605,529.4941,560.2787,47.08
489,2025-02-01,PLT-AZ1,MAT-039,411.6508,217.3926,89489.8272,352.9961,373.5191,50.14
490,2025-02-01,PLT-AZ1,MAT-040,101111.8986,30.0593,3039352.8932,90301.3209,96458.2291,49.27
491,2025-02-01,PLT-AZ1,MAT-047,158833.2573,3.2,508266.4235,143661.1923,153922.7061,38.7
492,2025-02-01,PLT-AZ1,MAT-048,176110.3032,1.8,316998.5457,143661.1923,153922.7061,42.91
493,2025-02-01,PLT-AZ1,MAT-049,475.2163,8.4709,4025.51,615.6908,656.7369,11.58
494,2025-02-01,PLT-AZ1,MAT-050,1609.1462,22.0,35401.2157,1436.6119,1539.2271,39.2
495,2025-02-01,PLT-OH2,MAT-001,273815.3775,27.4849,7525788.2692,224363.556,234118.4932,56.14
496,2025-02-01,PLT-OH2,MAT-002,296864.0116,21.8027,6472436.9859,229241.0246,241434.6961,60.86
497,2025-02-01,PLT-OH2,MAT-003,1117518.3397,4.2428,4741406.8118,955983.8473,1024268.4079,57.28
498,2025-02-01,PLT-OH2,MAT-004,5391.8576,87.7775,473283.7782,4682.3699,5023.7927,55.27
499,2025-02-01,PLT-OH2,MAT-005,3071.807,335.0481,1029203.109,2546.0386,2780.1571,104.97
500,2025-02-01,PLT-OH2,MAT-006,407.354,210.0,85544.341,341.4228,365.8101,41.76
501,2025-02-01,PLT-OH2,MAT-007,1519.5869,174.995,265920.1144,1185.2249,1265.7031,103.85
502,2025-02-01,PLT-OH2,MAT-008,498.2446,429.3699,213931.2419,395.075,421.901,102.15
503,2025-02-01,PLT-OH2,MAT-009,521.8412,101.4333,52932.073,385.32,404.8299,106.99
504,2025-02-01,PLT-OH2,MAT-010,249.3085,9.8968,2467.3562,204.8537,221.9248,102.23
505,2025-02-01,PLT-OH2,MAT-011,486730.3871,6.8872,3352209.5218,370687.6143,395074.9573,49.9
506,2025-02-01,PLT-OH2,MAT-012,451401.4953,3.9636,1789174.9668,351177.7398,365810.1457,46.27
507,2025-02-01,PLT-OH2,MAT-013,241895.187,2.3388,565744.4633,175588.8699,182905.0728,49.59
508,2025-02-01,PLT-OH2,MAT-014,219113.4592,0.8842,193740.1206,180466.3385,192660.0101,44.92
509,2025-02-01,PLT-OH2,MAT-015,182695.0326,1.2039,219946.5497,190221.2757,207292.4159,37.46
510,2025-02-01,PLT-OH2,MAT-016,175089.2571,7.9279,1388090.1215,151201.5269,158517.7298,35.9
511,2025-02-01,PLT-OH2,MAT-017,182783.945,2.1744,397445.4099,160956.4641,173150.1356,37.48
512,2025-02-01,PLT-OH2,MAT-018,1087.0447,18.0,19566.8054,853.557,914.5254,44.57
513,2025-02-01,PLT-OH2,MAT-019,529558.3413,0.6768,358405.0854,453604.5806,475553.1894,36.19
514,2025-02-01,PLT-OH2,MAT-020,391173.4455,0.436,170551.6222,414584.8318,451165.8463,32.08
515,2025-02-01,PLT-OH2,MAT-021,327177.0552,0.28,91609.5755,307280.5224,329229.1311,37.27
516,2025-02-01,PLT-OH2,MAT-022,1553.3107,102.9547,159920.6363,1170.5925,1229.1221,39.81
517,2025-02-01,PLT-OH2,MAT-023,1435.4161,138.4548,198740.2471,1682.7267,1829.0507,19.62
518,2025-02-01,PLT-OH2,MAT-024,195.66,62.8156,12290.4987,204.8537,214.6086,20.06
519,2025-02-01,PLT-OH2,MAT-025,203.2062,180.0,36577.1107,170.7114,182.9051,41.66
520,2025-02-01,PLT-OH2,MAT-027,261.8763,4.5384,1188.4992,204.8537,214.6086,26.85
521,2025-02-01,PLT-OH2,MAT-028,8416.8648,45.0,378758.914,6828.4561,7316.2029,43.14
522,2025-02-01,PLT-OH2,MAT-029,185648.7665,2.8,519816.5463,170711.4013,182905.0728,38.06
523,2025-02-01,PLT-OH2,MAT-030,438.68,22.0,9650.9609,341.4228,365.8101,44.97
524,2025-02-01,PLT-OH2,MAT-031,659.6718,15.0,9895.0769,512.1342,548.7152,45.08
525,2025-02-01,PLT-OH2,MAT-032,198377.6296,5.5,1091076.9625,170711.4013,182905.0728,40.67
526,2025-02-01,PLT-OH2,MAT-038,687.3497,177.4999,122004.5089,541.399,577.98,46.97
527,2025-02-01,PLT-OH2,MAT-039,474.886,210.363,99898.4344,360.9327,385.32,48.68
528,2025-02-01,PLT-OH2,MAT-040,133743.4956,30.6366,4097445.9773,102426.8408,107304.3094,54.84
529,2025-02-01,PLT-OH2,MAT-047,92835.2635,3.0756,285524.1363,87794.435,92671.9036,19.03
530,2025-02-01,PLT-OH2,MAT-048,107299.441,1.8132,194555.3463,87794.435,92671.9036,22.0
531,2025-02-01,PLT-OH2,MAT-049,919.5149,8.3142,7645.0305,731.6203,780.395,18.85
532,2025-02-01,PLT-OH2,MAT-050,1208.5536,21.749,26284.8329,926.719,999.8811,24.78
533,2025-02-01,PLT-OH1,MAT-001,136273.2561,28.8735,3934685.8602,107764.3326,112449.7383,58.17
534,2025-02-01,PLT-OH1,MAT-002,143337.2226,21.9325,3143743.6343,110107.0354,115963.7927,61.18
535,2025-02-01,PLT-OH1,MAT-003,574993.906,4.2749,2458041.4487,459169.7648,491967.6052,61.36
536,2025-02-01,PLT-OH1,MAT-004,2727.7466,88.4378,241235.9081,2248.9948,2412.984,58.22
537,2025-02-01,PLT-OH1,MAT-005,606.9134,320.0,194212.2796,491.9676,527.1081,43.18
538,2025-02-01,PLT-OH1,MAT-006,200.9753,210.0,42204.8039,163.9892,175.7027,42.89
539,2025-02-01,PLT-OH1,MAT-007,698.6515,180.8848,126375.4363,569.2768,607.9314,99.41
540,2025-02-01,PLT-OH1,MAT-008,232.5605,418.6467,97360.6977,189.7589,202.6438,99.27
541,2025-02-01,PLT-OH1,MAT-009,88.0281,95.0,8362.6739,81.9946,87.8514,37.58
542,2025-02-01,PLT-OH1,MAT-010,111.1921,9.7412,1083.1447,98.3935,106.593,94.93
543,2025-02-01,PLT-OH1,MAT-011,197043.2168,6.8227,1344366.7554,178045.419,189758.9334,42.05
544,2025-02-01,PLT-OH1,MAT-012,206083.2609,3.998,823920.877,168674.6075,175702.7161,43.98
545,2025-02-01,PLT-OH1,MAT-013,106051.9381,2.262,239889.4839,84337.3037,87851.3581,45.27
546,2025-02-01,PLT-OH1,MAT-014,111537.2979,0.8528,95119.0076,86680.0066,92536.7638,47.61
547,2025-02-01,PLT-OH1,MAT-015,90290.6533,1.2217,110308.0911,91365.4124,99564.8725,38.54
548,2025-02-01,PLT-OH1,MAT-016,83654.2401,7.9901,668405.7439,72623.7893,76137.8437,35.71
549,2025-02-01,PLT-OH1,MAT-017,90989.4115,2.2888,208256.5651,77309.1951,83165.9523,38.84
550,2025-02-01,PLT-OH1,MAT-018,405.4719,19.689,7983.3354,327.9784,345.5487,34.62
551,2025-02-01,PLT-OH1,MAT-019,279047.985,0.6835,190729.2977,217871.368,228413.531,39.7
552,2025-02-01,PLT-OH1,MAT-020,228593.5178,0.4589,104901.5653,199129.745,216700.0166,39.03
553,2025-02-01,PLT-OH1,MAT-021,142134.9909,0.2906,41304.4284,134939.686,147590.2816,33.71
554,2025-02-01,PLT-OH1,MAT-022,688.3158,95.0,65389.9969,655.9568,702.8109,36.73
555,2025-02-01,PLT-OH1,MAT-023,1358.2005,145.0,196939.0689,1229.919,1317.7704,38.65
556,2025-02-01,PLT-OH1,MAT-024,207.0916,62.0,12839.6794,163.9892,175.7027,44.2
557,2025-02-01,PLT-OH1,MAT-025,94.6224,180.0,17032.0343,81.9946,87.8514,40.39
558,2025-02-01,PLT-OH1,MAT-027,214.1189,4.5,963.5349,163.9892,175.7027,45.7
559,2025-02-01,PLT-OH1,MAT-028,3585.6645,45.0,161354.9006,3279.784,3514.0543,38.26
560,2025-02-01,PLT-OH1,MAT-029,88418.6224,2.8,247572.1426,81994.6009,87851.3581,37.74
561,2025-02-01,PLT-OH1,MAT-030,210.8697,22.0,4639.134,163.9892,175.7027,45.01
562,2025-02-01,PLT-OH1,MAT-031,311.7712,15.0,4676.5683,245.9838,263.5541,44.36
563,2025-02-01,PLT-OH1,MAT-032,97974.6307,5.5,538860.4688,81994.6009,87851.3581,41.82
564,2025-02-01,PLT-OH1,MAT-038,284.8619,178.359,50807.6805,260.04,277.6103,40.53
565,2025-02-01,PLT-OH1,MAT-039,223.7732,202.1605,45238.1061,173.36,185.0735,47.76
566,2025-02-01,PLT-OH1,MAT-040,49929.6363,29.6962,1482720.4652,44511.3548,48611.0848,42.63
567,2025-02-01,PLT-OH1,MAT-047,98746.0371,3.2,315987.3187,81994.6009,87851.3581,42.15
568,2025-02-01,PLT-OH1,MAT-048,85518.3495,1.8,153933.0292,81994.6009,87851.3581,36.5
569,2025-02-01,PLT-OH1,MAT-049,975.6363,8.5,8292.9083,819.946,878.5136,41.65
570,2025-02-01,PLT-OH1,MAT-050,932.8368,22.0,20522.4087,819.946,878.5136,39.82
571,2025-02-08,PLT-AZ1,MAT-001,242575.3927,27.593,6693382.8109,188811.8528,197021.0638,59.1
572,2025-02-08,PLT-AZ1,MAT-002,242724.312,22.017,5344061.178,192916.4583,203177.972,59.13
573,2025-02-08,PLT-AZ1,MAT-003,944636.1398,4.2603,4024433.3463,804502.677,861967.154,57.54
574,2025-02-08,PLT-AZ1,MAT-004,4710.1943,87.8254,413674.6951,3940.4213,4227.7437,57.38
575,2025-02-08,PLT-AZ1,MAT-005,2377.5037,329.4044,783160.1705,1822.4448,1908.6416,96.54
576,2025-02-08,PLT-AZ1,MAT-006,821.4572,205.1512,168522.9295,632.1092,673.1553,100.07
577,2025-02-08,PLT-AZ1,MAT-007,1190.6354,174.9688,208324.0534,997.4191,1065.1451,96.69
578,2025-02-08,PLT-AZ1,MAT-008,424.6335,427.191,181399.596,332.473,355.0484,103.45
579,2025-02-08,PLT-AZ1,MAT-009,419.0448,94.8709,39755.1536,324.2638,340.6823,102.09
580,2025-02-08,PLT-AZ1,MAT-010,205.548,9.7205,1998.0291,172.3934,186.7596,100.15
581,2025-02-08,PLT-AZ1,MAT-011,402934.6793,6.6129,2664566.7405,311950.0176,332473.0451,49.08
582,2025-02-08,PLT-AZ1,MAT-012,353280.3028,4.1413,1463039.718,295531.5956,307845.4121,43.03
583,2025-02-08,PLT-AZ1,MAT-013,187494.1621,2.3057,432305.2895,147765.7978,153922.7061,45.68
584,2025-02-08,PLT-AZ1,MAT-014,174635.0238,0.8624,150605.2445,151870.4033,162131.9171,42.55
585,2025-02-08,PLT-AZ1,MAT-015,181977.3738,1.2162,221320.8821,160079.6143,174445.7335,44.33
586,2025-02-08,PLT-AZ1,MAT-016,148360.4786,7.7857,1155090.1782,127242.7703,133399.6786,36.14
587,2025-02-08,PLT-AZ1,MAT-017,162359.7328,2.3172,376219.9728,135451.9813,145713.4951,39.56
588,2025-02-08,PLT-AZ1,MAT-018,710.6565,18.9273,13450.8088,574.6448,605.4293,34.63
589,2025-02-08,PLT-AZ1,MAT-019,536466.7182,0.6792,364368.195,381728.311,400199.0358,43.57
590,2025-02-08,PLT-AZ1,MAT-020,350705.9396,0.4353,152662.2955,348891.4671,379676.0083,34.18
591,2025-02-08,PLT-AZ1,MAT-021,242216.9123,0.2967,71865.7579,206872.117,217954.5518,32.78
592,2025-02-08,PLT-AZ1,MAT-022,927.1064,99.6278,92365.5731,1017.9422,1083.6159,28.23
593,2025-02-08,PLT-AZ1,MAT-023,1679.2128,143.5576,241063.7642,1416.0889,1539.2271,27.27
594,2025-02-08,PLT-AZ1,MAT-024,127.2279,61.4043,7812.3395,172.3934,180.6026,15.5
595,2025-02-08,PLT-AZ1,MAT-025,143.2002,180.0,25776.0385,143.6612,153.9227,34.89
596,2025-02-08,PLT-AZ1,MAT-027,195.4561,4.5718,893.5862,172.3934,180.6026,23.81
597,2025-02-08,PLT-AZ1,MAT-028,7366.5074,45.0,331492.8319,5746.4477,6156.9082,44.87
598,2025-02-08,PLT-AZ1,MAT-029,172420.7692,2.8,482778.1538,143661.1923,153922.7061,42.01
599,2025-02-08,PLT-AZ1,MAT-030,345.0639,22.0,7591.4061,287.3224,307.8454,42.03
600,2025-02-08,PLT-AZ1,MAT-031,503.0756,15.0,7546.134,430.9836,461.7681,40.85
601,2025-02-08,PLT-AZ1,MAT-032,152395.8423,5.5,838177.1327,143661.1923,153922.7061,37.13
602,2025-02-08,PLT-AZ1,MAT-038,620.8022,189.7163,117776.2884,529.4941,560.2787,50.42
603,2025-02-08,PLT-AZ1,MAT-039,423.8359,217.3926,92138.7789,352.9961,373.5191,51.63
604,2025-02-08,PLT-AZ1,MAT-040,105173.7512,30.0593,3161449.34,90301.3209,96458.2291,51.25
605,2025-02-08,PLT-AZ1,MAT-047,167917.618,3.2,537336.3775,143661.1923,153922.7061,40.91
606,2025-02-08,PLT-AZ1,MAT-048,176186.401,1.8,317135.5218,143661.1923,153922.7061,42.92
607,2025-02-08,PLT-AZ1,MAT-049,559.1577,8.4709,4736.569,615.6908,656.7369,13.62
608,2025-02-08,PLT-AZ1,MAT-050,1673.1726,22.0,36809.798,1436.6119,1539.2271,40.76
609,2025-02-08,PLT-OH2,MAT-001,286541.5226,27.4849,7875565.0934,224363.556,234118.4932,58.75
610,2025-02-08,PLT-OH2,MAT-002,274348.8801,21.8027,5981546.3291,229241.0246,241434.6961,56.25
611,2025-02-08,PLT-OH2,MAT-003,1142049.711,4.2428,4845488.5139,955983.8473,1024268.4079,58.54
612,2025-02-08,PLT-OH2,MAT-004,5635.4587,87.7775,494666.4743,4682.3699,5023.7927,57.77
613,2025-02-08,PLT-OH2,MAT-005,2939.6121,335.0481,984911.4515,2546.0386,2780.1571,100.45
614,2025-02-08,PLT-OH2,MAT-006,423.1433,210.0,88860.0885,341.4228,365.8101,43.38
615,2025-02-08,PLT-OH2,MAT-007,1449.4927,174.995,253653.977,1185.2249,1265.7031,99.06
616,2025-02-08,PLT-OH2,MAT-008,501.9013,429.3699,215501.2974,395.075,421.901,102.9
617,2025-02-08,PLT-OH2,MAT-009,497.7917,101.4333,50492.656,385.32,404.8299,102.06
618,2025-02-08,PLT-OH2,MAT-010,240.0804,9.8968,2376.0278,204.8537,221.9248,98.44
619,2025-02-08,PLT-OH2,MAT-011,489475.5121,6.8872,3371115.7467,370687.6143,395074.9573,50.18
620,2025-02-08,PLT-OH2,MAT-012,415619.7816,3.9636,1647350.5664,351177.7398,365810.1457,42.61
621,2025-02-08,PLT-OH2,MAT-013,243859.9833,2.3388,570339.729,175588.8699,182905.0728,50.0
622,2025-02-08,PLT-OH2,MAT-014,226635.0115,0.8842,200390.6772,180466.3385,192660.0101,46.47
623,2025-02-08,PLT-OH2,MAT-015,198248.9372,1.2039,238671.8954,190221.2757,207292.4159,40.65
624,2025-02-08,PLT-OH2,MAT-016,185844.43,7.9279,1473356.0568,151201.5269,158517.7298,38.1
625,2025-02-08,PLT-OH2,MAT-017,166971.4979,2.1744,363062.8251,160956.4641,173150.1356,34.23
626,2025-02-08,PLT-OH2,MAT-018,1106.2371,18.0,19912.267,853.557,914.5254,45.36
627,2025-02-08,PLT-OH2,MAT-019,569688.0198,0.6768,385564.8518,453604.5806,475553.1894,38.93
628,2025-02-08,PLT-OH2,MAT-020,421365.0515,0.436,183715.1625,414584.8318,451165.8463,34.56
629,2025-02-08,PLT-OH2,MAT-021,343968.4951,0.28,96311.1786,307280.5224,329229.1311,39.18
630,2025-02-08,PLT-OH2,MAT-022,1583.5518,102.9547,163034.1016,1170.5925,1229.1221,40.58
631,2025-02-08,PLT-OH2,MAT-023,1282.8784,138.4548,177620.6711,1682.7267,1829.0507,17.53
632,2025-02-08,PLT-OH2,MAT-024,220.4589,62.8156,13848.2598,204.8537,214.6086,22.6
633,2025-02-08,PLT-OH2,MAT-025,185.6753,180.0,33421.5538,170.7114,182.9051,38.07
634,2025-02-08,PLT-OH2,MAT-027,262.4843,4.5384,1191.2585,204.8537,214.6086,26.91
635,2025-02-08,PLT-OH2,MAT-028,8623.8237,45.0,388072.0652,6828.4561,7316.2029,44.2
636,2025-02-08,PLT-OH2,MAT-029,192643.5736,2.8,539402.006,170711.4013,182905.0728,39.5
637,2025-02-08,PLT-OH2,MAT-030,392.4855,22.0,8634.6805,341.4228,365.8101,40.23
638,2025-02-08,PLT-OH2,MAT-031,592.2378,15.0,8883.5667,512.1342,548.7152,40.47
639,2025-02-08,PLT-OH2,MAT-032,202170.1325,5.5,1111935.7286,170711.4013,182905.0728,41.45
640,2025-02-08,PLT-OH2,MAT-038,618.1956,177.4999,109729.652,541.399,577.98,42.25
641,2025-02-08,PLT-OH2,MAT-039,472.4096,210.363,99377.505,360.9327,385.32,48.43
642,2025-02-08,PLT-OH2,MAT-040,136443.47,30.6366,4180164.0139,102426.8408,107304.3094,55.95
643,2025-02-08,PLT-OH2,MAT-047,99063.8878,3.0756,304680.8932,87794.435,92671.9036,20.31
644,2025-02-08,PLT-OH2,MAT-048,113765.4617,1.8132,206279.5352,87794.435,92671.9036,23.32
645,2025-02-08,PLT-OH2,MAT-049,961.1767,8.3142,7991.4153,731.6203,780.395,19.71
646,2025-02-08,PLT-OH2,MAT-050,1174.1774,21.749,25537.185,926.719,999.8811,24.07
647,2025-02-08,PLT-OH1,MAT-001,140702.4974,28.8735,4062573.5575,107764.3326,112449.7383,60.06
648,2025-02-08,PLT-OH1,MAT-002,144650.2456,21.9325,3172541.5113,110107.0354,115963.7927,61.75
649,2025-02-08,PLT-OH1,MAT-003,576508.2222,4.2749,2464514.999,459169.7648,491967.6052,61.52
650,2025-02-08,PLT-OH1,MAT-004,2756.3555,88.4378,243766.0159,2248.9948,2412.984,58.83
651,2025-02-08,PLT-OH1,MAT-005,619.8427,320.0,198349.6502,491.9676,527.1081,44.1
652,2025-02-08,PLT-OH1,MAT-006,204.7537,210.0,42998.2869,163.9892,175.7027,43.7
653,2025-02-08,PLT-OH1,MAT-007,708.2771,180.8848,128116.5592,569.2768,607.9314,100.78
654,2025-02-08,PLT-OH1,MAT-008,224.7003,418.6467,94070.0277,189.7589,202.6438,95.91
655,2025-02-08,PLT-OH1,MAT-009,93.1095,95.0,8845.3997,81.9946,87.8514,39.74
656,2025-02-08,PLT-OH1,MAT-010,115.1025,9.7412,1121.2363,98.3935,106.593,98.26
657,2025-02-08,PLT-OH1,MAT-011,211855.693,6.8227,1445427.8367,178045.419,189758.9334,45.22
658,2025-02-08,PLT-OH1,MAT-012,216820.0718,3.998,866846.6471,168674.6075,175702.7161,46.28
659,2025-02-08,PLT-OH1,MAT-013,108013.5141,2.262,244326.5688,84337.3037,87851.3581,46.11
660,2025-02-08,PLT-OH1,MAT-014,113298.5438,0.8528,96620.9982,86680.0066,92536.7638,48.36
661,2025-02-08,PLT-OH1,MAT-015,97736.6045,1.2217,119404.8098,91365.4124,99564.8725,41.72
662,2025-02-08,PLT-OH1,MAT-016,89447.0626,7.9901,714690.9749,72623.7893,76137.8437,38.18
663,2025-02-08,PLT-OH1,MAT-017,93684.9317,2.2888,214426.0718,77309.1951,83165.9523,39.99
664,2025-02-08,PLT-OH1,MAT-018,413.4682,19.689,8140.7753,327.9784,345.5487,35.3
665,2025-02-08,PLT-OH1,MAT-019,284550.4971,0.6835,194490.2647,217871.368,228413.531,40.49
666,2025-02-08,PLT-OH1,MAT-020,235029.5237,0.4589,107855.0484,199129.745,216700.0166,40.13
667,2025-02-08,PLT-OH1,MAT-021,148536.842,0.2906,43164.8063,134939.686,147590.2816,35.22
668,2025-02-08,PLT-OH1,MAT-022,743.2779,95.0,70611.4008,655.9568,702.8109,39.66
669,2025-02-08,PLT-OH1,MAT-023,1452.3549,145.0,210591.4536,1229.919,1317.7704,41.33
670,2025-02-08,PLT-OH1,MAT-024,203.9975,62.0,12647.8466,163.9892,175.7027,43.54
671,2025-02-08,PLT-OH1,MAT-025,86.4663,180.0,15563.9259,81.9946,87.8514,36.91
672,2025-02-08,PLT-OH1,MAT-027,190.2168,4.5,855.9758,163.9892,175.7027,40.6
673,2025-02-08,PLT-OH1,MAT-028,3283.3528,45.0,147750.8768,3279.784,3514.0543,35.04
674,2025-02-08,PLT-OH1,MAT-029,93076.3423,2.8,260613.7586,81994.6009,87851.3581,39.73
675,2025-02-08,PLT-OH1,MAT-030,189.6417,22.0,4172.1178,163.9892,175.7027,40.47
676,2025-02-08,PLT-OH1,MAT-031,310.5052,15.0,4657.5785,245.9838,263.5541,44.18
677,2025-02-08,PLT-OH1,MAT-032,100537.1167,5.5,552954.1418,81994.6009,87851.3581,42.92
678,2025-02-08,PLT-OH1,MAT-038,300.1471,178.359,53533.9408,260.04,277.6103,42.71
679,2025-02-08,PLT-OH1,MAT-039,224.9024,202.1605,45466.3894,173.36,185.0735,48.0
680,2025-02-08,PLT-OH1,MAT-040,51321.9117,29.6962,1524065.755,44511.3548,48611.0848,43.81
681,2025-02-08,PLT-OH1,MAT-047,103324.4989,3.2,330638.3965,81994.6009,87851.3581,44.1
682,2025-02-08,PLT-OH1,MAT-048,79311.9206,1.8,142761.4571,81994.6009,87851.3581,33.85
683,2025-02-08,PLT-OH1,MAT-049,998.1483,8.5,8484.2602,819.946,878.5136,42.61
684,2025-02-08,PLT-OH1,MAT-050,862.9807,22.0,18985.5758,819.946,878.5136,36.84
685,2025-02-15,PLT-AZ1,MAT-001,249188.0251,27.593,6875845.1763,188811.8528,197021.0638,60.71
686,2025-02-15,PLT-AZ1,MAT-002,247433.2745,22.017,5447738.4047,192916.4583,203177.972,60.28
687,2025-02-15,PLT-AZ1,MAT-003,974643.0603,4.2603,4152271.8298,804502.677,861967.154,59.36
688,2025-02-15,PLT-AZ1,MAT-004,4817.0971,87.8254,423063.4769,3940.4213,4227.7437,58.68
689,2025-02-15,PLT-AZ1,MAT-005,2394.916,329.4044,788895.871,1822.4448,1908.6416,97.25
690,2025-02-15,PLT-AZ1,MAT-006,785.1619,205.1512,161076.906,632.1092,673.1553,95.64
691,2025-02-15,PLT-AZ1,MAT-007,1223.6457,174.9688,214099.8253,997.4191,1065.1451,99.37
692,2025-02-15,PLT-AZ1,MAT-008,405.5684,427.191,173255.1824,332.473,355.0484,98.81
693,2025-02-15,PLT-AZ1,MAT-009,423.6415,94.8709,40191.2459,324.2638,340.6823,103.21
694,2025-02-15,PLT-AZ1,MAT-010,208.9994,9.7205,2031.5785,172.3934,186.7596,101.84
695,2025-02-15,PLT-AZ1,MAT-011,400813.0787,6.6129,2650536.8084,311950.0176,332473.0451,48.82
696,2025-02-15,PLT-AZ1,MAT-012,368602.6419,4.1413,1526494.1209,295531.5956,307845.4121,44.9
697,2025-02-15,PLT-AZ1,MAT-013,173514.0892,2.3057,400071.4355,147765.7978,153922.7061,42.27
698,2025-02-15,PLT-AZ1,MAT-014,179700.4586,0.8624,154973.6755,151870.4033,162131.9171,43.78
699,2025-02-15,PLT-AZ1,MAT-015,183559.3314,1.2162,223244.8588,160079.6143,174445.7335,44.72
700,2025-02-15,PLT-AZ1,MAT-016,153841.6611,7.7857,1197765.0211,127242.7703,133399.6786,37.48
701,2025-02-15,PLT-AZ1,MAT-017,164951.2011,2.3172,382224.9232,135451.9813,145713.4951,40.19
702,2025-02-15,PLT-AZ1,MAT-018,629.0491,18.9273,11906.2013,574.6448,605.4293,30.65
703,2025-02-15,PLT-AZ1,MAT-019,470635.6078,0.6792,319655.7048,381728.311,400199.0358,38.22
704,2025-02-15,PLT-AZ1,MAT-020,373586.7063,0.4353,162622.2933,348891.4671,379676.0083,36.41
705,2025-02-15,PLT-AZ1,MAT-021,257073.1742,0.2967,76273.6108,206872.117,217954.5518,34.79
706,2025-02-15,PLT-AZ1,MAT-022,1070.5474,99.6278,106656.2781,1017.9422,1083.6159,32.6
707,2025-02-15,PLT-AZ1,MAT-023,1392.0963,143.5576,199846.0052,1416.0889,1539.2271,22.61
708,2025-02-15,PLT-AZ1,MAT-024,156.9395,61.4043,9636.7617,172.3934,180.6026,19.12
709,2025-02-15,PLT-AZ1,MAT-025,152.654,180.0,27477.7288,143.6612,153.9227,37.19
710,2025-02-15,PLT-AZ1,MAT-027,164.5281,4.5718,752.1897,172.3934,180.6026,20.04
711,2025-02-15,PLT-AZ1,MAT-028,6598.7688,45.0,296944.5955,5746.4477,6156.9082,40.19
712,2025-02-15,PLT-AZ1,MAT-029,176621.7628,2.8,494540.9359,143661.1923,153922.7061,43.03
713,2025-02-15,PLT-AZ1,MAT-030,350.3654,22.0,7708.0381,287.3224,307.8454,42.68
714,2025-02-15,PLT-AZ1,MAT-031,457.1649,15.0,6857.4732,430.9836,461.7681,37.13
715,2025-02-15,PLT-AZ1,MAT-032,161435.6705,5.5,887896.188,143661.1923,153922.7061,39.33
716,2025-02-15,PLT-AZ1,MAT-038,586.2641,189.7163,111223.8527,529.4941,560.2787,47.61
717,2025-02-15,PLT-AZ1,MAT-039,432.5644,217.3926,94036.302,352.9961,373.5191,52.69
718,2025-02-15,PLT-AZ1,MAT-040,108194.4961,30.0593,3252250.816,90301.3209,96458.2291,52.72
719,2025-02-15,PLT-AZ1,MAT-047,174790.0944,3.2,559328.3021,143661.1923,153922.7061,42.58
720,2025-02-15,PLT-AZ1,MAT-048,179360.9792,1.8,322849.7626,143661.1923,153922.7061,43.7
721,2025-02-15,PLT-AZ1,MAT-049,429.882,8.4709,3641.4878,615.6908,656.7369,10.47
722,2025-02-15,PLT-AZ1,MAT-050,1744.9121,22.0,38388.0657,1436.6119,1539.2271,42.51
723,2025-02-15,PLT-OH2,MAT-001,267188.3488,27.4849,7343645.0472,224363.556,234118.4932,54.78
724,2025-02-15,PLT-OH2,MAT-002,286230.3028,21.8027,6240593.4231,229241.0246,241434.6961,58.68
725,2025-02-15,PLT-OH2,MAT-003,1168447.7792,4.2428,4957490.2377,955983.8473,1024268.4079,59.89
726,2025-02-15,PLT-OH2,MAT-004,5300.2748,87.7775,465244.8669,4682.3699,5023.7927,54.33
727,2025-02-15,PLT-OH2,MAT-005,2850.2023,335.0481,954954.8725,2546.0386,2780.1571,97.39
728,2025-02-15,PLT-OH2,MAT-006,430.9419,210.0,90497.7952,341.4228,365.8101,44.18
729,2025-02-15,PLT-OH2,MAT-007,1485.4386,174.995,259944.3248,1185.2249,1265.7031,101.52
730,2025-02-15,PLT-OH2,MAT-008,502.788,429.3699,215882.0202,395.075,421.901,103.08
731,2025-02-15,PLT-OH2,MAT-009,481.2041,101.4333,48810.1149,385.32,404.8299,98.66
732,2025-02-15,PLT-OH2,MAT-010,232.5694,9.8968,2301.6924,204.8537,221.9248,95.36
733,2025-02-15,PLT-OH2,MAT-011,441694.5288,6.8872,3042038.5585,370687.6143,395074.9573,45.28
734,2025-02-15,PLT-OH2,MAT-012,436689.9199,3.9636,1730864.1665,351177.7398,365810.1457,44.77
735,2025-02-15,PLT-OH2,MAT-013,242629.1807,2.3388,567461.1279,175588.8699,182905.0728,49.74
736,2025-02-15,PLT-OH2,MAT-014,203429.2589,0.8842,179872.1508,180466.3385,192660.0101,41.71
737,2025-02-15,PLT-OH2,MAT-015,185979.3426,1.2039,223900.5305,190221.2757,207292.4159,38.13
738,2025-02-15,PLT-OH2,MAT-016,166539.9306,7.9279,1320311.9154,151201.5269,158517.7298,34.14
739,2025-02-15,PLT-OH2,MAT-017,174860.1177,2.1744,380215.8399,160956.4641,173150.1356,35.85
740,2025-02-15,PLT-OH2,MAT-018,1083.4002,18.0,19501.2034,853.557,914.5254,44.42
741,2025-02-15,PLT-OH2,MAT-019,574255.8988,0.6768,388656.3923,453604.5806,475553.1894,39.25
742,2025-02-15,PLT-OH2,MAT-020,459879.926,0.436,200507.6477,414584.8318,451165.8463,37.71
743,2025-02-15,PLT-OH2,MAT-021,356788.1505,0.28,99900.6821,307280.5224,329229.1311,40.64
744,2025-02-15,PLT-OH2,MAT-022,1557.0405,102.9547,160304.6361,1170.5925,1229.1221,39.9
745,2025-02-15,PLT-OH2,MAT-023,1478.6801,138.4548,204730.3521,1682.7267,1829.0507,20.21
746,2025-02-15,PLT-OH2,MAT-024,240.4151,62.8156,15101.8217,204.8537,214.6086,24.65
747,2025-02-15,PLT-OH2,MAT-025,192.7841,180.0,34701.1336,170.7114,182.9051,39.53
748,2025-02-15,PLT-OH2,MAT-027,263.7046,4.5384,1196.797,204.8537,214.6086,27.03
749,2025-02-15,PLT-OH2,MAT-028,8707.3905,45.0,391832.5741,6828.4561,7316.2029,44.63
750,2025-02-15,PLT-OH2,MAT-029,197741.5987,2.8,553676.4762,170711.4013,182905.0728,40.54
751,2025-02-15,PLT-OH2,MAT-030,361.6393,22.0,7956.0652,341.4228,365.8101,37.07
752,2025-02-15,PLT-OH2,MAT-031,622.4961,15.0,9337.4418,512.1342,548.7152,42.54
753,2025-02-15,PLT-OH2,MAT-032,210494.2664,5.5,1157718.4654,170711.4013,182905.0728,43.16
754,2025-02-15,PLT-OH2,MAT-038,647.3427,177.4999,114903.2641,541.399,577.98,44.24
755,2025-02-15,PLT-OH2,MAT-039,425.2985,210.363,89467.078,360.9327,385.32,43.6
756,2025-02-15,PLT-OH2,MAT-040,124719.4663,30.6366,3820980.4,102426.8408,107304.3094,51.14
757,2025-02-15,PLT-OH2,MAT-047,103181.8579,3.0756,317346.1221,87794.435,92671.9036,21.15
758,2025-02-15,PLT-OH2,MAT-048,110862.2462,1.8132,201015.4248,87794.435,92671.9036,22.73
759,2025-02-15,PLT-OH2,MAT-049,917.0697,8.3142,7624.7013,731.6203,780.395,18.8
760,2025-02-15,PLT-OH2,MAT-050,1139.4278,21.749,24781.4157,926.719,999.8811,23.36
761,2025-02-15,PLT-OH1,MAT-001,143671.4985,28.8735,4148299.0109,107764.3326,112449.7383,61.33
762,2025-02-15,PLT-OH1,MAT-002,144912.0107,21.9325,3178282.6744,110107.0354,115963.7927,61.86
763,2025-02-15,PLT-OH1,MAT-003,575821.6307,4.2749,2461579.889,459169.7648,491967.6052,61.45
764,2025-02-15,PLT-OH1,MAT-004,2805.7662,88.4378,248135.7884,2248.9948,2412.984,59.88
765,2025-02-15,PLT-OH1,MAT-005,631.1465,320.0,201966.8664,491.9676,527.1081,44.9
766,2025-02-15,PLT-OH1,MAT-006,204.9845,210.0,43046.7531,163.9892,175.7027,43.75
767,2025-02-15,PLT-OH1,MAT-007,720.7423,180.8848,130371.3225,569.2768,607.9314,102.55
768,2025-02-15,PLT-OH1,MAT-008,230.0419,418.6467,96306.2799,189.7589,202.6438,98.2
769,2025-02-15,PLT-OH1,MAT-009,97.5457,95.0,9266.8451,81.9946,87.8514,41.64
770,2025-02-15,PLT-OH1,MAT-010,116.9637,9.7412,1139.3666,98.3935,106.593,99.85
771,2025-02-15,PLT-OH1,MAT-011,215410.1441,6.8227,1469678.79,178045.419,189758.9334,45.97
772,2025-02-15,PLT-OH1,MAT-012,199641.5181,3.998,798166.7895,168674.6075,175702.7161,42.61
773,2025-02-15,PLT-OH1,MAT-013,111984.4635,2.262,253308.8564,84337.3037,87851.3581,47.8
774,2025-02-15,PLT-OH1,MAT-014,113628.501,0.8528,96902.3856,86680.0066,92536.7638,48.5
775,2025-02-15,PLT-OH1,MAT-015,100580.2508,1.2217,122878.8925,91365.4124,99564.8725,42.93
776,2025-02-15,PLT-OH1,MAT-016,90523.6528,7.9901,723293.0382,72623.7893,76137.8437,38.64
777,2025-02-15,PLT-OH1,MAT-017,95909.4441,2.2888,219517.5357,77309.1951,83165.9523,40.94
778,2025-02-15,PLT-OH1,MAT-018,367.3825,19.689,7233.3935,327.9784,345.5487,31.36
779,2025-02-15,PLT-OH1,MAT-019,288104.0037,0.6835,196919.0866,217871.368,228413.531,40.99
780,2025-02-15,PLT-OH1,MAT-020,239242.182,0.4589,109788.2373,199129.745,216700.0166,40.85
781,2025-02-15,PLT-OH1,MAT-021,154175.6707,0.2906,44803.4499,134939.686,147590.2816,36.56
782,2025-02-15,PLT-OH1,MAT-022,686.8575,95.0,65251.4615,655.9568,702.8109,36.65
783,2025-02-15,PLT-OH1,MAT-023,1477.2114,145.0,214195.6519,1229.919,1317.7704,42.04
784,2025-02-15,PLT-OH1,MAT-024,206.8443,62.0,12824.3487,163.9892,175.7027,44.15
785,2025-02-15,PLT-OH1,MAT-025,92.6206,180.0,16671.7081,81.9946,87.8514,39.54
786,2025-02-15,PLT-OH1,MAT-027,175.2068,4.5,788.4306,163.9892,175.7027,37.39
787,2025-02-15,PLT-OH1,MAT-028,3521.7357,45.0,158478.1051,3279.784,3514.0543,37.58
788,2025-02-15,PLT-OH1,MAT-029,96714.4819,2.8,270800.5494,81994.6009,87851.3581,41.28
789,2025-02-15,PLT-OH1,MAT-030,171.7513,22.0,3778.5284,163.9892,175.7027,36.66
790,2025-02-15,PLT-OH1,MAT-031,307.9592,15.0,4619.3884,245.9838,263.5541,43.82
791,2025-02-15,PLT-OH1,MAT-032,89681.9671,5.5,493250.819,81994.6009,87851.3581,38.28
792,2025-02-15,PLT-OH1,MAT-038,276.4995,178.359,49316.1757,260.04,277.6103,39.34
793,2025-02-15,PLT-OH1,MAT-039,227.7565,202.1605,46043.362,173.36,185.0735,48.61
794,2025-02-15,PLT-OH1,MAT-040,51490.75,29.6962,1529079.6088,44511.3548,48611.0848,43.96
795,2025-02-15,PLT-OH1,MAT-047,105578.1862,3.2,337850.1957,81994.6009,87851.3581,45.07
796,2025-02-15,PLT-OH1,MAT-048,87168.1316,1.8,156902.6369,81994.6009,87851.3581,37.21
797,2025-02-15,PLT-OH1,MAT-049,901.4379,8.5,7662.2219,819.946,878.5136,38.48
798,2025-02-15,PLT-OH1,MAT-050,933.3828,22.0,20534.4223,819.946,878.5136,39.84
799,2025-02-22,PLT-AZ1,MAT-001,232895.7271,27.593,6426291.799,188811.8528,197021.0638,56.74
800,2025-02-22,PLT-AZ1,MAT-002,229726.6183,22.017,5057890.955,192916.4583,203177.972,55.97
801,2025-02-22,PLT-AZ1,MAT-003,905979.3078,4.2603,3859743.6451,804502.677,861967.154,55.18
802,2025-02-22,PLT-AZ1,MAT-004,4487.4712,87.8254,394113.952,3940.4213,4227.7437,54.66
803,2025-02-22,PLT-AZ1,MAT-005,2402.3663,329.4044,791350.0286,1822.4448,1908.6416,97.55
804,2025-02-22,PLT-AZ1,MAT-006,803.0462,205.1512,164745.8816,632.1092,673.1553,97.82
805,2025-02-22,PLT-AZ1,MAT-007,1185.0885,174.9688,207353.5199,997.4191,1065.1451,96.24
806,2025-02-22,PLT-AZ1,MAT-008,414.1543,427.191,176923.0082,332.473,355.0484,100.9
807,2025-02-22,PLT-AZ1,MAT-009,426.3626,94.8709,40449.4059,324.2638,340.6823,103.87
808,2025-02-22,PLT-AZ1,MAT-010,209.814,9.7205,2039.4966,172.3934,186.7596,102.23
809,2025-02-22,PLT-AZ1,MAT-011,405438.706,6.6129,2681125.6186,311950.0176,332473.0451,49.39
810,2025-02-22,PLT-AZ1,MAT-012,372610.7853,4.1413,1543093.0453,295531.5956,307845.4121,45.39
811,2025-02-22,PLT-AZ1,MAT-013,185279.9071,2.3057,427199.8818,147765.7978,153922.7061,45.14
812,2025-02-22,PLT-AZ1,MAT-014,164232.9502,0.8624,141634.4963,151870.4033,162131.9171,40.01
813,2025-02-22,PLT-AZ1,MAT-015,166223.0969,1.2162,202160.5304,160079.6143,174445.7335,40.5
814,2025-02-22,PLT-AZ1,MAT-016,140326.4087,7.7857,1092539.3204,127242.7703,133399.6786,34.19
815,2025-02-22,PLT-AZ1,MAT-017,167014.343,2.3172,387005.6355,135451.9813,145713.4951,40.69
816,2025-02-22,PLT-AZ1,MAT-018,675.7976,18.9273,12791.0237,574.6448,605.4293,32.93
817,2025-02-22,PLT-AZ1,MAT-019,495573.8387,0.6792,336593.7513,381728.311,400199.0358,40.25
818,2025-02-22,PLT-AZ1,MAT-020,387508.6388,0.4353,168682.5105,348891.4671,379676.0083,37.76
819,2025-02-22,PLT-AZ1,MAT-021,268251.6367,0.2967,79590.2606,206872.117,217954.5518,36.31
820,2025-02-22,PLT-AZ1,MAT-022,1175.0443,99.6278,117067.076,1017.9422,1083.6159,35.78
821,2025-02-22,PLT-AZ1,MAT-023,1469.7426,143.5576,210992.7258,1416.0889,1539.2271,23.87
822,2025-02-22,PLT-AZ1,MAT-024,183.9529,61.4043,11295.5009,172.3934,180.6026,22.41
823,2025-02-22,PLT-AZ1,MAT-025,162.9154,180.0,29324.7674,143.6612,153.9227,39.69
824,2025-02-22,PLT-AZ1,MAT-027,145.5195,4.5718,665.2862,172.3934,180.6026,17.73
825,2025-02-22,PLT-AZ1,MAT-028,6088.4587,45.0,273980.6437,5746.4477,6156.9082,37.08
826,2025-02-22,PLT-AZ1,MAT-029,159030.585,2.8,445285.638,143661.1923,153922.7061,38.74
827,2025-02-22,PLT-AZ1,MAT-030,316.0665,22.0,6953.4631,287.3224,307.8454,38.5
828,2025-02-22,PLT-AZ1,MAT-031,481.3783,15.0,7220.675,430.9836,461.7681,39.09
829,2025-02-22,PLT-AZ1,MAT-032,166589.2519,5.5,916240.8854,143661.1923,153922.7061,40.59
830,2025-02-22,PLT-AZ1,MAT-038,618.3215,189.7163,117305.6589,529.4941,560.2787,50.21
831,2025-02-22,PLT-AZ1,MAT-039,403.9154,217.3926,87808.2215,352.9961,373.5191,49.2
832,2025-02-22,PLT-AZ1,MAT-040,111931.9122,30.0593,3364594.9276,90301.3209,96458.2291,54.54
833,2025-02-22,PLT-AZ1,MAT-047,177711.5361,3.2,568676.9157,143661.1923,153922.7061,43.3
834,2025-02-22,PLT-AZ1,MAT-048,178898.3805,1.8,322017.0849,143661.1923,153922.7061,43.58
835,2025-02-22,PLT-AZ1,MAT-049,331.324,8.4709,2806.6125,615.6908,656.7369,8.07
836,2025-02-22,PLT-AZ1,MAT-050,1560.9056,22.0,34339.9229,1436.6119,1539.2271,38.03
837,2025-02-22,PLT-OH2,MAT-001,255323.6289,27.4849,7017544.4089,224363.556,234118.4932,52.35
838,2025-02-22,PLT-OH2,MAT-002,269300.9741,21.8027,5871488.3477,229241.0246,241434.6961,55.21
839,2025-02-22,PLT-OH2,MAT-003,1083689.3198,4.2428,4597877.0461,955983.8473,1024268.4079,55.55
840,2025-02-22,PLT-OH2,MAT-004,5463.1597,87.7775,479542.5024,4682.3699,5023.7927,56.0
841,2025-02-22,PLT-OH2,MAT-005,2790.8034,335.0481,935053.3929,2546.0386,2780.1571,95.36
842,2025-02-22,PLT-OH2,MAT-006,433.3662,210.0,91006.9079,341.4228,365.8101,44.43
843,2025-02-22,PLT-OH2,MAT-007,1427.5565,174.995,249815.2531,1185.2249,1265.7031,97.56
844,2025-02-22,PLT-OH2,MAT-008,501.7171,429.3699,215422.2091,395.075,421.901,102.86
845,2025-02-22,PLT-OH2,MAT-009,495.418,101.4333,50251.8804,385.32,404.8299,101.57
846,2025-02-22,PLT-OH2,MAT-010,239.7279,9.8968,2372.539,204.8537,221.9248,98.3
847,2025-02-22,PLT-OH2,MAT-011,461206.1672,6.8872,3176419.1145,370687.6143,395074.9573,47.28
848,2025-02-22,PLT-OH2,MAT-012,455699.7341,3.9636,1806211.4662,351177.7398,365810.1457,46.71
849,2025-02-22,PLT-OH2,MAT-013,239169.1531,2.3388,559368.8153,175588.8699,182905.0728,49.04
850,2025-02-22,PLT-OH2,MAT-014,189672.6705,0.8842,167708.5752,180466.3385,192660.0101,38.89
851,2025-02-22,PLT-OH2,MAT-015,195947.3991,1.2039,235901.0738,190221.2757,207292.4159,40.17
852,2025-02-22,PLT-OH2,MAT-016,178449.9861,7.9279,1414733.6445,151201.5269,158517.7298,36.59
853,2025-02-22,PLT-OH2,MAT-017,180815.6134,2.1744,393165.4697,160956.4641,173150.1356,37.07
854,2025-02-22,PLT-OH2,MAT-018,1099.9175,18.0,19798.5145,853.557,914.5254,45.1
855,2025-02-22,PLT-OH2,MAT-019,583736.3242,0.6768,395072.7442,453604.5806,475553.1894,39.89
856,2025-02-22,PLT-OH2,MAT-020,417154.733,0.436,181879.4636,414584.8318,451165.8463,34.21
857,2025-02-22,PLT-OH2,MAT-021,326167.2252,0.28,91326.823,307280.5224,329229.1311,37.15
858,2025-02-22,PLT-OH2,MAT-022,1552.4075,102.9547,159827.6474,1170.5925,1229.1221,39.79
859,2025-02-22,PLT-OH2,MAT-023,1296.362,138.4548,179487.5416,1682.7267,1829.0507,17.72
860,2025-02-22,PLT-OH2,MAT-024,247.7902,62.8156,15565.088,204.8537,214.6086,25.4
861,2025-02-22,PLT-OH2,MAT-025,176.3953,180.0,31751.1625,170.7114,182.9051,36.17
862,2025-02-22,PLT-OH2,MAT-027,270.426,4.5384,1227.3014,204.8537,214.6086,27.72
863,2025-02-22,PLT-OH2,MAT-028,8829.9417,45.0,397347.3751,6828.4561,7316.2029,45.26
864,2025-02-22,PLT-OH2,MAT-029,201177.7493,2.8,563297.698,170711.4013,182905.0728,41.25
865,2025-02-22,PLT-OH2,MAT-030,337.283,22.0,7420.227,341.4228,365.8101,34.58
866,2025-02-22,PLT-OH2,MAT-031,640.2402,15.0,9603.6025,512.1342,548.7152,43.75
867,2025-02-22,PLT-OH2,MAT-032,210684.8842,5.5,1158766.8632,170711.4013,182905.0728,43.2
868,2025-02-22,PLT-OH2,MAT-038,665.7724,177.4999,118174.543,541.399,577.98,45.5
869,2025-02-22,PLT-OH2,MAT-039,435.1413,210.363,91537.6392,360.9327,385.32,44.61
870,2025-02-22,PLT-OH2,MAT-040,129962.0851,30.6366,3981596.4158,102426.8408,107304.3094,53.29
871,2025-02-22,PLT-OH2,MAT-047,106762.3642,3.0756,328358.3274,87794.435,92671.9036,21.89
872,2025-02-22,PLT-OH2,MAT-048,87794.4622,1.8132,159188.9189,87794.435,92671.9036,18.0
873,2025-02-22,PLT-OH2,MAT-049,938.6021,8.3142,7803.7256,731.6203,780.395,19.24
874,2025-02-22,PLT-OH2,MAT-050,896.6686,21.749,19501.6454,926.719,999.8811,18.38
875,2025-02-22,PLT-OH1,MAT-001,144360.2258,28.8735,4168184.9807,107764.3326,112449.7383,61.62
876,2025-02-22,PLT-OH1,MAT-002,145131.5339,21.9325,3183097.3666,110107.0354,115963.7927,61.95
877,2025-02-22,PLT-OH1,MAT-003,583681.4404,4.2749,2495179.7898,459169.7648,491967.6052,62.29
878,2025-02-22,PLT-OH1,MAT-004,2587.5212,88.4378,228834.6804,2248.9948,2412.984,55.23
879,2025-02-22,PLT-OH1,MAT-005,631.2364,320.0,201995.6361,491.9676,527.1081,44.91
880,2025-02-22,PLT-OH1,MAT-006,202.7848,210.0,42584.804,163.9892,175.7027,43.28
881,2025-02-22,PLT-OH1,MAT-007,692.0462,180.8848,125180.6388,569.2768,607.9314,98.47
882,2025-02-22,PLT-OH1,MAT-008,234.2115,418.6467,98051.8579,189.7589,202.6438,99.97
883,2025-02-22,PLT-OH1,MAT-009,100.3968,95.0,9537.6977,81.9946,87.8514,42.86
884,2025-02-22,PLT-OH1,MAT-010,119.1543,9.7412,1160.7055,98.3935,106.593,101.72
885,2025-02-22,PLT-OH1,MAT-011,220871.0307,6.8227,1506936.7813,178045.419,189758.9334,47.14
886,2025-02-22,PLT-OH1,MAT-012,185249.7955,3.998,740628.6825,168674.6075,175702.7161,39.54
887,2025-02-22,PLT-OH1,MAT-013,102369.1967,2.262,231559.1229,84337.3037,87851.3581,43.7
888,2025-02-22,PLT-OH1,MAT-014,111620.8441,0.8528,95190.2559,86680.0066,92536.7638,47.65
889,2025-02-22,PLT-OH1,MAT-015,103788.177,1.2217,126798.0159,91365.4124,99564.8725,44.3
890,2025-02-22,PLT-OH1,MAT-016,94592.4031,7.9901,755802.7597,72623.7893,76137.8437,40.38
891,2025-02-22,PLT-OH1,MAT-017,85104.5593,2.2888,194787.3154,77309.1951,83165.9523,36.33
892,2025-02-22,PLT-OH1,MAT-018,329.0716,19.689,6479.0905,327.9784,345.5487,28.09
893,2025-02-22,PLT-OH1,MAT-019,256219.6876,0.6835,175126.1565,217871.368,228413.531,36.46
894,2025-02-22,PLT-OH1,MAT-020,238945.6695,0.4589,109652.1677,199129.745,216700.0166,40.8
895,2025-02-22,PLT-OH1,MAT-021,136647.0882,0.2906,39709.6438,134939.686,147590.2816,32.4
896,2025-02-22,PLT-OH1,MAT-022,642.72,95.0,61058.3981,655.9568,702.8109,34.29
897,2025-02-22,PLT-OH1,MAT-023,1508.5051,145.0,218733.2332,1229.919,1317.7704,42.93
898,2025-02-22,PLT-OH1,MAT-024,185.6959,62.0,11513.1428,163.9892,175.7027,39.63
899,2025-02-22,PLT-OH1,MAT-025,95.5321,180.0,17195.772,81.9946,87.8514,40.78
900,2025-02-22,PLT-OH1,MAT-027,187.5051,4.5,843.7729,163.9892,175.7027,40.02
901,2025-02-22,PLT-OH1,MAT-028,3234.4427,45.0,145549.9219,3279.784,3514.0543,34.52
902,2025-02-22,PLT-OH1,MAT-029,100284.4015,2.8,280796.3243,81994.6009,87851.3581,42.81
903,2025-02-22,PLT-OH1,MAT-030,184.412,22.0,4057.0648,163.9892,175.7027,39.36
904,2025-02-22,PLT-OH1,MAT-031,277.4904,15.0,4162.356,245.9838,263.5541,39.48
905,2025-02-22,PLT-OH1,MAT-032,95470.6729,5.5,525088.7009,81994.6009,87851.3581,40.75
906,2025-02-22,PLT-OH1,MAT-038,300.0539,178.359,53517.3166,260.04,277.6103,42.69
907,2025-02-22,PLT-OH1,MAT-039,229.3133,202.1605,46358.0927,173.36,185.0735,48.94
908,2025-02-22,PLT-OH1,MAT-040,51848.187,29.6962,1539694.1302,44511.3548,48611.0848,44.26
909,2025-02-22,PLT-OH1,MAT-047,104902.6129,3.2,335688.3612,81994.6009,87851.3581,44.78
910,2025-02-22,PLT-OH1,MAT-048,93267.165,1.8,167880.8971,81994.6009,87851.3581,39.81
911,2025-02-22,PLT-OH1,MAT-049,946.9364,8.5,8048.9597,819.946,878.5136,40.42
912,2025-02-22,PLT-OH1,MAT-050,977.8915,22.0,21513.6123,819.946,878.5136,41.74
913,2025-03-01,PLT-AZ1,MAT-001,243618.9206,27.593,6722176.8762,188811.8528,197021.0638,59.35
914,2025-03-01,PLT-AZ1,MAT-002,237727.9439,22.017,5234056.1412,192916.4583,203177.972,57.92
915,2025-03-01,PLT-AZ1,MAT-003,857981.4423,4.2603,3655258.3384,804502.677,861967.154,52.26
916,2025-03-01,PLT-AZ1,MAT-004,4624.7369,87.8254,406169.3697,3940.4213,4227.7437,56.34
917,2025-03-01,PLT-AZ1,MAT-005,2303.8345,329.4044,758893.2231,1822.4448,1908.6416,93.55
918,2025-03-01,PLT-AZ1,MAT-006,815.3936,205.1512,167278.9752,632.1092,673.1553,99.33
919,2025-03-01,PLT-AZ1,MAT-007,1208.368,174.9688,211426.6986,997.4191,1065.1451,98.13
920,2025-03-01,PLT-AZ1,MAT-008,418.1682,427.191,178637.6848,332.473,355.0484,101.88
921,2025-03-01,PLT-AZ1,MAT-009,428.403,94.8709,40642.979,324.2638,340.6823,104.37
922,2025-03-01,PLT-AZ1,MAT-010,211.8646,9.7205,2059.4295,172.3934,186.7596,103.23
923,2025-03-01,PLT-AZ1,MAT-011,366533.0861,6.6129,2423846.6452,311950.0176,332473.0451,44.65
924,2025-03-01,PLT-AZ1,MAT-012,384328.823,4.1413,1591620.9546,295531.5956,307845.4121,46.82
925,2025-03-01,PLT-AZ1,MAT-013,190686.0545,2.3057,439664.8359,147765.7978,153922.7061,46.46
926,2025-03-01,PLT-AZ1,MAT-014,175591.5059,0.8624,151430.1147,151870.4033,162131.9171,42.78
927,2025-03-01,PLT-AZ1,MAT-015,174954.4745,1.2162,212779.6319,160079.6143,174445.7335,42.62
928,2025-03-01,PLT-AZ1,MAT-016,131107.8236,7.7857,1020766.1824,127242.7703,133399.6786,31.94
929,2025-03-01,PLT-AZ1,MAT-017,169983.4813,2.3172,393885.7228,135451.9813,145713.4951,41.41
930,2025-03-01,PLT-AZ1,MAT-018,708.3242,18.9273,13406.6654,574.6448,605.4293,34.51
931,2025-03-01,PLT-AZ1,MAT-019,493790.4436,0.6792,335382.4693,381728.311,400199.0358,40.1
932,2025-03-01,PLT-AZ1,MAT-020,395026.1092,0.4353,171954.8653,348891.4671,379676.0083,38.5
933,2025-03-01,PLT-AZ1,MAT-021,236904.1469,0.2967,70289.4604,206872.117,217954.5518,32.06
934,2025-03-01,PLT-AZ1,MAT-022,1235.1087,99.6278,123051.1643,1017.9422,1083.6159,37.61
935,2025-03-01,PLT-AZ1,MAT-023,1576.1224,143.5576,226264.355,1416.0889,1539.2271,25.6
936,2025-03-01,PLT-AZ1,MAT-024,205.0323,61.4043,12589.8619,172.3934,180.6026,24.98
937,2025-03-01,PLT-AZ1,MAT-025,150.5536,180.0,27099.6503,143.6612,153.9227,36.68
938,2025-03-01,PLT-AZ1,MAT-027,163.0756,4.5718,745.5489,172.3934,180.6026,19.86
939,2025-03-01,PLT-AZ1,MAT-028,6383.8447,45.0,287273.0122,5746.4477,6156.9082,38.88
940,2025-03-01,PLT-AZ1,MAT-029,147678.8998,2.8,413500.9195,143661.1923,153922.7061,35.98
941,2025-03-01,PLT-AZ1,MAT-030,332.2479,22.0,7309.4538,287.3224,307.8454,40.47
942,2025-03-01,PLT-AZ1,MAT-031,506.1955,15.0,7592.9323,430.9836,461.7681,41.11
943,2025-03-01,PLT-AZ1,MAT-032,150987.8203,5.5,830433.0114,143661.1923,153922.7061,36.78
944,2025-03-01,PLT-AZ1,MAT-038,651.2839,189.7163,123559.1776,529.4941,560.2787,52.89
945,2025-03-01,PLT-AZ1,MAT-039,422.4089,217.3926,91828.5756,352.9961,373.5191,51.46
946,2025-03-01,PLT-AZ1,MAT-040,113547.7522,30.0593,3413165.9466,90301.3209,96458.2291,55.33
947,2025-03-01,PLT-AZ1,MAT-047,176512.8794,3.2,564841.2141,143661.1923,153922.7061,43.0
948,2025-03-01,PLT-AZ1,MAT-048,182804.8151,1.8,329048.6672,143661.1923,153922.7061,44.54
949,2025-03-01,PLT-AZ1,MAT-049,446.2371,8.4709,3780.0297,615.6908,656.7369,10.87
950,2025-03-01,PLT-AZ1,MAT-050,1432.0333,22.0,31504.7322,1436.6119,1539.2271,34.89
951,2025-03-01,PLT-OH2,MAT-001,274067.4742,27.4849,7532717.1213,224363.556,234118.4932,56.19
952,2025-03-01,PLT-OH2,MAT-002,282940.1344,21.8027,6168858.8693,229241.0246,241434.6961,58.01
953,2025-03-01,PLT-OH2,MAT-003,1134312.0072,4.2428,4812658.9843,955983.8473,1024268.4079,58.14
954,2025-03-01,PLT-OH2,MAT-004,5568.7137,87.7775,488807.7691,4682.3699,5023.7927,57.09
955,2025-03-01,PLT-OH2,MAT-005,2909.3654,335.0481,974777.3559,2546.0386,2780.1571,99.42
956,2025-03-01,PLT-OH2,MAT-006,386.4045,210.0,81144.9422,341.4228,365.8101,39.61
957,2025-03-01,PLT-OH2,MAT-007,1469.6491,174.995,257181.2356,1185.2249,1265.7031,100.44
958,2025-03-01,PLT-OH2,MAT-008,503.9518,429.3699,216381.7539,395.075,421.901,103.32
959,2025-03-01,PLT-OH2,MAT-009,504.286,101.4333,51151.396,385.32,404.8299,103.39
960,2025-03-01,PLT-OH2,MAT-010,242.6128,9.8968,2401.09,204.8537,221.9248,99.48
961,2025-03-01,PLT-OH2,MAT-011,470557.5421,6.8872,3240823.9039,370687.6143,395074.9573,48.24
962,2025-03-01,PLT-OH2,MAT-012,461530.3139,3.9636,1829321.5521,351177.7398,365810.1457,47.31
963,2025-03-01,PLT-OH2,MAT-013,239597.3493,2.3388,560370.2805,175588.8699,182905.0728,49.12
964,2025-03-01,PLT-OH2,MAT-014,200198.5279,0.8842,177015.5383,180466.3385,192660.0101,41.05
965,2025-03-01,PLT-OH2,MAT-015,204176.0093,1.2039,245807.4975,190221.2757,207292.4159,41.86
966,2025-03-01,PLT-OH2,MAT-016,184546.7699,7.9279,1463068.337,151201.5269,158517.7298,37.84
967,2025-03-01,PLT-OH2,MAT-017,190455.976,2.1744,414127.4743,160956.4641,173150.1356,39.05
968,2025-03-01,PLT-OH2,MAT-018,1090.2787,18.0,19625.016,853.557,914.5254,44.71
969,2025-03-01,PLT-OH2,MAT-019,588937.8834,0.6768,398593.1595,453604.5806,475553.1894,40.25
970,2025-03-01,PLT-OH2,MAT-020,385207.1143,0.436,167950.3018,414584.8318,451165.8463,31.59
971,2025-03-01,PLT-OH2,MAT-021,304928.5838,0.28,85380.0035,307280.5224,329229.1311,34.73
972,2025-03-01,PLT-OH2,MAT-022,1565.569,102.9547,161182.6907,1170.5925,1229.1221,40.12
973,2025-03-01,PLT-OH2,MAT-023,1544.9418,138.4548,213904.6088,1682.7267,1829.0507,21.12
974,2025-03-01,PLT-OH2,MAT-024,211.0942,62.8156,13260.0095,204.8537,214.6086,21.64
975,2025-03-01,PLT-OH2,MAT-025,189.206,180.0,34057.0783,170.7114,182.9051,38.79
976,2025-03-01,PLT-OH2,MAT-027,278.8622,4.5384,1265.5884,204.8537,214.6086,28.59
977,2025-03-01,PLT-OH2,MAT-028,8787.002,45.0,395415.0912,6828.4561,7316.2029,45.04
978,2025-03-01,PLT-OH2,MAT-029,203070.925,2.8,568598.5901,170711.4013,182905.0728,41.63
979,2025-03-01,PLT-OH2,MAT-030,362.511,22.0,7975.2426,341.4228,365.8101,37.16
980,2025-03-01,PLT-OH2,MAT-031,574.8685,15.0,8623.0274,512.1342,548.7152,39.29
981,2025-03-01,PLT-OH2,MAT-032,190516.295,5.5,1047839.6226,170711.4013,182905.0728,39.06
982,2025-03-01,PLT-OH2,MAT-038,675.9873,177.4999,119987.6737,541.399,577.98,46.2
983,2025-03-01,PLT-OH2,MAT-039,444.1465,210.363,93431.9942,360.9327,385.32,45.53
984,2025-03-01,PLT-OH2,MAT-040,133092.5244,30.6366,4077502.4342,102426.8408,107304.3094,54.57
985,2025-03-01,PLT-OH2,MAT-047,107543.3374,3.0756,330760.2885,87794.435,92671.9036,22.05
986,2025-03-01,PLT-OH2,MAT-048,97753.9276,1.8132,177247.4215,87794.435,92671.9036,20.04
987,2025-03-01,PLT-OH2,MAT-049,944.9158,8.3142,7856.219,731.6203,780.395,19.37
988,2025-03-01,PLT-OH2,MAT-050,974.536,21.749,21195.183,926.719,999.8811,19.98
989,2025-03-01,PLT-OH1,MAT-001,134708.4487,28.8735,3889504.3921,107764.3326,112449.7383,57.5
990,2025-03-01,PLT-OH1,MAT-002,144447.8618,21.9325,3168102.7299,110107.0354,115963.7927,61.66
991,2025-03-01,PLT-OH1,MAT-003,537179.9908,4.2749,2296390.7427,459169.7648,491967.6052,57.32
992,2025-03-01,PLT-OH1,MAT-004,2450.9279,88.4378,216754.6696,2248.9948,2412.984,52.31
993,2025-03-01,PLT-OH1,MAT-005,562.4979,320.0,179999.3321,491.9676,527.1081,40.02
994,2025-03-01,PLT-OH1,MAT-006,204.4999,210.0,42944.988,163.9892,175.7027,43.65
995,2025-03-01,PLT-OH1,MAT-007,673.9809,180.8848,121912.8987,569.2768,607.9314,95.9
996,2025-03-01,PLT-OH1,MAT-008,238.7262,418.6467,99941.954,189.7589,202.6438,101.9
997,2025-03-01,PLT-OH1,MAT-009,90.7829,95.0,8624.3725,81.9946,87.8514,38.75
998,2025-03-01,PLT-OH1,MAT-010,119.7392,9.7412,1166.404,98.3935,106.593,102.22
999,2025-03-01,PLT-OH1,MAT-011,201054.8873,6.8227,1371737.1798,178045.419,189758.9334,42.91
1000,2025-03-01,PLT-OH1,MAT-012,199614.9896,3.998,798060.7285,168674.6075,175702.7161,42.6
1001,2025-03-01,PLT-OH1,MAT-013,106112.5168,2.262,240026.513,84337.3037,87851.3581,45.29
1002,2025-03-01,PLT-OH1,MAT-014,109990.6963,0.8528,93800.0658,86680.0066,92536.7638,46.95
1003,2025-03-01,PLT-OH1,MAT-015,107951.7263,1.2217,131884.6241,91365.4124,99564.8725,46.08
1004,2025-03-01,PLT-OH1,MAT-016,83946.3635,7.9901,670739.8389,72623.7893,76137.8437,35.83
1005,2025-03-01,PLT-OH1,MAT-017,77193.4904,2.2888,176680.4608,77309.1951,83165.9523,32.95
1006,2025-03-01,PLT-OH1,MAT-018,359.0397,19.689,7069.1317,327.9784,345.5487,30.65
1007,2025-03-01,PLT-OH1,MAT-019,261010.3069,0.6835,178400.5448,217871.368,228413.531,37.14
1008,2025-03-01,PLT-OH1,MAT-020,238357.8087,0.4589,109382.3984,199129.745,216700.0166,40.7
1009,2025-03-01,PLT-OH1,MAT-021,125687.9744,0.2906,36524.9254,134939.686,147590.2816,29.81
1010,2025-03-01,PLT-OH1,MAT-022,717.3807,95.0,68151.162,655.9568,702.8109,38.28
1011,2025-03-01,PLT-OH1,MAT-023,1543.0513,145.0,223742.4329,1229.919,1317.7704,43.91
1012,2025-03-01,PLT-OH1,MAT-024,195.0521,62.0,12093.2299,163.9892,175.7027,41.63
1013,2025-03-01,PLT-OH1,MAT-025,98.1007,180.0,17658.125,81.9946,87.8514,41.88
1014,2025-03-01,PLT-OH1,MAT-027,190.2709,4.5,856.2191,163.9892,175.7027,40.61
1015,2025-03-01,PLT-OH1,MAT-028,3581.2358,45.0,161155.61,3279.784,3514.0543,38.22
1016,2025-03-01,PLT-OH1,MAT-029,90759.6475,2.8,254127.0129,81994.6009,87851.3581,38.74
1017,2025-03-01,PLT-OH1,MAT-030,191.6783,22.0,4216.9216,163.9892,175.7027,40.91
1018,2025-03-01,PLT-OH1,MAT-031,289.5562,15.0,4343.3426,245.9838,263.5541,41.2
1019,2025-03-01,PLT-OH1,MAT-032,99786.7688,5.5,548827.2284,81994.6009,87851.3581,42.59
1020,2025-03-01,PLT-OH1,MAT-038,277.6866,178.359,49527.9078,260.04,277.6103,39.51
1021,2025-03-01,PLT-OH1,MAT-039,228.9248,202.1605,46279.5545,173.36,185.0735,48.86
1022,2025-03-01,PLT-OH1,MAT-040,53081.6005,29.6962,1576321.8245,44511.3548,48611.0848,45.32
1023,2025-03-01,PLT-OH1,MAT-047,93973.3138,3.2,300714.6041,81994.6009,87851.3581,40.11
1024,2025-03-01,PLT-OH1,MAT-048,84941.4707,1.8,152894.6473,81994.6009,87851.3581,36.26
1025,2025-03-01,PLT-OH1,MAT-049,955.6256,8.5,8122.8174,819.946,878.5136,40.79
1026,2025-03-01,PLT-OH1,MAT-050,877.5271,22.0,19305.5966,819.946,878.5136,37.46
1027,2025-03-08,PLT-AZ1,MAT-001,227311.3177,27.593,6272201.1883,188811.8528,197021.0638,55.38
1028,2025-03-08,PLT-AZ1,MAT-002,225165.2831,22.017,4957464.0376,192916.4583,203177.972,54.86
1029,2025-03-08,PLT-AZ1,MAT-003,825386.0626,4.2603,3516392.2425,804502.677,861967.154,50.27
1030,2025-03-08,PLT-AZ1,MAT-004,4669.418,87.8254,410093.5,3940.4213,4227.7437,56.88
1031,2025-03-08,PLT-AZ1,MAT-005,2350.695,329.4044,774329.2605,1822.4448,1908.6416,95.45
1032,2025-03-08,PLT-AZ1,MAT-006,823.6504,205.1512,168972.8634,632.1092,673.1553,100.33
1033,2025-03-08,PLT-AZ1,MAT-007,1236.9317,174.9688,216424.4526,997.4191,1065.1451,100.45
1034,2025-03-08,PLT-AZ1,MAT-008,403.2986,427.191,172285.5302,332.473,355.0484,98.26
1035,2025-03-08,PLT-AZ1,MAT-009,427.69,94.8709,40575.3348,324.2638,340.6823,104.2
1036,2025-03-08,PLT-AZ1,MAT-010,211.6635,9.7205,2057.4753,172.3934,186.7596,103.13
1037,2025-03-08,PLT-AZ1,MAT-011,372268.9767,6.6129,2461777.5159,311950.0176,332473.0451,45.35
1038,2025-03-08,PLT-AZ1,MAT-012,394676.4508,4.1413,1634473.5857,295531.5956,307845.4121,48.08
1039,2025-03-08,PLT-AZ1,MAT-013,192274.3633,2.3057,443326.9994,147765.7978,153922.7061,46.84
1040,2025-03-08,PLT-AZ1,MAT-014,161777.6708,0.8624,139517.0633,151870.4033,162131.9171,39.41
1041,2025-03-08,PLT-AZ1,MAT-015,185178.2169,1.2162,225213.7474,160079.6143,174445.7335,45.11
1042,2025-03-08,PLT-AZ1,MAT-016,123203.4583,7.7857,959225.1655,127242.7703,133399.6786,30.02
1043,2025-03-08,PLT-AZ1,MAT-017,170428.8319,2.3172,394917.6892,135451.9813,145713.4951,41.52
1044,2025-03-08,PLT-AZ1,MAT-018,623.6855,18.9273,11804.6819,574.6448,605.4293,30.39
1045,2025-03-08,PLT-AZ1,MAT-019,500949.9688,0.6792,340245.2188,381728.311,400199.0358,40.68
1046,2025-03-08,PLT-AZ1,MAT-020,415348.2312,0.4353,180801.085,348891.4671,379676.0083,40.48
1047,2025-03-08,PLT-AZ1,MAT-021,210764.9952,0.2967,62533.9741,206872.117,217954.5518,28.53
1048,2025-03-08,PLT-AZ1,MAT-022,1093.8726,99.6278,108980.1224,1017.9422,1083.6159,33.31
1049,2025-03-08,PLT-AZ1,MAT-023,1607.1212,143.5576,230714.4585,1416.0889,1539.2271,26.1
1050,2025-03-08,PLT-AZ1,MAT-024,220.3402,61.4043,13529.8377,172.3934,180.6026,26.84
1051,2025-03-08,PLT-AZ1,MAT-025,162.3579,180.0,29224.4154,143.6612,153.9227,39.56
1052,2025-03-08,PLT-AZ1,MAT-027,189.8477,4.5718,867.9457,172.3934,180.6026,23.13
1053,2025-03-08,PLT-AZ1,MAT-028,6668.3818,45.0,300077.1803,5746.4477,6156.9082,40.62
1054,2025-03-08,PLT-AZ1,MAT-029,155874.3297,2.8,436448.1233,143661.1923,153922.7061,37.98
1055,2025-03-08,PLT-AZ1,MAT-030,338.8614,22.0,7454.9508,287.3224,307.8454,41.28
1056,2025-03-08,PLT-AZ1,MAT-031,523.6365,15.0,7854.5476,430.9836,461.7681,42.52
1057,2025-03-08,PLT-AZ1,MAT-032,162938.7171,5.5,896162.9439,143661.1923,153922.7061,39.7
1058,2025-03-08,PLT-AZ1,MAT-038,610.913,189.7163,115900.1571,529.4941,560.2787,49.61
1059,2025-03-08,PLT-AZ1,MAT-039,440.536,217.3926,95769.2748,352.9961,373.5191,53.66
1060,2025-03-08,PLT-AZ1,MAT-040,113331.9141,30.0593,3406678.0044,90301.3209,96458.2291,55.22
1061,2025-03-08,PLT-AZ1,MAT-047,177992.101,3.2,569574.7232,143661.1923,153922.7061,43.36
1062,2025-03-08,PLT-AZ1,MAT-048,181781.4525,1.8,327206.6144,143661.1923,153922.7061,44.29
1063,2025-03-08,PLT-AZ1,MAT-049,557.1447,8.4709,4719.5174,615.6908,656.7369,13.57
1064,2025-03-08,PLT-AZ1,MAT-050,1573.7481,22.0,34622.4587,1436.6119,1539.2271,38.34
1065,2025-03-08,PLT-OH2,MAT-001,280148.4214,27.4849,7699851.3471,224363.556,234118.4932,57.44
1066,2025-03-08,PLT-OH2,MAT-002,266837.9283,21.8027,5817787.2993,229241.0246,241434.6961,54.71
1067,2025-03-08,PLT-OH2,MAT-003,1177671.073,4.2428,4996622.8286,955983.8473,1024268.4079,60.36
1068,2025-03-08,PLT-OH2,MAT-004,5639.8405,87.7775,495051.098,4682.3699,5023.7927,57.82
1069,2025-03-08,PLT-OH2,MAT-005,2977.5777,335.0481,997631.7404,2546.0386,2780.1571,101.75
1070,2025-03-08,PLT-OH2,MAT-006,411.0083,210.0,86311.751,341.4228,365.8101,42.13
1071,2025-03-08,PLT-OH2,MAT-007,1499.3779,174.995,262383.6351,1185.2249,1265.7031,102.47
1072,2025-03-08,PLT-OH2,MAT-008,482.1015,429.3699,206999.8803,395.075,421.901,98.84
1073,2025-03-08,PLT-OH2,MAT-009,504.1941,101.4333,51142.0697,385.32,404.8299,103.37
1074,2025-03-08,PLT-OH2,MAT-010,245.8935,9.8968,2433.5583,204.8537,221.9248,100.83
1075,2025-03-08,PLT-OH2,MAT-011,479062.0583,6.8872,3299396.2077,370687.6143,395074.9573,49.11
1076,2025-03-08,PLT-OH2,MAT-012,419345.3243,3.9636,1662117.1273,351177.7398,365810.1457,42.99
1077,2025-03-08,PLT-OH2,MAT-013,237140.1424,2.3388,554623.3651,175588.8699,182905.0728,48.62
1078,2025-03-08,PLT-OH2,MAT-014,211448.3451,0.8842,186962.6267,180466.3385,192660.0101,43.35
1079,2025-03-08,PLT-OH2,MAT-015,188383.8638,1.2039,226795.3336,190221.2757,207292.4159,38.62
1080,2025-03-08,PLT-OH2,MAT-016,165409.7904,7.9279,1311352.2772,151201.5269,158517.7298,33.91
1081,2025-03-08,PLT-OH2,MAT-017,193799.4013,2.1744,421397.4183,160956.4641,173150.1356,39.73
1082,2025-03-08,PLT-OH2,MAT-018,1071.115,18.0,19280.0706,853.557,914.5254,43.92
1083,2025-03-08,PLT-OH2,MAT-019,600688.0522,0.6768,406545.6737,453604.5806,475553.1894,41.05
1084,2025-03-08,PLT-OH2,MAT-020,426074.6166,0.436,185768.5328,414584.8318,451165.8463,34.94
1085,2025-03-08,PLT-OH2,MAT-021,289594.2037,0.28,81086.377,307280.5224,329229.1311,32.99
1086,2025-03-08,PLT-OH2,MAT-022,1570.4184,102.9547,161681.959,1170.5925,1229.1221,40.25
1087,2025-03-08,PLT-OH2,MAT-023,1684.4579,138.4548,233221.2828,1682.7267,1829.0507,23.02
1088,2025-03-08,PLT-OH2,MAT-024,225.3358,62.8156,14154.6042,204.8537,214.6086,23.1
1089,2025-03-08,PLT-OH2,MAT-025,201.4288,180.0,36257.1847,170.7114,182.9051,41.3
1090,2025-03-08,PLT-OH2,MAT-027,272.3208,4.5384,1235.9008,204.8537,214.6086,27.92
1091,2025-03-08,PLT-OH2,MAT-028,8875.3338,45.0,399390.019,6828.4561,7316.2029,45.49
1092,2025-03-08,PLT-OH2,MAT-029,206020.2425,2.8,576856.6791,170711.4013,182905.0728,42.24
1093,2025-03-08,PLT-OH2,MAT-030,336.6919,22.0,7407.2227,341.4228,365.8101,34.52
1094,2025-03-08,PLT-OH2,MAT-031,529.0273,15.0,7935.4096,512.1342,548.7152,36.15
1095,2025-03-08,PLT-OH2,MAT-032,200512.0773,5.5,1102816.4252,170711.4013,182905.0728,41.11
1096,2025-03-08,PLT-OH2,MAT-038,696.667,177.4999,123658.3264,541.399,577.98,47.61
1097,2025-03-08,PLT-OH2,MAT-039,449.1127,210.363,94476.7041,360.9327,385.32,46.04
1098,2025-03-08,PLT-OH2,MAT-040,123420.6632,30.6366,3781189.491,102426.8408,107304.3094,50.61
1099,2025-03-08,PLT-OH2,MAT-047,107116.8598,3.0756,329448.6141,87794.435,92671.9036,21.96
1100,2025-03-08,PLT-OH2,MAT-048,79850.6752,1.8132,144785.2443,87794.435,92671.9036,16.37
1101,2025-03-08,PLT-OH2,MAT-049,919.8368,8.3142,7647.7072,731.6203,780.395,18.86
1102,2025-03-08,PLT-OH2,MAT-050,1038.7018,21.749,22590.7248,926.719,999.8811,21.3
1103,2025-03-08,PLT-OH1,MAT-001,137844.2535,28.8735,3980046.0545,107764.3326,112449.7383,58.84
1104,2025-03-08,PLT-OH1,MAT-002,143815.9809,21.9325,3154244.0011,110107.0354,115963.7927,61.39
1105,2025-03-08,PLT-OH1,MAT-003,510480.8401,4.2749,2182254.5432,459169.7648,491967.6052,54.48
1106,2025-03-08,PLT-OH1,MAT-004,2575.332,88.4378,227756.692,2248.9948,2412.984,54.96
1107,2025-03-08,PLT-OH1,MAT-005,590.4271,320.0,188936.6583,491.9676,527.1081,42.0
1108,2025-03-08,PLT-OH1,MAT-006,205.7009,210.0,43197.189,163.9892,175.7027,43.9
1109,2025-03-08,PLT-OH1,MAT-007,689.4489,180.8848,124710.8193,569.2768,607.9314,98.1
1110,2025-03-08,PLT-OH1,MAT-008,238.9939,418.6467,100053.996,189.7589,202.6438,102.02
1111,2025-03-08,PLT-OH1,MAT-009,93.7929,95.0,8910.3299,81.9946,87.8514,40.04
1112,2025-03-08,PLT-OH1,MAT-010,121.3229,9.7412,1181.8303,98.3935,106.593,103.58
1113,2025-03-08,PLT-OH1,MAT-011,206488.8228,6.8227,1408811.2912,178045.419,189758.9334,44.07
1114,2025-03-08,PLT-OH1,MAT-012,209147.9696,3.998,836173.5825,168674.6075,175702.7161,44.64
1115,2025-03-08,PLT-OH1,MAT-013,97366.6911,2.262,220243.4553,84337.3037,87851.3581,41.56
1116,2025-03-08,PLT-OH1,MAT-014,99914.6437,0.8528,85207.2082,86680.0066,92536.7638,42.65
1117,2025-03-08,PLT-OH1,MAT-015,110030.163,1.2217,134423.8501,91365.4124,99564.8725,46.97
1118,2025-03-08,PLT-OH1,MAT-016,88290.0039,7.9901,705445.9598,72623.7893,76137.8437,37.69
1119,2025-03-08,PLT-OH1,MAT-017,71998.6877,2.2888,164790.5964,77309.1951,83165.9523,30.73
1120,2025-03-08,PLT-OH1,MAT-018,379.787,19.689,7477.6268,327.9784,345.5487,32.42
1121,2025-03-08,PLT-OH1,MAT-019,270299.1822,0.6835,184749.4911,217871.368,228413.531,38.46
1122,2025-03-08,PLT-OH1,MAT-020,213579.3841,0.4589,98011.5794,199129.745,216700.0166,36.47
1123,2025-03-08,PLT-OH1,MAT-021,133502.7794,0.2906,38795.9077,134939.686,147590.2816,31.66
1124,2025-03-08,PLT-OH1,MAT-022,761.3456,95.0,72327.8279,655.9568,702.8109,40.62
1125,2025-03-08,PLT-OH1,MAT-023,1390.5749,145.0,201633.3552,1229.919,1317.7704,39.57
1126,2025-03-08,PLT-OH1,MAT-024,202.2519,62.0,12539.6157,163.9892,175.7027,43.17
1127,2025-03-08,PLT-OH1,MAT-025,101.5691,180.0,18282.4352,81.9946,87.8514,43.36
1128,2025-03-08,PLT-OH1,MAT-027,194.8198,4.5,876.689,163.9892,175.7027,41.58
1129,2025-03-08,PLT-OH1,MAT-028,3325.3457,45.0,149640.5569,3279.784,3514.0543,35.49
1130,2025-03-08,PLT-OH1,MAT-029,94453.4432,2.8,264469.6411,81994.6009,87851.3581,40.32
1131,2025-03-08,PLT-OH1,MAT-030,197.2159,22.0,4338.7505,163.9892,175.7027,42.09
1132,2025-03-08,PLT-OH1,MAT-031,263.3154,15.0,3949.7316,245.9838,263.5541,37.47
1133,2025-03-08,PLT-OH1,MAT-032,102596.1825,5.5,564279.004,81994.6009,87851.3581,43.79
1134,2025-03-08,PLT-OH1,MAT-038,292.8624,178.359,52234.6482,260.04,277.6103,41.67
1135,2025-03-08,PLT-OH1,MAT-039,203.5609,202.1605,41151.9731,173.36,185.0735,43.45
1136,2025-03-08,PLT-OH1,MAT-040,54041.7312,29.6962,1604834.0567,44511.3548,48611.0848,46.14
1137,2025-03-08,PLT-OH1,MAT-047,98516.8879,3.2,315254.0412,81994.6009,87851.3581,42.05
1138,2025-03-08,PLT-OH1,MAT-048,91964.3622,1.8,165535.852,81994.6009,87851.3581,39.26
1139,2025-03-08,PLT-OH1,MAT-049,875.9365,8.5,7445.4602,819.946,878.5136,37.39
1140,2025-03-08,PLT-OH1,MAT-050,820.9035,22.0,18059.8772,819.946,878.5136,35.04
1141,2025-03-15,PLT-AZ1,MAT-001,236210.3289,27.593,6517751.6048,188811.8528,197021.0638,57.55
1142,2025-03-15,PLT-AZ1,MAT-002,216058.4904,22.017,4756959.7826,192916.4583,203177.972,52.64
1143,2025-03-15,PLT-AZ1,MAT-003,810694.4188,4.2603,3453801.4325,804502.677,861967.154,49.38
1144,2025-03-15,PLT-AZ1,MAT-004,4359.6087,87.8254,382884.3816,3940.4213,4227.7437,53.11
1145,2025-03-15,PLT-AZ1,MAT-005,2379.1684,329.4044,783708.5484,1822.4448,1908.6416,96.61
1146,2025-03-15,PLT-AZ1,MAT-006,824.3548,205.1512,169117.3719,632.1092,673.1553,100.42
1147,2025-03-15,PLT-AZ1,MAT-007,1194.632,174.9688,209023.3332,997.4191,1065.1451,97.02
1148,2025-03-15,PLT-AZ1,MAT-008,412.2608,427.191,176114.113,332.473,355.0484,100.44
1149,2025-03-15,PLT-AZ1,MAT-009,428.4365,94.8709,40646.1578,324.2638,340.6823,104.38
1150,2025-03-15,PLT-AZ1,MAT-010,202.1399,9.7205,1964.901,172.3934,186.7596,98.49
1151,2025-03-15,PLT-AZ1,MAT-011,386837.9167,6.6129,2558120.4592,311950.0176,332473.0451,47.12
1152,2025-03-15,PLT-AZ1,MAT-012,400994.8766,4.1413,1660640.0825,295531.5956,307845.4121,48.85
1153,2025-03-15,PLT-AZ1,MAT-013,194717.5239,2.3057,448960.1948,147765.7978,153922.7061,47.44
1154,2025-03-15,PLT-AZ1,MAT-014,151097.5447,0.8624,130306.5226,151870.4033,162131.9171,36.81
1155,2025-03-15,PLT-AZ1,MAT-015,169749.4195,1.2162,206449.2439,160079.6143,174445.7335,41.36
1156,2025-03-15,PLT-AZ1,MAT-016,117431.2822,7.7857,914284.7341,127242.7703,133399.6786,28.61
1157,2025-03-15,PLT-AZ1,MAT-017,172727.6048,2.3172,400244.4058,135451.9813,145713.4951,42.08
1158,2025-03-15,PLT-AZ1,MAT-018,676.229,18.9273,12799.1901,574.6448,605.4293,32.95
1159,2025-03-15,PLT-AZ1,MAT-019,496989.8807,0.6792,337555.527,381728.311,400199.0358,40.36
1160,2025-03-15,PLT-AZ1,MAT-020,424727.1922,0.4353,184883.7468,348891.4671,379676.0083,41.39
1161,2025-03-15,PLT-AZ1,MAT-021,227895.733,0.2967,67616.664,206872.117,217954.5518,30.85
1162,2025-03-15,PLT-AZ1,MAT-022,1158.402,99.6278,115409.038,1017.9422,1083.6159,35.28
1163,2025-03-15,PLT-AZ1,MAT-023,1636.7492,143.5576,234967.7849,1416.0889,1539.2271,26.58
1164,2025-03-15,PLT-AZ1,MAT-024,225.345,61.4043,13837.1536,172.3934,180.6026,27.45
1165,2025-03-15,PLT-AZ1,MAT-025,169.7158,180.0,30548.8396,143.6612,153.9227,41.35
1166,2025-03-15,PLT-AZ1,MAT-027,164.5665,4.5718,752.3652,172.3934,180.6026,20.05
1167,2025-03-15,PLT-AZ1,MAT-028,6811.2725,45.0,306507.2627,5746.4477,6156.9082,41.49
1168,2025-03-15,PLT-AZ1,MAT-029,143309.6895,2.8,401267.1307,143661.1923,153922.7061,34.91
1169,2025-03-15,PLT-AZ1,MAT-030,348.2266,22.0,7660.9844,287.3224,307.8454,42.42
1170,2025-03-15,PLT-AZ1,MAT-031,472.2627,15.0,7083.9402,430.9836,461.7681,38.35
1171,2025-03-15,PLT-AZ1,MAT-032,169958.6013,5.5,934772.3074,143661.1923,153922.7061,41.41
1172,2025-03-15,PLT-AZ1,MAT-038,636.2788,189.7163,120712.451,529.4941,560.2787,51.67
1173,2025-03-15,PLT-AZ1,MAT-039,408.5434,217.3926,88814.315,352.9961,373.5191,49.77
1174,2025-03-15,PLT-AZ1,MAT-040,114484.365,30.0593,3441319.8727,90301.3209,96458.2291,55.78
1175,2025-03-15,PLT-AZ1,MAT-047,180131.6082,3.2,576421.1462,143661.1923,153922.7061,43.89
1176,2025-03-15,PLT-AZ1,MAT-048,180108.2198,1.8,324194.7957,143661.1923,153922.7061,43.88
1177,2025-03-15,PLT-AZ1,MAT-049,436.1897,8.4709,3694.9197,615.6908,656.7369,10.63
1178,2025-03-15,PLT-AZ1,MAT-050,1670.7964,22.0,36757.5212,1436.6119,1539.2271,40.71
1179,2025-03-15,PLT-OH2,MAT-001,287131.4508,27.4849,7891779.211,224363.556,234118.4932,58.87
1180,2025-03-15,PLT-OH2,MAT-002,280509.8562,21.8027,6115872.2411,229241.0246,241434.6961,57.51
1181,2025-03-15,PLT-OH2,MAT-003,1187452.3786,4.2428,5038122.9519,955983.8473,1024268.4079,60.86
1182,2025-03-15,PLT-OH2,MAT-004,5726.7085,87.7775,502676.1541,4682.3699,5023.7927,58.71
1183,2025-03-15,PLT-OH2,MAT-005,3015.4107,335.0481,1010307.6117,2546.0386,2780.1571,103.04
1184,2025-03-15,PLT-OH2,MAT-006,426.9633,210.0,89662.2939,341.4228,365.8101,43.77
1185,2025-03-15,PLT-OH2,MAT-007,1496.2939,174.995,261843.9558,1185.2249,1265.7031,102.26
1186,2025-03-15,PLT-OH2,MAT-008,493.7592,429.3699,212005.3424,395.075,421.901,101.23
1187,2025-03-15,PLT-OH2,MAT-009,483.4739,101.4333,49040.3496,385.32,404.8299,99.12
1188,2025-03-15,PLT-OH2,MAT-010,236.5687,9.8968,2341.2735,204.8537,221.9248,97.0
1189,2025-03-15,PLT-OH2,MAT-011,482995.1991,6.8872,3326484.5352,370687.6143,395074.9573,49.51
1190,2025-03-15,PLT-OH2,MAT-012,436356.7268,3.9636,1729543.5222,351177.7398,365810.1457,44.73
1191,2025-03-15,PLT-OH2,MAT-013,239501.5468,2.3388,560146.2176,175588.8699,182905.0728,49.1
1192,2025-03-15,PLT-OH2,MAT-014,216119.8274,0.8842,191093.1514,180466.3385,192660.0101,44.31
1193,2025-03-15,PLT-OH2,MAT-015,176855.0209,1.2039,212915.7597,190221.2757,207292.4159,36.26
1194,2025-03-15,PLT-OH2,MAT-016,177229.5631,7.9279,1405058.2532,151201.5269,158517.7298,36.34
1195,2025-03-15,PLT-OH2,MAT-017,197345.2561,2.1744,429107.5248,160956.4641,173150.1356,40.46
1196,2025-03-15,PLT-OH2,MAT-018,962.2905,18.0,17321.2287,853.557,914.5254,39.46
1197,2025-03-15,PLT-OH2,MAT-019,611355.7101,0.6768,413765.5446,453604.5806,475553.1894,41.78
1198,2025-03-15,PLT-OH2,MAT-020,390322.1752,0.436,170180.4684,414584.8318,451165.8463,32.01
1199,2025-03-15,PLT-OH2,MAT-021,314602.7019,0.28,88088.7565,307280.5224,329229.1311,35.83
1200,2025-03-15,PLT-OH2,MAT-022,1612.7724,102.9547,166042.4967,1170.5925,1229.1221,41.33
1201,2025-03-15,PLT-OH2,MAT-023,1845.2428,138.4548,255482.7254,1682.7267,1829.0507,25.22
1202,2025-03-15,PLT-OH2,MAT-024,238.8729,62.8156,15004.9447,204.8537,214.6086,24.49
1203,2025-03-15,PLT-OH2,MAT-025,181.2306,180.0,32621.5118,170.7114,182.9051,37.16
1204,2025-03-15,PLT-OH2,MAT-027,272.4435,4.5384,1236.4574,204.8537,214.6086,27.93
1205,2025-03-15,PLT-OH2,MAT-028,8719.8831,45.0,392394.7386,6828.4561,7316.2029,44.69
1206,2025-03-15,PLT-OH2,MAT-029,209005.1405,2.8,585214.3935,170711.4013,182905.0728,42.85
1207,2025-03-15,PLT-OH2,MAT-030,358.0942,22.0,7878.0713,341.4228,365.8101,36.71
1208,2025-03-15,PLT-OH2,MAT-031,568.8552,15.0,8532.8287,512.1342,548.7152,38.88
1209,2025-03-15,PLT-OH2,MAT-032,183429.333,5.5,1008861.3316,170711.4013,182905.0728,37.61
1210,2025-03-15,PLT-OH2,MAT-038,695.2685,177.4999,123410.0809,541.399,577.98,47.52
1211,2025-03-15,PLT-OH2,MAT-039,464.4661,210.363,97706.4772,360.9327,385.32,47.61
1212,2025-03-15,PLT-OH2,MAT-040,126975.5051,30.6366,3890097.7587,102426.8408,107304.3094,52.07
1213,2025-03-15,PLT-OH2,MAT-047,109615.651,3.0756,337133.8963,87794.435,92671.9036,22.47
1214,2025-03-15,PLT-OH2,MAT-048,65570.3579,1.8132,118892.1729,87794.435,92671.9036,13.44
1215,2025-03-15,PLT-OH2,MAT-049,937.8447,8.3142,7797.4285,731.6203,780.395,19.23
1216,2025-03-15,PLT-OH2,MAT-050,832.9715,21.749,18116.2961,926.719,999.8811,17.08
1217,2025-03-15,PLT-OH1,MAT-001,139607.249,28.8735,4030949.9037,107764.3326,112449.7383,59.59
1218,2025-03-15,PLT-OH1,MAT-002,143522.8623,21.9325,3147815.1765,110107.0354,115963.7927,61.26
1219,2025-03-15,PLT-OH1,MAT-003,535308.2188,4.2749,2288389.1044,459169.7648,491967.6052,57.13
1220,2025-03-15,PLT-OH1,MAT-004,2433.7534,88.4378,215235.7948,2248.9948,2412.984,51.94
1221,2025-03-15,PLT-OH1,MAT-005,604.7567,320.0,193522.1388,491.9676,527.1081,43.02
1222,2025-03-15,PLT-OH1,MAT-006,184.4222,210.0,38728.652,163.9892,175.7027,39.36
1223,2025-03-15,PLT-OH1,MAT-007,710.5804,180.8848,128533.1956,569.2768,607.9314,101.11
1224,2025-03-15,PLT-OH1,MAT-008,242.379,418.6467,101471.1852,189.7589,202.6438,103.46
1225,2025-03-15,PLT-OH1,MAT-009,98.6864,95.0,9375.2048,81.9946,87.8514,42.13
1226,2025-03-15,PLT-OH1,MAT-010,116.162,9.7412,1131.5569,98.3935,106.593,99.17
1227,2025-03-15,PLT-OH1,MAT-011,212893.588,6.8227,1452509.0826,178045.419,189758.9334,45.44
1228,2025-03-15,PLT-OH1,MAT-012,212611.7192,3.998,850021.6533,168674.6075,175702.7161,45.38
1229,2025-03-15,PLT-OH1,MAT-013,91101.7308,2.262,206072.1151,84337.3037,87851.3581,38.89
1230,2025-03-15,PLT-OH1,MAT-014,91487.8114,0.8528,78020.8056,86680.0066,92536.7638,39.05
1231,2025-03-15,PLT-OH1,MAT-015,110627.332,1.2217,135153.4115,91365.4124,99564.8725,47.22
1232,2025-03-15,PLT-OH1,MAT-016,93502.0166,7.9901,747090.4632,72623.7893,76137.8437,39.91
1233,2025-03-15,PLT-OH1,MAT-017,80068.2092,2.2888,183260.1172,77309.1951,83165.9523,34.18
1234,2025-03-15,PLT-OH1,MAT-018,405.504,19.689,7983.968,327.9784,345.5487,34.62
1235,2025-03-15,PLT-OH1,MAT-019,276810.5545,0.6835,189200.014,217871.368,228413.531,39.39
1236,2025-03-15,PLT-OH1,MAT-020,196141.5569,0.4589,90009.3604,199129.745,216700.0166,33.49
1237,2025-03-15,PLT-OH1,MAT-021,123632.0751,0.2906,35927.481,134939.686,147590.2816,29.32
1238,2025-03-15,PLT-OH1,MAT-022,782.8638,95.0,74372.063,655.9568,702.8109,41.77
1239,2025-03-15,PLT-OH1,MAT-023,1436.3209,145.0,208266.5342,1229.919,1317.7704,40.87
1240,2025-03-15,PLT-OH1,MAT-024,183.5687,62.0,11381.2603,163.9892,175.7027,39.18
1241,2025-03-15,PLT-OH1,MAT-025,90.8616,180.0,16355.0799,81.9946,87.8514,38.78
1242,2025-03-15,PLT-OH1,MAT-027,198.7351,4.5,894.308,163.9892,175.7027,42.42
1243,2025-03-15,PLT-OH1,MAT-028,3652.8916,45.0,164380.1209,3279.784,3514.0543,38.98
1244,2025-03-15,PLT-OH1,MAT-029,97097.6956,2.8,271873.5476,81994.6009,87851.3581,41.45
1245,2025-03-15,PLT-OH1,MAT-030,203.2849,22.0,4472.2687,163.9892,175.7027,43.39
1246,2025-03-15,PLT-OH1,MAT-031,246.541,15.0,3698.1147,245.9838,263.5541,35.08
1247,2025-03-15,PLT-OH1,MAT-032,91521.1129,5.5,503366.1208,81994.6009,87851.3581,39.07
1248,2025-03-15,PLT-OH1,MAT-038,270.8263,178.359,48304.3167,260.04,277.6103,38.53
1249,2025-03-15,PLT-OH1,MAT-039,208.5772,202.1605,42166.0703,173.36,185.0735,44.52
1250,2025-03-15,PLT-OH1,MAT-040,54028.276,29.6962,1604434.4905,44511.3548,48611.0848,46.12
1251,2025-03-15,PLT-OH1,MAT-047,89215.4869,3.2,285489.558,81994.6009,87851.3581,38.08
1252,2025-03-15,PLT-OH1,MAT-048,96313.7264,1.8,173364.7076,81994.6009,87851.3581,41.11
1253,2025-03-15,PLT-OH1,MAT-049,811.6886,8.5,6899.3528,819.946,878.5136,34.65
1254,2025-03-15,PLT-OH1,MAT-050,890.7833,22.0,19597.2317,819.946,878.5136,38.02
1255,2025-03-22,PLT-AZ1,MAT-001,242577.0319,27.593,6693428.0412,188811.8528,197021.0638,59.1
1256,2025-03-22,PLT-AZ1,MAT-002,227813.2385,22.017,5015764.073,192916.4583,203177.972,55.5
1257,2025-03-22,PLT-AZ1,MAT-003,803573.5748,4.2603,3423464.5007,804502.677,861967.154,48.94
1258,2025-03-22,PLT-AZ1,MAT-004,4619.2853,87.8254,405690.5756,3940.4213,4227.7437,56.27
1259,2025-03-22,PLT-AZ1,MAT-005,2401.7713,329.4044,791154.0424,1822.4448,1908.6416,97.52
1260,2025-03-22,PLT-AZ1,MAT-006,825.1008,205.1512,169270.4147,632.1092,673.1553,100.51
1261,2025-03-22,PLT-AZ1,MAT-007,1234.243,174.9688,215954.0121,997.4191,1065.1451,100.23
1262,2025-03-22,PLT-AZ1,MAT-008,419.2005,427.191,179078.6886,332.473,355.0484,102.13
1263,2025-03-22,PLT-AZ1,MAT-009,429.2149,94.8709,40720.0022,324.2638,340.6823,104.57
1264,2025-03-22,PLT-AZ1,MAT-010,196.5198,9.7205,1910.2702,172.3934,186.7596,95.76
1265,2025-03-22,PLT-AZ1,MAT-011,353604.9995,6.6129,2338354.501,311950.0176,332473.0451,43.07
1266,2025-03-22,PLT-AZ1,MAT-012,361386.9623,4.1413,1496611.8269,295531.5956,307845.4121,44.02
1267,2025-03-22,PLT-AZ1,MAT-013,178067.4072,2.3057,410570.0209,147765.7978,153922.7061,43.38
1268,2025-03-22,PLT-AZ1,MAT-014,144253.7111,0.8624,124404.4004,151870.4033,162131.9171,35.14
1269,2025-03-22,PLT-AZ1,MAT-015,157419.6041,1.2162,191453.7225,160079.6143,174445.7335,38.35
1270,2025-03-22,PLT-AZ1,MAT-016,134293.818,7.7857,1045571.3791,127242.7703,133399.6786,32.72
1271,2025-03-22,PLT-AZ1,MAT-017,173911.0808,2.3172,402986.7564,135451.9813,145713.4951,42.37
1272,2025-03-22,PLT-AZ1,MAT-018,701.6458,18.9273,13280.2614,574.6448,605.4293,34.19
1273,2025-03-22,PLT-AZ1,MAT-019,445104.0812,0.6792,302314.6919,381728.311,400199.0358,36.15
1274,2025-03-22,PLT-AZ1,MAT-020,426336.2558,0.4353,185584.1722,348891.4671,379676.0083,41.55
1275,2025-03-22,PLT-AZ1,MAT-021,236199.4299,0.2967,70080.3709,206872.117,217954.5518,31.97
1276,2025-03-22,PLT-AZ1,MAT-022,1227.264,99.6278,122269.6143,1017.9422,1083.6159,37.37
1277,2025-03-22,PLT-AZ1,MAT-023,1609.923,143.5576,231116.6886,1416.0889,1539.2271,26.15
1278,2025-03-22,PLT-AZ1,MAT-024,230.4182,61.4043,14148.6672,172.3934,180.6026,28.07
1279,2025-03-22,PLT-AZ1,MAT-025,174.1984,180.0,31355.7067,143.6612,153.9227,42.44
1280,2025-03-22,PLT-AZ1,MAT-027,143.8432,4.5718,657.6223,172.3934,180.6026,17.52
1281,2025-03-22,PLT-AZ1,MAT-028,6955.273,45.0,312987.2847,5746.4477,6156.9082,42.36
1282,2025-03-22,PLT-AZ1,MAT-029,155029.8502,2.8,434083.5806,143661.1923,153922.7061,37.77
1283,2025-03-22,PLT-AZ1,MAT-030,317.0649,22.0,6975.4271,287.3224,307.8454,38.62
1284,2025-03-22,PLT-AZ1,MAT-031,436.495,15.0,6547.4249,430.9836,461.7681,35.45
1285,2025-03-22,PLT-AZ1,MAT-032,173202.5778,5.5,952614.1778,143661.1923,153922.7061,42.2
1286,2025-03-22,PLT-AZ1,MAT-038,652.7676,189.7163,123840.6587,529.4941,560.2787,53.01
1287,2025-03-22,PLT-AZ1,MAT-039,383.7042,217.3926,83414.464,352.9961,373.5191,46.74
1288,2025-03-22,PLT-AZ1,MAT-040,114138.0624,30.0593,3430910.2602,90301.3209,96458.2291,55.61
1289,2025-03-22,PLT-AZ1,MAT-047,182452.173,3.2,583846.9536,143661.1923,153922.7061,44.45
1290,2025-03-22,PLT-AZ1,MAT-048,160569.0856,1.8,289024.3541,143661.1923,153922.7061,39.12
1291,2025-03-22,PLT-AZ1,MAT-049,520.2081,8.4709,4406.6305,615.6908,656.7369,12.67
1292,2025-03-22,PLT-AZ1,MAT-050,1767.4967,22.0,38884.927,1436.6119,1539.2271,43.06
1293,2025-03-22,PLT-OH2,MAT-001,290033.3975,27.4849,7971538.9269,224363.556,234118.4932,59.46
1294,2025-03-22,PLT-OH2,MAT-002,284846.9126,21.8027,6210431.7808,229241.0246,241434.6961,58.4
1295,2025-03-22,PLT-OH2,MAT-003,1102369.7873,4.2428,4677134.5337,955983.8473,1024268.4079,56.5
1296,2025-03-22,PLT-OH2,MAT-004,5744.8943,87.7775,504272.4553,4682.3699,5023.7927,58.89
1297,2025-03-22,PLT-OH2,MAT-005,3018.4016,335.0481,1011309.7056,2546.0386,2780.1571,103.14
1298,2025-03-22,PLT-OH2,MAT-006,437.2952,210.0,91831.9965,341.4228,365.8101,44.83
1299,2025-03-22,PLT-OH2,MAT-007,1510.1313,174.995,264265.4356,1185.2249,1265.7031,103.2
1300,2025-03-22,PLT-OH2,MAT-008,475.498,429.3699,204164.5363,395.075,421.901,97.49
1301,2025-03-22,PLT-OH2,MAT-009,496.1824,101.4333,50329.4152,385.32,404.8299,101.73
1302,2025-03-22,PLT-OH2,MAT-010,244.4715,9.8968,2419.4854,204.8537,221.9248,100.25
1303,2025-03-22,PLT-OH2,MAT-011,484971.0961,6.8872,3340092.9329,370687.6143,395074.9573,49.72
1304,2025-03-22,PLT-OH2,MAT-012,445107.7342,3.9636,1764229.0154,351177.7398,365810.1457,45.63
1305,2025-03-22,PLT-OH2,MAT-013,240977.8246,2.3388,563598.9362,175588.8699,182905.0728,49.41
1306,2025-03-22,PLT-OH2,MAT-014,197874.3884,0.8842,174960.5343,180466.3385,192660.0101,40.57
1307,2025-03-22,PLT-OH2,MAT-015,194176.9245,1.2039,233769.5994,190221.2757,207292.4159,39.81
1308,2025-03-22,PLT-OH2,MAT-016,161894.8305,7.9279,1283486.0269,151201.5269,158517.7298,33.19
1309,2025-03-22,PLT-OH2,MAT-017,198310.2211,2.1744,431205.7448,160956.4641,173150.1356,40.66
1310,2025-03-22,PLT-OH2,MAT-018,882.324,18.0,15881.8315,853.557,914.5254,36.18
1311,2025-03-22,PLT-OH2,MAT-019,609026.0268,0.6768,412188.8149,453604.5806,475553.1894,41.62
1312,2025-03-22,PLT-OH2,MAT-020,423282.4879,0.436,184551.1647,414584.8318,451165.8463,34.71
1313,2025-03-22,PLT-OH2,MAT-021,294246.1829,0.28,82388.9312,307280.5224,329229.1311,33.52
1314,2025-03-22,PLT-OH2,MAT-022,1399.1038,102.9547,144044.3072,1170.5925,1229.1221,35.86
1315,2025-03-22,PLT-OH2,MAT-023,1882.9378,138.4548,260701.7753,1682.7267,1829.0507,25.74
1316,2025-03-22,PLT-OH2,MAT-024,249.835,62.8156,15693.5352,204.8537,214.6086,25.61
1317,2025-03-22,PLT-OH2,MAT-025,190.4032,180.0,34272.5677,170.7114,182.9051,39.04
1318,2025-03-22,PLT-OH2,MAT-027,222.5874,4.5384,1010.1908,204.8537,214.6086,22.82
1319,2025-03-22,PLT-OH2,MAT-028,8571.1646,45.0,385702.4085,6828.4561,7316.2029,43.93
1320,2025-03-22,PLT-OH2,MAT-029,186597.3929,2.8,522472.7001,170711.4013,182905.0728,38.26
1321,2025-03-22,PLT-OH2,MAT-030,384.2365,22.0,8453.2029,341.4228,365.8101,39.39
1322,2025-03-22,PLT-OH2,MAT-031,597.3484,15.0,8960.2257,512.1342,548.7152,40.82
1323,2025-03-22,PLT-OH2,MAT-032,190559.0012,5.5,1048074.5066,170711.4013,182905.0728,39.07
1324,2025-03-22,PLT-OH2,MAT-038,693.2636,177.4999,123054.2163,541.399,577.98,47.38
1325,2025-03-22,PLT-OH2,MAT-039,463.7804,210.363,97562.2396,360.9327,385.32,47.54
1326,2025-03-22,PLT-OH2,MAT-040,118240.478,30.6366,3622486.2288,102426.8408,107304.3094,48.48
1327,2025-03-22,PLT-OH2,MAT-047,87315.6006,3.0756,268547.8612,87794.435,92671.9036,17.9
1328,2025-03-22,PLT-OH2,MAT-048,78085.5124,1.8132,141584.651,87794.435,92671.9036,16.01
1329,2025-03-22,PLT-OH2,MAT-049,963.1405,8.3142,8007.7424,731.6203,780.395,19.75
1330,2025-03-22,PLT-OH2,MAT-050,708.2086,21.749,15402.8286,926.719,999.8811,14.52
1331,2025-03-22,PLT-OH1,MAT-001,142352.682,28.8735,4110220.1627,107764.3326,112449.7383,60.76
1332,2025-03-22,PLT-OH1,MAT-002,142919.4188,21.9325,3134580.1524,110107.0354,115963.7927,61.01
1333,2025-03-22,PLT-OH1,MAT-003,544209.0001,4.2749,2326439.0544,459169.7648,491967.6052,58.07
1334,2025-03-22,PLT-OH1,MAT-004,2570.8156,88.4378,227357.2718,2248.9948,2412.984,54.87
1335,2025-03-22,PLT-OH1,MAT-005,614.5014,320.0,196640.4372,491.9676,527.1081,43.72
1336,2025-03-22,PLT-OH1,MAT-006,194.4117,210.0,40826.4551,163.9892,175.7027,41.49
1337,2025-03-22,PLT-OH1,MAT-007,682.3185,180.8848,123421.0402,569.2768,607.9314,97.08
1338,2025-03-22,PLT-OH1,MAT-008,244.4092,418.6467,102321.1195,189.7589,202.6438,104.33
1339,2025-03-22,PLT-OH1,MAT-009,89.6519,95.0,8516.9338,81.9946,87.8514,38.27
1340,2025-03-22,PLT-OH1,MAT-010,117.133,9.7412,1141.0164,98.3935,106.593,100.0
1341,2025-03-22,PLT-OH1,MAT-011,217045.3055,6.8227,1480835.0056,178045.419,189758.9334,46.32
1342,2025-03-22,PLT-OH1,MAT-012,216828.1683,3.998,866879.0167,168674.6075,175702.7161,46.28
1343,2025-03-22,PLT-OH1,MAT-013,97834.6998,2.262,221302.091,84337.3037,87851.3581,41.76
1344,2025-03-22,PLT-OH1,MAT-014,86873.1278,0.8528,74085.4034,86680.0066,92536.7638,37.08
1345,2025-03-22,PLT-OH1,MAT-015,109856.6508,1.2217,134211.8703,91365.4124,99564.8725,46.89
1346,2025-03-22,PLT-OH1,MAT-016,83366.9971,7.9901,666110.6437,72623.7893,76137.8437,35.59
1347,2025-03-22,PLT-OH1,MAT-017,87179.8195,2.2888,199537.1709,77309.1951,83165.9523,37.21
1348,2025-03-22,PLT-OH1,MAT-018,424.8582,19.689,8365.0325,327.9784,345.5487,36.27
1349,2025-03-22,PLT-OH1,MAT-019,278610.6077,0.6835,190430.3504,217871.368,228413.531,39.64
1350,2025-03-22,PLT-OH1,MAT-020,181769.6582,0.4589,83414.0962,199129.745,216700.0166,31.04
1351,2025-03-22,PLT-OH1,MAT-021,116586.7975,0.2906,33880.1234,134939.686,147590.2816,27.65
1352,2025-03-22,PLT-OH1,MAT-022,715.5851,95.0,67980.5858,655.9568,702.8109,38.18
1353,2025-03-22,PLT-OH1,MAT-023,1500.5871,145.0,217585.132,1229.919,1317.7704,42.7
1354,2025-03-22,PLT-OH1,MAT-024,170.5943,62.0,10576.8496,163.9892,175.7027,36.41
1355,2025-03-22,PLT-OH1,MAT-025,95.3895,180.0,17170.1028,81.9946,87.8514,40.72
1356,2025-03-22,PLT-OH1,MAT-027,181.092,4.5,814.9139,163.9892,175.7027,38.65
1357,2025-03-22,PLT-OH1,MAT-028,3803.4122,45.0,171153.5472,3279.784,3514.0543,40.59
1358,2025-03-22,PLT-OH1,MAT-029,87266.9797,2.8,244347.543,81994.6009,87851.3581,37.25
1359,2025-03-22,PLT-OH1,MAT-030,206.323,22.0,4539.106,163.9892,175.7027,44.04
1360,2025-03-22,PLT-OH1,MAT-031,266.7375,15.0,4001.0632,245.9838,263.5541,37.95
1361,2025-03-22,PLT-OH1,MAT-032,84551.3984,5.5,465032.691,81994.6009,87851.3581,36.09
1362,2025-03-22,PLT-OH1,MAT-038,292.6927,178.359,52204.3856,260.04,277.6103,41.65
1363,2025-03-22,PLT-OH1,MAT-039,213.8374,202.1605,43229.4686,173.36,185.0735,45.64
1364,2025-03-22,PLT-OH1,MAT-040,54447.4079,29.6962,1616881.1156,44511.3548,48611.0848,46.48
1365,2025-03-22,PLT-OH1,MAT-047,91827.8197,3.2,293849.0229,81994.6009,87851.3581,39.2
1366,2025-03-22,PLT-OH1,MAT-048,101292.0741,1.8,182325.7335,81994.6009,87851.3581,43.24
1367,2025-03-22,PLT-OH1,MAT-049,765.0363,8.5,6502.8086,819.946,878.5136,32.66
1368,2025-03-22,PLT-OH1,MAT-050,953.4332,22.0,20975.53,819.946,878.5136,40.7
1369,2025-04-01,PLT-AZ1,MAT-001,244334.9681,27.593,6741934.7737,188811.8528,197021.0638,59.53
1370,2025-04-01,PLT-AZ1,MAT-002,235529.0862,22.017,5185643.8903,192916.4583,203177.972,57.38
1371,2025-04-01,PLT-AZ1,MAT-003,882421.4659,4.2603,3759380.171,804502.677,861967.154,53.75
1372,2025-04-01,PLT-AZ1,MAT-004,4700.7692,87.8254,412846.9367,3940.4213,4227.7437,57.26
1373,2025-04-01,PLT-AZ1,MAT-005,2434.7038,329.4044,802002.1362,1822.4448,1908.6416,98.86
1374,2025-04-01,PLT-AZ1,MAT-006,831.3819,205.1512,170559.0007,632.1092,673.1553,101.27
1375,2025-04-01,PLT-AZ1,MAT-007,1255.697,174.9688,219707.8021,997.4191,1065.1451,101.97
1376,2025-04-01,PLT-AZ1,MAT-008,424.6678,427.191,181414.2774,332.473,355.0484,103.46
1377,2025-04-01,PLT-AZ1,MAT-009,433.1806,94.8709,41096.2373,324.2638,340.6823,105.54
1378,2025-04-01,PLT-AZ1,MAT-010,200.3403,9.7205,1947.4084,172.3934,186.7596,97.62
1379,2025-04-01,PLT-AZ1,MAT-011,329218.5034,6.6129,2177089.0409,311950.0176,332473.0451,40.1
1380,2025-04-01,PLT-AZ1,MAT-012,378618.1608,4.1413,1567971.3894,295531.5956,307845.4121,46.12
1381,2025-04-01,PLT-AZ1,MAT-013,188453.0793,2.3057,434516.2649,147765.7978,153922.7061,45.91
1382,2025-04-01,PLT-AZ1,MAT-014,158592.7678,0.8624,136770.4029,151870.4033,162131.9171,38.64
1383,2025-04-01,PLT-AZ1,MAT-015,171566.797,1.2162,208659.5385,160079.6143,174445.7335,41.8
1384,2025-04-01,PLT-AZ1,MAT-016,144152.7371,7.7857,1122329.9656,127242.7703,133399.6786,35.12
1385,2025-04-01,PLT-AZ1,MAT-017,171372.2523,2.3172,397103.7831,135451.9813,145713.4951,41.75
1386,2025-04-01,PLT-AZ1,MAT-018,730.5762,18.9273,13827.835,574.6448,605.4293,35.6
1387,2025-04-01,PLT-AZ1,MAT-019,465363.4507,0.6792,316074.8557,381728.311,400199.0358,37.79
1388,2025-04-01,PLT-AZ1,MAT-020,424208.2311,0.4353,184657.843,348891.4671,379676.0083,41.34
1389,2025-04-01,PLT-AZ1,MAT-021,243746.2863,0.2967,72319.5231,206872.117,217954.5518,32.99
1390,2025-04-01,PLT-AZ1,MAT-022,1235.083,99.6278,123048.6065,1017.9422,1083.6159,37.61
1391,2025-04-01,PLT-AZ1,MAT-023,1682.9195,143.5576,241595.882,1416.0889,1539.2271,27.33
1392,2025-04-01,PLT-AZ1,MAT-024,233.4734,61.4043,14336.2728,172.3934,180.6026,28.44
1393,2025-04-01,PLT-AZ1,MAT-025,174.2418,180.0,31363.5317,143.6612,153.9227,42.45
1394,2025-04-01,PLT-AZ1,MAT-027,132.2043,4.5718,604.4117,172.3934,180.6026,16.1
1395,2025-04-01,PLT-AZ1,MAT-028,7157.4537,45.0,322085.418,5746.4477,6156.9082,43.59
1396,2025-04-01,PLT-AZ1,MAT-029,165376.0793,2.8,463053.022,143661.1923,153922.7061,40.29
1397,2025-04-01,PLT-AZ1,MAT-030,333.722,22.0,7341.883,287.3224,307.8454,40.65
1398,2025-04-01,PLT-AZ1,MAT-031,471.126,15.0,7066.8901,430.9836,461.7681,38.26
1399,2025-04-01,PLT-AZ1,MAT-032,177191.6342,5.5,974553.9882,143661.1923,153922.7061,43.17
1400,2025-04-01,PLT-AZ1,MAT-038,672.7393,189.7163,127629.6031,529.4941,560.2787,54.63
1401,2025-04-01,PLT-AZ1,MAT-039,412.471,217.3926,89668.147,352.9961,373.5191,50.24
1402,2025-04-01,PLT-AZ1,MAT-040,105567.7426,30.0593,3173292.4446,90301.3209,96458.2291,51.44
1403,2025-04-01,PLT-AZ1,MAT-047,183902.3546,3.2,588487.5348,143661.1923,153922.7061,44.8
1404,2025-04-01,PLT-AZ1,MAT-048,148351.7912,1.8,267033.2241,143661.1923,153922.7061,36.14
1405,2025-04-01,PLT-AZ1,MAT-049,397.3476,8.4709,3365.8917,615.6908,656.7369,9.68
1406,2025-04-01,PLT-AZ1,MAT-050,1819.4054,22.0,40026.919,1436.6119,1539.2271,44.33
1407,2025-04-01,PLT-OH2,MAT-001,270054.639,27.4849,7422424.7478,224363.556,234118.4932,55.37
1408,2025-04-01,PLT-OH2,MAT-002,293617.0101,21.8027,6401643.5864,229241.0246,241434.6961,60.2
1409,2025-04-01,PLT-OH2,MAT-003,1145982.1691,4.2428,4862173.147,955983.8473,1024268.4079,58.74
1410,2025-04-01,PLT-OH2,MAT-004,5333.1954,87.7775,468134.5561,4682.3699,5023.7927,54.67
1411,2025-04-01,PLT-OH2,MAT-005,3033.6961,335.0481,1016434.1189,2546.0386,2780.1571,103.66
1412,2025-04-01,PLT-OH2,MAT-006,387.6267,210.0,81401.6002,341.4228,365.8101,39.74
1413,2025-04-01,PLT-OH2,MAT-007,1524.8705,174.995,266844.7169,1185.2249,1265.7031,104.21
1414,2025-04-01,PLT-OH2,MAT-008,490.5742,429.3699,210637.7832,395.075,421.901,100.58
1415,2025-04-01,PLT-OH2,MAT-009,503.7376,101.4333,51095.7696,385.32,404.8299,103.28
1416,2025-04-01,PLT-OH2,MAT-010,249.8126,9.8968,2472.3456,204.8537,221.9248,102.44
1417,2025-04-01,PLT-OH2,MAT-011,439147.8387,6.8872,3024498.995,370687.6143,395074.9573,45.02
1418,2025-04-01,PLT-OH2,MAT-012,456878.8901,3.9636,1810885.1688,351177.7398,365810.1457,46.84
1419,2025-04-01,PLT-OH2,MAT-013,238624.9741,2.3388,558096.0893,175588.8699,182905.0728,48.92
1420,2025-04-01,PLT-OH2,MAT-014,183980.9288,0.8842,162675.9372,180466.3385,192660.0101,37.72
1421,2025-04-01,PLT-OH2,MAT-015,204885.8526,1.2039,246662.078,190221.2757,207292.4159,42.01
1422,2025-04-01,PLT-OH2,MAT-016,178410.7339,7.9279,1414422.4576,151201.5269,158517.7298,36.58
1423,2025-04-01,PLT-OH2,MAT-017,174974.6555,2.1744,380464.891,160956.4641,173150.1356,35.87
1424,2025-04-01,PLT-OH2,MAT-018,944.0905,18.0,16993.6291,853.557,914.5254,38.71
1425,2025-04-01,PLT-OH2,MAT-019,609423.7251,0.6768,412457.9771,453604.5806,475553.1894,41.65
1426,2025-04-01,PLT-OH2,MAT-020,386391.6715,0.436,168466.7688,414584.8318,451165.8463,31.69
1427,2025-04-01,PLT-OH2,MAT-021,279380.6174,0.28,78226.5729,307280.5224,329229.1311,31.82
1428,2025-04-01,PLT-OH2,MAT-022,1469.2639,102.9547,151267.6241,1170.5925,1229.1221,37.65
1429,2025-04-01,PLT-OH2,MAT-023,2004.9723,138.4548,277598.034,1682.7267,1829.0507,27.4
1430,2025-04-01,PLT-OH2,MAT-024,261.8065,62.8156,16445.5322,204.8537,214.6086,26.84
1431,2025-04-01,PLT-OH2,MAT-025,176.4971,180.0,31769.4837,170.7114,182.9051,36.19
1432,2025-04-01,PLT-OH2,MAT-027,246.7025,4.5384,1119.6346,204.8537,214.6086,25.29
1433,2025-04-01,PLT-OH2,MAT-028,8645.8564,45.0,389063.54,6828.4561,7316.2029,44.32
1434,2025-04-01,PLT-OH2,MAT-029,172817.4676,2.8,483888.9093,170711.4013,182905.0728,35.43
1435,2025-04-01,PLT-OH2,MAT-030,351.156,22.0,7725.4314,341.4228,365.8101,36.0
1436,2025-04-01,PLT-OH2,MAT-031,615.8103,15.0,9237.1544,512.1342,548.7152,42.09
1437,2025-04-01,PLT-OH2,MAT-032,174969.8385,5.5,962334.1119,170711.4013,182905.0728,35.87
1438,2025-04-01,PLT-OH2,MAT-038,703.743,177.4999,124914.3155,541.399,577.98,48.09
1439,2025-04-01,PLT-OH2,MAT-039,416.0124,210.363,87513.6225,360.9327,385.32,42.65
1440,2025-04-01,PLT-OH2,MAT-040,124117.4847,30.6366,3802537.7323,102426.8408,107304.3094,50.89
1441,2025-04-01,PLT-OH2,MAT-047,92230.9081,3.0756,283665.3809,87794.435,92671.9036,18.91
1442,2025-04-01,PLT-OH2,MAT-048,67344.0276,1.8132,122108.1909,87794.435,92671.9036,13.81
1443,2025-04-01,PLT-OH2,MAT-049,934.401,8.3142,7768.7969,731.6203,780.395,19.16
1444,2025-04-01,PLT-OH2,MAT-050,842.1327,21.749,18315.5442,926.719,999.8811,17.27
1445,2025-04-01,PLT-OH1,MAT-001,132088.9055,28.8735,3813869.0131,107764.3326,112449.7383,56.38
1446,2025-04-01,PLT-OH1,MAT-002,145871.8176,21.9325,3199333.6384,110107.0354,115963.7927,62.27
1447,2025-04-01,PLT-OH1,MAT-003,510648.2103,4.2749,2182970.0344,459169.7648,491967.6052,54.49
1448,2025-04-01,PLT-OH1,MAT-004,2692.518,88.4378,238120.3718,2248.9948,2412.984,57.47
1449,2025-04-01,PLT-OH1,MAT-005,613.9622,320.0,196467.8982,491.9676,527.1081,43.68
1450,2025-04-01,PLT-OH1,MAT-006,200.7903,210.0,42165.964,163.9892,175.7027,42.85
1451,2025-04-01,PLT-OH1,MAT-007,692.9412,180.8848,125342.5368,569.2768,607.9314,98.6
1452,2025-04-01,PLT-OH1,MAT-008,245.3603,418.6467,102719.3007,189.7589,202.6438,104.73
1453,2025-04-01,PLT-OH1,MAT-009,93.0968,95.0,8844.195,81.9946,87.8514,39.74
1454,2025-04-01,PLT-OH1,MAT-010,113.0054,9.7412,1100.8087,98.3935,106.593,96.47
1455,2025-04-01,PLT-OH1,MAT-011,216773.1172,6.8227,1478977.9468,178045.419,189758.9334,46.27
1456,2025-04-01,PLT-OH1,MAT-012,218377.653,3.998,873073.8567,168674.6075,175702.7161,46.61
1457,2025-04-01,PLT-OH1,MAT-013,101716.0767,2.262,230081.7654,84337.3037,87851.3581,43.42
1458,2025-04-01,PLT-OH1,MAT-014,93562.3561,0.8528,79789.9773,86680.0066,92536.7638,39.94
1459,2025-04-01,PLT-OH1,MAT-015,99844.6071,1.2217,121980.1565,91365.4124,99564.8725,42.62
1460,2025-04-01,PLT-OH1,MAT-016,75539.3105,7.9901,603566.6449,72623.7893,76137.8437,32.24
1461,2025-04-01,PLT-OH1,MAT-017,88800.9747,2.2888,203247.6709,77309.1951,83165.9523,37.91
1462,2025-04-01,PLT-OH1,MAT-018,440.3126,19.689,8669.3144,327.9784,345.5487,37.59
1463,2025-04-01,PLT-OH1,MAT-019,280999.2128,0.6835,192062.962,217871.368,228413.531,39.98
1464,2025-04-01,PLT-OH1,MAT-020,204614.3953,0.4589,93897.546,199129.745,216700.0166,34.94
1465,2025-04-01,PLT-OH1,MAT-021,129371.3058,0.2906,37595.3015,134939.686,147590.2816,30.68
1466,2025-04-01,PLT-OH1,MAT-022,738.6175,95.0,70168.6653,655.9568,702.8109,39.41
1467,2025-04-01,PLT-OH1,MAT-023,1365.3827,145.0,197980.4944,1229.919,1317.7704,38.85
1468,2025-04-01,PLT-OH1,MAT-024,158.4025,62.0,9820.9553,163.9892,175.7027,33.81
1469,2025-04-01,PLT-OH1,MAT-025,99.387,180.0,17889.666,81.9946,87.8514,42.42
1470,2025-04-01,PLT-OH1,MAT-027,190.2979,4.5,856.3408,163.9892,175.7027,40.62
1471,2025-04-01,PLT-OH1,MAT-028,3464.6161,45.0,155907.723,3279.784,3514.0543,36.97
1472,2025-04-01,PLT-OH1,MAT-029,80959.0531,2.8,226685.3486,81994.6009,87851.3581,34.56
1473,2025-04-01,PLT-OH1,MAT-030,209.0563,22.0,4599.2383,163.9892,175.7027,44.62
1474,2025-04-01,PLT-OH1,MAT-031,244.7325,15.0,3670.9876,245.9838,263.5541,34.82
1475,2025-04-01,PLT-OH1,MAT-032,90562.4251,5.5,498093.3378,81994.6009,87851.3581,38.66
1476,2025-04-01,PLT-OH1,MAT-038,307.5717,178.359,54858.1793,260.04,277.6103,43.76
1477,2025-04-01,PLT-OH1,MAT-039,217.0009,202.1605,43869.0155,173.36,185.0735,46.31
1478,2025-04-01,PLT-OH1,MAT-040,54445.854,29.6962,1616834.9699,44511.3548,48611.0848,46.48
1479,2025-04-01,PLT-OH1,MAT-047,96975.3674,3.2,310321.1758,81994.6009,87851.3581,41.39
1480,2025-04-01,PLT-OH1,MAT-048,91515.4624,1.8,164727.8323,81994.6009,87851.3581,39.06
1481,2025-04-01,PLT-OH1,MAT-049,848.0021,8.5,7208.0175,819.946,878.5136,36.2
1482,2025-04-01,PLT-OH1,MAT-050,872.0098,22.0,19184.2162,819.946,878.5136,37.22
1483,2025-04-08,PLT-AZ1,MAT-001,245160.5998,27.593,6764716.4296,188811.8528,197021.0638,59.73
1484,2025-04-08,PLT-AZ1,MAT-002,221375.5567,22.017,4874025.6327,192916.4583,203177.972,53.93
1485,2025-04-08,PLT-AZ1,MAT-003,926474.3387,4.2603,3947058.6252,804502.677,861967.154,56.43
1486,2025-04-08,PLT-AZ1,MAT-004,4730.6272,87.8254,415469.2234,3940.4213,4227.7437,57.63
1487,2025-04-08,PLT-AZ1,MAT-005,2449.5204,329.4044,806882.7827,1822.4448,1908.6416,99.46
1488,2025-04-08,PLT-AZ1,MAT-006,787.2754,205.1512,161510.4867,632.1092,673.1553,95.9
1489,2025-04-08,PLT-AZ1,MAT-007,1264.3857,174.9688,221228.0514,997.4191,1065.1451,102.68
1490,2025-04-08,PLT-AZ1,MAT-008,407.1867,427.191,173946.5115,332.473,355.0484,99.2
1491,2025-04-08,PLT-AZ1,MAT-009,437.343,94.8709,41491.1237,324.2638,340.6823,106.55
1492,2025-04-08,PLT-AZ1,MAT-010,205.936,9.7205,2001.8011,172.3934,186.7596,100.34
1493,2025-04-08,PLT-AZ1,MAT-011,355111.4066,6.6129,2348316.2208,311950.0176,332473.0451,43.26
1494,2025-04-08,PLT-AZ1,MAT-012,384658.4937,4.1413,1592986.2198,295531.5956,307845.4121,46.86
1495,2025-04-08,PLT-AZ1,MAT-013,193220.577,2.3057,445508.6845,147765.7978,153922.7061,47.07
1496,2025-04-08,PLT-AZ1,MAT-014,169867.5114,0.8624,146493.7418,151870.4033,162131.9171,41.38
1497,2025-04-08,PLT-AZ1,MAT-015,177073.0465,1.2162,215356.2392,160079.6143,174445.7335,43.14
1498,2025-04-08,PLT-AZ1,MAT-016,151238.5582,7.7857,1177498.0428,127242.7703,133399.6786,36.85
1499,2025-04-08,PLT-AZ1,MAT-017,170933.5272,2.3172,396087.1692,135451.9813,145713.4951,41.64
1500,2025-04-08,PLT-AZ1,MAT-018,642.2287,18.9273,12155.6559,574.6448,605.4293,31.29
1501,2025-04-08,PLT-AZ1,MAT-019,480493.4662,0.6792,326351.1622,381728.311,400199.0358,39.02
1502,2025-04-08,PLT-AZ1,MAT-020,372549.839,0.4353,162170.9449,348891.4671,379676.0083,36.31
1503,2025-04-08,PLT-AZ1,MAT-021,216752.385,0.2967,64310.4326,206872.117,217954.5518,29.34
1504,2025-04-08,PLT-AZ1,MAT-022,1285.1939,99.6278,128041.0421,1017.9422,1083.6159,39.14
1505,2025-04-08,PLT-AZ1,MAT-023,1396.2699,143.5576,200445.1592,1416.0889,1539.2271,22.68
1506,2025-04-08,PLT-AZ1,MAT-024,195.0682,61.4043,11978.0234,172.3934,180.6026,23.76
1507,2025-04-08,PLT-AZ1,MAT-025,157.0265,180.0,28264.7749,143.6612,153.9227,38.26
1508,2025-04-08,PLT-AZ1,MAT-027,167.831,4.5718,767.29,172.3934,180.6026,20.44
1509,2025-04-08,PLT-AZ1,MAT-028,7332.4152,45.0,329958.6859,5746.4477,6156.9082,44.66
1510,2025-04-08,PLT-AZ1,MAT-029,149671.2616,2.8,419079.5326,143661.1923,153922.7061,36.46
1511,2025-04-08,PLT-AZ1,MAT-030,346.5771,22.0,7624.6956,287.3224,307.8454,42.22
1512,2025-04-08,PLT-AZ1,MAT-031,435.3741,15.0,6530.6122,430.9836,461.7681,35.36
1513,2025-04-08,PLT-AZ1,MAT-032,160898.0254,5.5,884939.1395,143661.1923,153922.7061,39.2
1514,2025-04-08,PLT-AZ1,MAT-038,617.9467,189.7163,117234.5656,529.4941,560.2787,50.18
1515,2025-04-08,PLT-AZ1,MAT-039,427.7203,217.3926,92983.2326,352.9961,373.5191,52.1
1516,2025-04-08,PLT-AZ1,MAT-040,109465.0674,30.0593,3290443.2995,90301.3209,96458.2291,53.34
1517,2025-04-08,PLT-AZ1,MAT-047,183648.1796,3.2,587674.1749,143661.1923,153922.7061,44.74
1518,2025-04-08,PLT-AZ1,MAT-048,158731.1317,1.8,285716.0371,143661.1923,153922.7061,38.67
1519,2025-04-08,PLT-AZ1,MAT-049,528.7836,8.4709,4479.273,615.6908,656.7369,12.88
1520,2025-04-08,PLT-AZ1,MAT-050,1816.0453,22.0,39952.9975,1436.6119,1539.2271,44.24
1521,2025-04-08,PLT-OH2,MAT-001,257883.8115,27.4849,7087910.7715,224363.556,234118.4932,52.87
1522,2025-04-08,PLT-OH2,MAT-002,273833.6453,21.8027,5970312.8173,229241.0246,241434.6961,56.14
1523,2025-04-08,PLT-OH2,MAT-003,1168874.746,4.2428,4959301.7722,955983.8473,1024268.4079,59.91
1524,2025-04-08,PLT-OH2,MAT-004,5558.9612,87.7775,487951.7169,4682.3699,5023.7927,56.99
1525,2025-04-08,PLT-OH2,MAT-005,3053.2944,335.0481,1023000.4992,2546.0386,2780.1571,104.33
1526,2025-04-08,PLT-OH2,MAT-006,405.3117,210.0,85115.4623,341.4228,365.8101,41.55
1527,2025-04-08,PLT-OH2,MAT-007,1533.3528,174.995,268329.0651,1185.2249,1265.7031,104.79
1528,2025-04-08,PLT-OH2,MAT-008,500.1047,429.3699,214729.8913,395.075,421.901,102.53
1529,2025-04-08,PLT-OH2,MAT-009,503.7779,101.4333,51099.8542,385.32,404.8299,103.29
1530,2025-04-08,PLT-OH2,MAT-010,251.9108,9.8968,2493.1107,204.8537,221.9248,103.3
1531,2025-04-08,PLT-OH2,MAT-011,458458.3071,6.8872,3157494.053,370687.6143,395074.9573,47.0
1532,2025-04-08,PLT-OH2,MAT-012,417625.819,3.9636,1655301.6962,351177.7398,365810.1457,42.81
1533,2025-04-08,PLT-OH2,MAT-013,215832.8962,2.3388,504789.9777,175588.8699,182905.0728,44.25
1534,2025-04-08,PLT-OH2,MAT-014,198270.8011,0.8842,175311.0424,180466.3385,192660.0101,40.65
1535,2025-04-08,PLT-OH2,MAT-015,188176.3461,1.2039,226545.503,190221.2757,207292.4159,38.58
1536,2025-04-08,PLT-OH2,MAT-016,161413.6718,7.9279,1279671.4487,151201.5269,158517.7298,33.09
1537,2025-04-08,PLT-OH2,MAT-017,183078.8603,2.1744,398086.6738,160956.4641,173150.1356,37.54
1538,2025-04-08,PLT-OH2,MAT-018,974.3299,18.0,17537.9388,853.557,914.5254,39.95
1539,2025-04-08,PLT-OH2,MAT-019,604046.5565,0.6768,408818.7094,453604.5806,475553.1894,41.28
1540,2025-04-08,PLT-OH2,MAT-020,418698.9716,0.436,182552.7516,414584.8318,451165.8463,34.34
1541,2025-04-08,PLT-OH2,MAT-021,306424.0675,0.28,85798.7389,307280.5224,329229.1311,34.9
1542,2025-04-08,PLT-OH2,MAT-022,1317.9581,102.9547,135689.9855,1170.5925,1229.1221,33.78
1543,2025-04-08,PLT-OH2,MAT-023,1983.1692,138.4548,274579.2997,1682.7267,1829.0507,27.11
1544,2025-04-08,PLT-OH2,MAT-024,271.9901,62.8156,17085.2225,204.8537,214.6086,27.88
1545,2025-04-08,PLT-OH2,MAT-025,163.6475,180.0,29456.5561,170.7114,182.9051,33.55
1546,2025-04-08,PLT-OH2,MAT-027,258.7861,4.5384,1174.4749,204.8537,214.6086,26.53
1547,2025-04-08,PLT-OH2,MAT-028,8823.3187,45.0,397049.3428,6828.4561,7316.2029,45.22
1548,2025-04-08,PLT-OH2,MAT-029,188935.2661,2.8,529018.7451,170711.4013,182905.0728,38.74
1549,2025-04-08,PLT-OH2,MAT-030,327.2112,22.0,7198.6462,341.4228,365.8101,33.54
1550,2025-04-08,PLT-OH2,MAT-031,615.3123,15.0,9229.6851,512.1342,548.7152,42.05
1551,2025-04-08,PLT-OH2,MAT-032,165021.19,5.5,907616.5447,170711.4013,182905.0728,33.83
1552,2025-04-08,PLT-OH2,MAT-038,629.5121,177.4999,111738.3411,541.399,577.98,43.02
1553,2025-04-08,PLT-OH2,MAT-039,430.5495,210.363,90571.6753,360.9327,385.32,44.14
1554,2025-04-08,PLT-OH2,MAT-040,128744.5127,30.6366,3944294.1393,102426.8408,107304.3094,52.79
1555,2025-04-08,PLT-OH2,MAT-047,102118.7354,3.0756,314076.3827,87794.435,92671.9036,20.94
1556,2025-04-08,PLT-OH2,MAT-048,57482.3654,1.8132,104227.0249,87794.435,92671.9036,11.79
1557,2025-04-08,PLT-OH2,MAT-049,708.7858,8.3142,5892.9866,731.6203,780.395,14.53
1558,2025-04-08,PLT-OH2,MAT-050,961.6388,21.749,20914.6813,926.719,999.8811,19.72
1559,2025-04-08,PLT-OH1,MAT-001,137843.0436,28.8735,3980011.1194,107764.3326,112449.7383,58.84
1560,2025-04-08,PLT-OH1,MAT-002,147499.0039,21.9325,3235021.9028,110107.0354,115963.7927,62.96
1561,2025-04-08,PLT-OH1,MAT-003,538625.0641,4.2749,2302568.2864,459169.7648,491967.6052,57.48
1562,2025-04-08,PLT-OH1,MAT-004,2532.5387,88.4378,223972.1472,2248.9948,2412.984,54.05
1563,2025-04-08,PLT-OH1,MAT-005,551.7449,320.0,176558.3561,491.9676,527.1081,39.25
1564,2025-04-08,PLT-OH1,MAT-006,181.9784,210.0,38215.4736,163.9892,175.7027,38.84
1565,2025-04-08,PLT-OH1,MAT-007,674.6643,180.8848,122036.5095,569.2768,607.9314,96.0
1566,2025-04-08,PLT-OH1,MAT-008,244.9642,418.6467,102553.4483,189.7589,202.6438,104.56
1567,2025-04-08,PLT-OH1,MAT-009,95.4685,95.0,9069.5047,81.9946,87.8514,40.75
1568,2025-04-08,PLT-OH1,MAT-010,110.3296,9.7412,1074.7432,98.3935,106.593,94.19
1569,2025-04-08,PLT-OH1,MAT-011,198628.857,6.8227,1355185.1028,178045.419,189758.9334,42.39
1570,2025-04-08,PLT-OH1,MAT-012,226926.215,3.998,907251.0075,168674.6075,175702.7161,48.43
1571,2025-04-08,PLT-OH1,MAT-013,94122.5325,2.262,212905.1685,84337.3037,87851.3581,40.18
1572,2025-04-08,PLT-OH1,MAT-014,87023.6433,0.8528,74213.763,86680.0066,92536.7638,37.15
1573,2025-04-08,PLT-OH1,MAT-015,103929.2689,1.2217,126970.3879,91365.4124,99564.8725,44.36
1574,2025-04-08,PLT-OH1,MAT-016,71310.6334,7.9901,569779.0917,72623.7893,76137.8437,30.44
1575,2025-04-08,PLT-OH1,MAT-017,90629.9423,2.2888,207433.8119,77309.1951,83165.9523,38.69
1576,2025-04-08,PLT-OH1,MAT-018,433.3868,19.689,8532.9532,327.9784,345.5487,37.0
1577,2025-04-08,PLT-OH1,MAT-019,287116.9571,0.6835,196244.4402,217871.368,228413.531,40.85
1578,2025-04-08,PLT-OH1,MAT-020,221391.9587,0.4589,101596.7698,199129.745,216700.0166,37.8
1579,2025-04-08,PLT-OH1,MAT-021,139743.1972,0.2906,40609.3731,134939.686,147590.2816,33.14
1580,2025-04-08,PLT-OH1,MAT-022,682.0562,95.0,64795.3392,655.9568,702.8109,36.39
1581,2025-04-08,PLT-OH1,MAT-023,1255.6533,145.0,182069.7351,1229.919,1317.7704,35.73
1582,2025-04-08,PLT-OH1,MAT-024,176.2821,62.0,10929.4893,163.9892,175.7027,37.62
1583,2025-04-08,PLT-OH1,MAT-025,103.3629,180.0,18605.327,81.9946,87.8514,44.12
1584,2025-04-08,PLT-OH1,MAT-027,172.3371,4.5,775.5169,163.9892,175.7027,36.78
1585,2025-04-08,PLT-OH1,MAT-028,3235.1052,45.0,145579.733,3279.784,3514.0543,34.52
1586,2025-04-08,PLT-OH1,MAT-029,86802.678,2.8,243047.4983,81994.6009,87851.3581,37.05
1587,2025-04-08,PLT-OH1,MAT-030,209.9183,22.0,4618.2023,163.9892,175.7027,44.8
1588,2025-04-08,PLT-OH1,MAT-031,233.6628,15.0,3504.9415,245.9838,263.5541,33.25
1589,2025-04-08,PLT-OH1,MAT-032,96518.9394,5.5,530854.1665,81994.6009,87851.3581,41.2
1590,2025-04-08,PLT-OH1,MAT-038,315.6993,178.359,56307.8197,260.04,277.6103,44.92
1591,2025-04-08,PLT-OH1,MAT-039,220.8257,202.1605,44642.2371,173.36,185.0735,47.13
1592,2025-04-08,PLT-OH1,MAT-040,54774.1996,29.6962,1626585.586,44511.3548,48611.0848,46.76
1593,2025-04-08,PLT-OH1,MAT-047,100467.3441,3.2,321495.5012,81994.6009,87851.3581,42.89
1594,2025-04-08,PLT-OH1,MAT-048,84819.8017,1.8,152675.6431,81994.6009,87851.3581,36.21
1595,2025-04-08,PLT-OH1,MAT-049,786.4877,8.5,6685.145,819.946,878.5136,33.57
1596,2025-04-08,PLT-OH1,MAT-050,803.5077,22.0,17677.1692,819.946,878.5136,34.3
1597,2025-04-15,PLT-AZ1,MAT-001,227556.4704,27.593,6278965.6874,188811.8528,197021.0638,55.44
1598,2025-04-15,PLT-AZ1,MAT-002,231723.677,22.017,5101860.1968,192916.4583,203177.972,56.45
1599,2025-04-15,PLT-AZ1,MAT-003,878216.3306,4.2603,3741465.0333,804502.677,861967.154,53.49
1600,2025-04-15,PLT-AZ1,MAT-004,4837.5872,87.8254,424863.0342,3940.4213,4227.7437,58.93
1601,2025-04-15,PLT-AZ1,MAT-005,2448.6964,329.4044,806611.3699,1822.4448,1908.6416,99.43
1602,2025-04-15,PLT-AZ1,MAT-006,802.9069,205.1512,164717.3103,632.1092,673.1553,97.81
1603,2025-04-15,PLT-AZ1,MAT-007,1277.9283,174.9688,223597.5824,997.4191,1065.1451,103.78
1604,2025-04-15,PLT-AZ1,MAT-008,412.8584,427.191,176369.3801,332.473,355.0484,100.58
1605,2025-04-15,PLT-AZ1,MAT-009,416.0354,94.8709,39469.6536,324.2638,340.6823,101.36
1606,2025-04-15,PLT-AZ1,MAT-010,199.1189,9.7205,1935.5355,172.3934,186.7596,97.02
1607,2025-04-15,PLT-AZ1,MAT-011,369749.6244,6.6129,2445117.2913,311950.0176,332473.0451,45.04
1608,2025-04-15,PLT-AZ1,MAT-012,387587.2291,4.1413,1605114.9919,295531.5956,307845.4121,47.21
1609,2025-04-15,PLT-AZ1,MAT-013,194682.8722,2.3057,448880.2983,147765.7978,153922.7061,47.43
1610,2025-04-15,PLT-AZ1,MAT-014,174718.8959,0.8624,150677.5758,151870.4033,162131.9171,42.57
1611,2025-04-15,PLT-AZ1,MAT-015,185093.151,1.2162,225110.2902,160079.6143,174445.7335,45.09
1612,2025-04-15,PLT-AZ1,MAT-016,158759.0583,7.7857,1236050.3999,127242.7703,133399.6786,38.68
1613,2025-04-15,PLT-AZ1,MAT-017,150023.259,2.3172,347633.8959,135451.9813,145713.4951,36.55
1614,2025-04-15,PLT-AZ1,MAT-018,680.1516,18.9273,12873.4336,574.6448,605.4293,33.14
1615,2025-04-15,PLT-AZ1,MAT-019,477952.5328,0.6792,324625.3603,381728.311,400199.0358,38.81
1616,2025-04-15,PLT-AZ1,MAT-020,387919.3496,0.4353,168861.2929,348891.4671,379676.0083,37.8
1617,2025-04-15,PLT-AZ1,MAT-021,200055.7347,0.2967,59356.5365,206872.117,217954.5518,27.08
1618,2025-04-15,PLT-AZ1,MAT-022,1315.7448,99.6278,131084.761,1017.9422,1083.6159,40.07
1619,2025-04-15,PLT-AZ1,MAT-023,1516.8112,143.5576,217749.7819,1416.0889,1539.2271,24.64
1620,2025-04-15,PLT-AZ1,MAT-024,163.6431,61.4043,10048.3884,172.3934,180.6026,19.93
1621,2025-04-15,PLT-AZ1,MAT-025,163.1516,180.0,29367.2819,143.6612,153.9227,39.75
1622,2025-04-15,PLT-AZ1,MAT-027,184.4696,4.5718,843.3582,172.3934,180.6026,22.47
1623,2025-04-15,PLT-AZ1,MAT-028,7307.2396,45.0,328825.7842,5746.4477,6156.9082,44.51
1624,2025-04-15,PLT-AZ1,MAT-029,159956.8393,2.8,447879.1501,143661.1923,153922.7061,38.97
1625,2025-04-15,PLT-AZ1,MAT-030,355.6429,22.0,7824.1435,287.3224,307.8454,43.32
1626,2025-04-15,PLT-AZ1,MAT-031,465.5276,15.0,6982.9147,430.9836,461.7681,37.81
1627,2025-04-15,PLT-AZ1,MAT-032,165888.279,5.5,912385.5343,143661.1923,153922.7061,40.42
1628,2025-04-15,PLT-AZ1,MAT-038,652.2067,189.7163,123734.2426,529.4941,560.2787,52.97
1629,2025-04-15,PLT-AZ1,MAT-039,433.9714,217.3926,94342.1697,352.9961,373.5191,52.86
1630,2025-04-15,PLT-AZ1,MAT-040,112157.8116,30.0593,3371385.3072,90301.3209,96458.2291,54.65
1631,2025-04-15,PLT-AZ1,MAT-047,184852.3226,3.2,591527.4324,143661.1923,153922.7061,45.04
1632,2025-04-15,PLT-AZ1,MAT-048,164745.4111,1.8,296541.74,143661.1923,153922.7061,40.14
1633,2025-04-15,PLT-AZ1,MAT-049,599.6191,8.4709,5079.3136,615.6908,656.7369,14.61
1634,2025-04-15,PLT-AZ1,MAT-050,1867.2349,22.0,41079.1674,1436.6119,1539.2271,45.49
1635,2025-04-15,PLT-OH2,MAT-001,272443.4734,27.4849,7488081.6227,224363.556,234118.4932,55.86
1636,2025-04-15,PLT-OH2,MAT-002,284287.0122,21.8027,6198224.4401,229241.0246,241434.6961,58.29
1637,2025-04-15,PLT-OH2,MAT-003,1195668.2543,4.2428,5072981.2691,955983.8473,1024268.4079,61.29
1638,2025-04-15,PLT-OH2,MAT-004,5607.204,87.7775,492186.3503,4682.3699,5023.7927,57.48
1639,2025-04-15,PLT-OH2,MAT-005,3097.4745,335.0481,1037802.9617,2546.0386,2780.1571,105.84
1640,2025-04-15,PLT-OH2,MAT-006,412.6948,210.0,86665.9031,341.4228,365.8101,42.31
1641,2025-04-15,PLT-OH2,MAT-007,1532.2048,174.995,268128.1725,1185.2249,1265.7031,104.71
1642,2025-04-15,PLT-OH2,MAT-008,479.6472,429.3699,205946.053,395.075,421.901,98.34
1643,2025-04-15,PLT-OH2,MAT-009,507.3718,101.4333,51464.3958,385.32,404.8299,104.02
1644,2025-04-15,PLT-OH2,MAT-010,250.6307,9.8968,2480.4415,204.8537,221.9248,102.77
1645,2025-04-15,PLT-OH2,MAT-011,420090.8608,6.8872,2893249.7766,370687.6143,395074.9573,43.06
1646,2025-04-15,PLT-OH2,MAT-012,435018.8928,3.9636,1724240.8836,351177.7398,365810.1457,44.59
1647,2025-04-15,PLT-OH2,MAT-013,223240.009,2.3388,522113.7332,175588.8699,182905.0728,45.77
1648,2025-04-15,PLT-OH2,MAT-014,208144.8862,0.8842,184041.7084,180466.3385,192660.0101,42.67
1649,2025-04-15,PLT-OH2,MAT-015,176182.7287,1.2039,212106.3871,190221.2757,207292.4159,36.12
1650,2025-04-15,PLT-OH2,MAT-016,148800.5802,7.9279,1179676.1197,151201.5269,158517.7298,30.51
1651,2025-04-15,PLT-OH2,MAT-017,190231.3019,2.1744,413638.9429,160956.4641,173150.1356,39.0
1652,2025-04-15,PLT-OH2,MAT-018,883.6419,18.0,15905.5548,853.557,914.5254,36.23
1653,2025-04-15,PLT-OH2,MAT-019,540740.751,0.6768,365973.3403,453604.5806,475553.1894,36.96
1654,2025-04-15,PLT-OH2,MAT-020,441700.4151,0.436,192581.381,414584.8318,451165.8463,36.22
1655,2025-04-15,PLT-OH2,MAT-021,335949.3379,0.28,94065.8146,307280.5224,329229.1311,38.27
1656,2025-04-15,PLT-OH2,MAT-022,1201.6473,102.9547,123715.2414,1170.5925,1229.1221,30.8
1657,2025-04-15,PLT-OH2,MAT-023,1633.7272,138.4548,226197.368,1682.7267,1829.0507,22.33
1658,2025-04-15,PLT-OH2,MAT-024,270.4394,62.8156,16987.8153,204.8537,214.6086,27.72
1659,2025-04-15,PLT-OH2,MAT-025,180.9139,180.0,32564.4985,170.7114,182.9051,37.09
1660,2025-04-15,PLT-OH2,MAT-027,265.772,4.5384,1206.1797,204.8537,214.6086,27.24
1661,2025-04-15,PLT-OH2,MAT-028,7908.2291,45.0,355870.3109,6828.4561,7316.2029,40.53
1662,2025-04-15,PLT-OH2,MAT-029,201719.6406,2.8,564814.9936,170711.4013,182905.0728,41.36
1663,2025-04-15,PLT-OH2,MAT-030,310.5339,22.0,6831.7457,341.4228,365.8101,31.83
1664,2025-04-15,PLT-OH2,MAT-031,621.4453,15.0,9321.6794,512.1342,548.7152,42.47
1665,2025-04-15,PLT-OH2,MAT-032,158137.6953,5.5,869757.3243,170711.4013,182905.0728,32.42
1666,2025-04-15,PLT-OH2,MAT-038,648.1714,177.4999,115050.3601,541.399,577.98,44.3
1667,2025-04-15,PLT-OH2,MAT-039,443.4578,210.363,93287.111,360.9327,385.32,45.46
1668,2025-04-15,PLT-OH2,MAT-040,119612.5347,30.6366,3664521.3791,102426.8408,107304.3094,49.05
1669,2025-04-15,PLT-OH2,MAT-047,104065.3978,3.0756,320063.5376,87794.435,92671.9036,21.34
1670,2025-04-15,PLT-OH2,MAT-048,75113.7126,1.8132,136196.1837,87794.435,92671.9036,15.4
1671,2025-04-15,PLT-OH2,MAT-049,541.1012,8.3142,4498.824,731.6203,780.395,11.09
1672,2025-04-15,PLT-OH2,MAT-050,1042.1791,21.749,22666.3522,926.719,999.8811,21.37
1673,2025-04-15,PLT-OH1,MAT-001,139292.6531,28.8735,4021866.4203,107764.3326,112449.7383,59.46
1674,2025-04-15,PLT-OH1,MAT-002,147262.6385,21.9325,3229837.8195,110107.0354,115963.7927,62.86
1675,2025-04-15,PLT-OH1,MAT-003,551210.993,4.2749,2356371.8739,459169.7648,491967.6052,58.82
1676,2025-04-15,PLT-OH1,MAT-004,2421.109,88.4378,214117.553,2248.9948,2412.984,51.67
1677,2025-04-15,PLT-OH1,MAT-005,578.6652,320.0,185172.8512,491.9676,527.1081,41.17
1678,2025-04-15,PLT-OH1,MAT-006,166.6558,210.0,34997.7247,163.9892,175.7027,35.57
1679,2025-04-15,PLT-OH1,MAT-007,694.4007,180.8848,125606.5375,569.2768,607.9314,98.8
1680,2025-04-15,PLT-OH1,MAT-008,243.4817,418.6467,101932.8018,189.7589,202.6438,103.93
1681,2025-04-15,PLT-OH1,MAT-009,97.6421,95.0,9276.0005,81.9946,87.8514,41.68
1682,2025-04-15,PLT-OH1,MAT-010,108.2089,9.7412,1054.0846,98.3935,106.593,92.38
1683,2025-04-15,PLT-OH1,MAT-011,207243.7116,6.8227,1413961.6709,178045.419,189758.9334,44.23
1684,2025-04-15,PLT-OH1,MAT-012,207106.1494,3.998,828010.3853,168674.6075,175702.7161,44.2
1685,2025-04-15,PLT-OH1,MAT-013,100848.4832,2.262,228119.2689,84337.3037,87851.3581,43.05
1686,2025-04-15,PLT-OH1,MAT-014,83800.0538,0.8528,71464.6859,86680.0066,92536.7638,35.77
1687,2025-04-15,PLT-OH1,MAT-015,95665.0238,1.2217,116873.9595,91365.4124,99564.8725,40.84
1688,2025-04-15,PLT-OH1,MAT-016,80043.3489,7.9901,639554.3624,72623.7893,76137.8437,34.17
1689,2025-04-15,PLT-OH1,MAT-017,91232.1575,2.2888,208812.1621,77309.1951,83165.9523,38.94
1690,2025-04-15,PLT-OH1,MAT-018,434.3823,19.689,8552.5539,327.9784,345.5487,37.08
1691,2025-04-15,PLT-OH1,MAT-019,289806.2015,0.6835,198082.5387,217871.368,228413.531,41.24
1692,2025-04-15,PLT-OH1,MAT-020,202306.5967,0.4589,92838.4972,199129.745,216700.0166,34.54
1693,2025-04-15,PLT-OH1,MAT-021,149257.9584,0.2906,43374.3627,134939.686,147590.2816,35.4
1694,2025-04-15,PLT-OH1,MAT-022,643.4135,95.0,61124.2851,655.9568,702.8109,34.33
1695,2025-04-15,PLT-OH1,MAT-023,1379.3638,145.0,200007.749,1229.919,1317.7704,39.25
1696,2025-04-15,PLT-OH1,MAT-024,185.1519,62.0,11479.4185,163.9892,175.7027,39.52
1697,2025-04-15,PLT-OH1,MAT-025,102.9091,180.0,18523.6402,81.9946,87.8514,43.93
1698,2025-04-15,PLT-OH1,MAT-027,159.3456,4.5,717.0551,163.9892,175.7027,34.01
1699,2025-04-15,PLT-OH1,MAT-028,3621.7482,45.0,162978.6679,3279.784,3514.0543,38.65
1700,2025-04-15,PLT-OH1,MAT-029,90412.7567,2.8,253155.7189,81994.6009,87851.3581,38.59
1701,2025-04-15,PLT-OH1,MAT-030,213.8698,22.0,4705.136,163.9892,175.7027,45.65
1702,2025-04-15,PLT-OH1,MAT-031,223.4267,15.0,3351.3999,245.9838,263.5541,31.79
1703,2025-04-15,PLT-OH1,MAT-032,99362.1846,5.5,546492.0151,81994.6009,87851.3581,42.41
1704,2025-04-15,PLT-OH1,MAT-038,318.1164,178.359,56738.9195,260.04,277.6103,45.26
1705,2025-04-15,PLT-OH1,MAT-039,220.9353,202.1605,44664.3829,173.36,185.0735,47.15
1706,2025-04-15,PLT-OH1,MAT-040,55525.6446,29.6962,1648900.6486,44511.3548,48611.0848,47.4
1707,2025-04-15,PLT-OH1,MAT-047,90776.5714,3.2,290485.0286,81994.6009,87851.3581,38.75
1708,2025-04-15,PLT-OH1,MAT-048,80140.5069,1.8,144252.9124,81994.6009,87851.3581,34.21
1709,2025-04-15,PLT-OH1,MAT-049,757.3051,8.5,6437.0933,819.946,878.5136,32.33
1710,2025-04-15,PLT-OH1,MAT-050,756.4032,22.0,16640.8703,819.946,878.5136,32.29
1711,2025-04-22,PLT-AZ1,MAT-001,236259.6643,27.593,6519112.9179,188811.8528,197021.0638,57.56
1712,2025-04-22,PLT-AZ1,MAT-002,238372.8432,22.017,5248254.8882,192916.4583,203177.972,58.07
1713,2025-04-22,PLT-AZ1,MAT-003,907889.5595,4.2603,3867881.8905,804502.677,861967.154,55.3
1714,2025-04-22,PLT-AZ1,MAT-004,4985.0811,87.8254,437816.7398,3940.4213,4227.7437,60.73
1715,2025-04-22,PLT-AZ1,MAT-005,2451.759,329.4044,807620.2015,1822.4448,1908.6416,99.55
1716,2025-04-22,PLT-AZ1,MAT-006,808.9969,205.1512,165966.6846,632.1092,673.1553,98.55
1717,2025-04-22,PLT-AZ1,MAT-007,1282.9583,174.9688,224477.6792,997.4191,1065.1451,104.19
1718,2025-04-22,PLT-AZ1,MAT-008,417.0331,427.191,178152.7833,332.473,355.0484,101.6
1719,2025-04-22,PLT-AZ1,MAT-009,401.3692,94.8709,38078.2589,324.2638,340.6823,97.79
1720,2025-04-22,PLT-AZ1,MAT-010,204.6671,9.7205,1989.4663,172.3934,186.7596,99.73
1721,2025-04-22,PLT-AZ1,MAT-011,343483.6366,6.6129,2271422.9406,311950.0176,332473.0451,41.84
1722,2025-04-22,PLT-AZ1,MAT-012,351818.9469,4.1413,1456987.8047,295531.5956,307845.4121,42.86
1723,2025-04-22,PLT-AZ1,MAT-013,195206.4405,2.3057,450087.4898,147765.7978,153922.7061,47.56
1724,2025-04-22,PLT-AZ1,MAT-014,180157.6443,0.8624,155367.9524,151870.4033,162131.9171,43.89
1725,2025-04-22,PLT-AZ1,MAT-015,187977.9882,1.2162,228618.8292,160079.6143,174445.7335,45.8
1726,2025-04-22,PLT-AZ1,MAT-016,161405.7203,7.7857,1256656.5163,127242.7703,133399.6786,39.32
1727,2025-04-22,PLT-AZ1,MAT-017,153644.5673,2.3172,356025.1914,135451.9813,145713.4951,37.43
1728,2025-04-22,PLT-AZ1,MAT-018,723.6341,18.9273,13696.4399,574.6448,605.4293,35.26
1729,2025-04-22,PLT-AZ1,MAT-019,497471.8404,0.6792,337882.874,381728.311,400199.0358,40.4
1730,2025-04-22,PLT-AZ1,MAT-020,404549.6586,0.4353,176100.4664,348891.4671,379676.0083,39.42
1731,2025-04-22,PLT-AZ1,MAT-021,225873.8787,0.2967,67016.7798,206872.117,217954.5518,30.57
1732,2025-04-22,PLT-AZ1,MAT-022,1169.4529,99.6278,116510.0197,1017.9422,1083.6159,35.61
1733,2025-04-22,PLT-AZ1,MAT-023,1608.5926,143.5576,230925.6861,1416.0889,1539.2271,26.13
1734,2025-04-22,PLT-AZ1,MAT-024,182.8118,61.4043,11225.4316,172.3934,180.6026,22.27
1735,2025-04-22,PLT-AZ1,MAT-025,149.6511,180.0,26937.2038,143.6612,153.9227,36.46
1736,2025-04-22,PLT-AZ1,MAT-027,160.4078,4.5718,733.3525,172.3934,180.6026,19.54
1737,2025-04-22,PLT-AZ1,MAT-028,7218.1989,45.0,324818.9523,5746.4477,6156.9082,43.96
1738,2025-04-22,PLT-AZ1,MAT-029,169637.3485,2.8,474984.5758,143661.1923,153922.7061,41.33
1739,2025-04-22,PLT-AZ1,MAT-030,355.9955,22.0,7831.9003,287.3224,307.8454,43.37
1740,2025-04-22,PLT-AZ1,MAT-031,496.5491,15.0,7448.2358,430.9836,461.7681,40.32
1741,2025-04-22,PLT-AZ1,MAT-032,170284.2969,5.5,936563.6327,143661.1923,153922.7061,41.49
1742,2025-04-22,PLT-AZ1,MAT-038,671.258,189.7163,127348.5787,529.4941,560.2787,54.51
1743,2025-04-22,PLT-AZ1,MAT-039,446.0423,217.3926,96966.2994,352.9961,373.5191,54.33
1744,2025-04-22,PLT-AZ1,MAT-040,103848.4072,30.0593,3121610.4264,90301.3209,96458.2291,50.6
1745,2025-04-22,PLT-AZ1,MAT-047,187365.3388,3.2,599569.084,143661.1923,153922.7061,45.65
1746,2025-04-22,PLT-AZ1,MAT-048,149040.5532,1.8,268272.9958,143661.1923,153922.7061,36.31
1747,2025-04-22,PLT-AZ1,MAT-049,443.3633,8.4709,3755.6865,615.6908,656.7369,10.8
1748,2025-04-22,PLT-AZ1,MAT-050,1855.5035,22.0,40821.0765,1436.6119,1539.2271,45.21
1749,2025-04-22,PLT-OH2,MAT-001,260315.9236,27.4849,7154757.1291,224363.556,234118.4932,53.37
1750,2025-04-22,PLT-OH2,MAT-002,294196.8275,21.8027,6414285.1708,229241.0246,241434.6961,60.32
1751,2025-04-22,PLT-OH2,MAT-003,1214791.6968,4.2428,5154118.2114,955983.8473,1024268.4079,62.27
1752,2025-04-22,PLT-OH2,MAT-004,5741.4173,87.7775,503967.2544,4682.3699,5023.7927,58.86
1753,2025-04-22,PLT-OH2,MAT-005,2952.5426,335.0481,989243.7955,2546.0386,2780.1571,100.89
1754,2025-04-22,PLT-OH2,MAT-006,375.224,210.0,78797.0467,341.4228,365.8101,38.47
1755,2025-04-22,PLT-OH2,MAT-007,1526.7536,174.995,267174.2437,1185.2249,1265.7031,104.34
1756,2025-04-22,PLT-OH2,MAT-008,465.8703,429.3699,200030.6653,395.075,421.901,95.51
1757,2025-04-22,PLT-OH2,MAT-009,509.5376,101.4333,51684.0774,385.32,404.8299,104.47
1758,2025-04-22,PLT-OH2,MAT-010,239.8505,9.8968,2373.7521,204.8537,221.9248,98.35
1759,2025-04-22,PLT-OH2,MAT-011,445703.6612,6.8872,3069650.2554,370687.6143,395074.9573,45.69
1760,2025-04-22,PLT-OH2,MAT-012,404285.9149,3.9636,1602427.6524,351177.7398,365810.1457,41.44
1761,2025-04-22,PLT-OH2,MAT-013,230403.618,2.3388,538867.9819,175588.8699,182905.0728,47.24
1762,2025-04-22,PLT-OH2,MAT-014,219686.4253,0.8842,194246.7373,180466.3385,192660.0101,45.04
1763,2025-04-22,PLT-OH2,MAT-015,167833.8762,1.2039,202055.2036,190221.2757,207292.4159,34.41
1764,2025-04-22,PLT-OH2,MAT-016,142820.147,7.9279,1132263.8432,151201.5269,158517.7298,29.28
1765,2025-04-22,PLT-OH2,MAT-017,191851.4646,2.1744,417161.8247,160956.4641,173150.1356,39.33
1766,2025-04-22,PLT-OH2,MAT-018,834.4733,18.0,15020.5187,853.557,914.5254,34.22
1767,2025-04-22,PLT-OH2,MAT-019,493781.7649,0.6768,334191.4985,453604.5806,475553.1894,33.75
1768,2025-04-22,PLT-OH2,MAT-020,457818.3533,0.436,199608.802,414584.8318,451165.8463,37.55
1769,2025-04-22,PLT-OH2,MAT-021,351577.6469,0.28,98441.7411,307280.5224,329229.1311,40.05
1770,2025-04-22,PLT-OH2,MAT-022,1324.7956,102.9547,136393.9304,1170.5925,1229.1221,33.95
1771,2025-04-22,PLT-OH2,MAT-023,1384.0722,138.4548,191631.4412,1682.7267,1829.0507,18.92
1772,2025-04-22,PLT-OH2,MAT-024,274.7539,62.8156,17258.8282,204.8537,214.6086,28.17
1773,2025-04-22,PLT-OH2,MAT-025,195.688,180.0,35223.8385,170.7114,182.9051,40.12
1774,2025-04-22,PLT-OH2,MAT-027,270.9369,4.5384,1229.6201,204.8537,214.6086,27.77
1775,2025-04-22,PLT-OH2,MAT-028,8233.1198,45.0,370490.3904,6828.4561,7316.2029,42.2
1776,2025-04-22,PLT-OH2,MAT-029,208765.021,2.8,584542.0588,170711.4013,182905.0728,42.8
1777,2025-04-22,PLT-OH2,MAT-030,356.4223,22.0,7841.2899,341.4228,365.8101,36.54
1778,2025-04-22,PLT-OH2,MAT-031,634.8752,15.0,9523.1274,512.1342,548.7152,43.39
1779,2025-04-22,PLT-OH2,MAT-032,181510.3639,5.5,998307.0012,170711.4013,182905.0728,37.21
1780,2025-04-22,PLT-OH2,MAT-038,670.7142,177.4999,119051.6971,541.399,577.98,45.84
1781,2025-04-22,PLT-OH2,MAT-039,401.762,210.363,84515.8691,360.9327,385.32,41.19
1782,2025-04-22,PLT-OH2,MAT-040,126595.4159,30.6366,3878453.1191,102426.8408,107304.3094,51.91
1783,2025-04-22,PLT-OH2,MAT-047,107593.4,3.0756,330914.2611,87794.435,92671.9036,22.06
1784,2025-04-22,PLT-OH2,MAT-048,63498.068,1.8132,115134.6968,87794.435,92671.9036,13.02
1785,2025-04-22,PLT-OH2,MAT-049,415.7111,8.3142,3456.3054,731.6203,780.395,8.52
1786,2025-04-22,PLT-OH2,MAT-050,1080.4286,21.749,23498.2421,926.719,999.8811,22.15
1787,2025-04-22,PLT-OH1,MAT-001,130824.0622,28.8735,3777348.5612,107764.3326,112449.7383,55.84
1788,2025-04-22,PLT-OH1,MAT-002,149495.4498,21.9325,3278808.9521,110107.0354,115963.7927,63.81
1789,2025-04-22,PLT-OH1,MAT-003,561180.9889,4.2749,2398992.6097,459169.7648,491967.6052,59.89
1790,2025-04-22,PLT-OH1,MAT-004,2540.4787,88.4378,224674.3447,2248.9948,2412.984,54.22
1791,2025-04-22,PLT-OH1,MAT-005,593.0582,320.0,189778.6396,491.9676,527.1081,42.19
1792,2025-04-22,PLT-OH1,MAT-006,179.946,210.0,37788.659,163.9892,175.7027,38.41
1793,2025-04-22,PLT-OH1,MAT-007,709.2585,180.8848,128294.0886,569.2768,607.9314,100.92
1794,2025-04-22,PLT-OH1,MAT-008,244.4896,418.6467,102354.7709,189.7589,202.6438,104.36
1795,2025-04-22,PLT-OH1,MAT-009,99.8552,95.0,9486.248,81.9946,87.8514,42.62
1796,2025-04-22,PLT-OH1,MAT-010,112.7282,9.7412,1098.1075,98.3935,106.593,96.24
1797,2025-04-22,PLT-OH1,MAT-011,216702.0515,6.8227,1478493.087,178045.419,189758.9334,46.25
1798,2025-04-22,PLT-OH1,MAT-012,193066.2818,3.998,771878.9946,168674.6075,175702.7161,41.21
1799,2025-04-22,PLT-OH1,MAT-013,93284.4403,2.262,211009.404,84337.3037,87851.3581,39.82
1800,2025-04-22,PLT-OH1,MAT-014,91918.2761,0.8528,78387.9059,86680.0066,92536.7638,39.24
1801,2025-04-22,PLT-OH1,MAT-015,100395.4247,1.2217,122653.0903,91365.4124,99564.8725,42.85
1802,2025-04-22,PLT-OH1,MAT-016,86356.5069,7.9901,689997.1255,72623.7893,76137.8437,36.86
1803,2025-04-22,PLT-OH1,MAT-017,92080.2864,2.2888,210753.3594,77309.1951,83165.9523,39.31
1804,2025-04-22,PLT-OH1,MAT-018,426.6641,19.689,8400.5899,327.9784,345.5487,36.42
1805,2025-04-22,PLT-OH1,MAT-019,287911.691,0.6835,196787.6408,217871.368,228413.531,40.97
1806,2025-04-22,PLT-OH1,MAT-020,217573.535,0.4589,99844.4952,199129.745,216700.0166,37.15
1807,2025-04-22,PLT-OH1,MAT-021,152693.124,0.2906,44372.6218,134939.686,147590.2816,36.21
1808,2025-04-22,PLT-OH1,MAT-022,697.1502,95.0,66229.2692,655.9568,702.8109,37.2
1809,2025-04-22,PLT-OH1,MAT-023,1436.4052,145.0,208278.7487,1229.919,1317.7704,40.88
1810,2025-04-22,PLT-OH1,MAT-024,192.5738,62.0,11939.5738,163.9892,175.7027,41.1
1811,2025-04-22,PLT-OH1,MAT-025,102.9642,180.0,18533.5575,81.9946,87.8514,43.95
1812,2025-04-22,PLT-OH1,MAT-027,178.8822,4.5,804.97,163.9892,175.7027,38.18
1813,2025-04-22,PLT-OH1,MAT-028,3773.7466,45.0,169818.5951,3279.784,3514.0543,40.27
1814,2025-04-22,PLT-OH1,MAT-029,95279.772,2.8,266783.3615,81994.6009,87851.3581,40.67
1815,2025-04-22,PLT-OH1,MAT-030,213.5579,22.0,4698.2738,163.9892,175.7027,45.58
1816,2025-04-22,PLT-OH1,MAT-031,217.4282,15.0,3261.4233,245.9838,263.5541,30.94
1817,2025-04-22,PLT-OH1,MAT-032,101899.8477,5.5,560449.1624,81994.6009,87851.3581,43.5
1818,2025-04-22,PLT-OH1,MAT-038,323.4892,178.359,57697.2028,260.04,277.6103,46.03
1819,2025-04-22,PLT-OH1,MAT-039,199.8341,202.1605,40398.5676,173.36,185.0735,42.65
1820,2025-04-22,PLT-OH1,MAT-040,54811.9483,29.6962,1627706.5794,44511.3548,48611.0848,46.79
1821,2025-04-22,PLT-OH1,MAT-047,95499.1301,3.2,305597.2165,81994.6009,87851.3581,40.76
1822,2025-04-22,PLT-OH1,MAT-048,88405.0333,1.8,159129.06,81994.6009,87851.3581,37.74
1823,2025-04-22,PLT-OH1,MAT-049,838.6332,8.5,7128.3818,819.946,878.5136,35.8
1824,2025-04-22,PLT-OH1,MAT-050,739.6672,22.0,16272.6773,819.946,878.5136,31.57
1825,2025-05-01,PLT-AZ1,MAT-001,221977.2754,27.593,6125018.9588,188811.8528,197021.0638,54.08
1826,2025-05-01,PLT-AZ1,MAT-002,246908.3404,22.017,5436180.9316,192916.4583,203177.972,60.15
1827,2025-05-01,PLT-AZ1,MAT-003,864456.4661,4.2603,3682843.8824,804502.677,861967.154,52.65
1828,2025-05-01,PLT-AZ1,MAT-004,5005.3114,87.8254,439593.4759,3940.4213,4227.7437,60.97
1829,2025-05-01,PLT-AZ1,MAT-005,2332.7193,329.4044,768408.0047,1822.4448,1908.6416,94.72
1830,2025-05-01,PLT-AZ1,MAT-006,772.5988,205.1512,158499.5642,632.1092,673.1553,94.11
1831,2025-05-01,PLT-AZ1,MAT-007,1293.0084,174.9688,226236.1263,997.4191,1065.1451,105.0
1832,2025-05-01,PLT-AZ1,MAT-008,418.7848,427.191,178901.0907,332.473,355.0484,102.03
1833,2025-05-01,PLT-AZ1,MAT-009,393.4305,94.8709,37325.1064,324.2638,340.6823,95.85
1834,2025-05-01,PLT-AZ1,MAT-010,198.4314,9.7205,1928.8522,172.3934,186.7596,96.69
1835,2025-05-01,PLT-AZ1,MAT-011,354530.06,6.6129,2344471.834,311950.0176,332473.0451,43.19
1836,2025-05-01,PLT-AZ1,MAT-012,325205.4501,4.1413,1346773.3305,295531.5956,307845.4121,39.61
1837,2025-05-01,PLT-AZ1,MAT-013,178637.9106,2.3057,411885.4304,147765.7978,153922.7061,43.52
1838,2025-05-01,PLT-AZ1,MAT-014,166131.8467,0.8624,143272.1046,151870.4033,162131.9171,40.47
1839,2025-05-01,PLT-AZ1,MAT-015,187819.8813,1.2162,228426.5397,160079.6143,174445.7335,45.76
1840,2025-05-01,PLT-AZ1,MAT-016,165466.634,7.7857,1288273.5727,127242.7703,133399.6786,40.31
1841,2025-05-01,PLT-AZ1,MAT-017,157564.6064,2.3172,365108.7058,135451.9813,145713.4951,38.39
1842,2025-05-01,PLT-AZ1,MAT-018,742.7457,18.9273,14058.1714,574.6448,605.4293,36.19
1843,2025-05-01,PLT-AZ1,MAT-019,443520.8955,0.6792,301239.3922,381728.311,400199.0358,36.02
1844,2025-05-01,PLT-AZ1,MAT-020,416507.3314,0.4353,181305.6414,348891.4671,379676.0083,40.59
1845,2025-05-01,PLT-AZ1,MAT-021,236312.502,0.2967,70113.9193,206872.117,217954.5518,31.98
1846,2025-05-01,PLT-AZ1,MAT-022,1245.5211,99.6278,124088.5233,1017.9422,1083.6159,37.93
1847,2025-05-01,PLT-AZ1,MAT-023,1345.9153,143.5576,193216.3653,1416.0889,1539.2271,21.86
1848,2025-05-01,PLT-AZ1,MAT-024,157.7919,61.4043,9689.1022,172.3934,180.6026,19.22
1849,2025-05-01,PLT-AZ1,MAT-025,161.6026,180.0,29088.4719,143.6612,153.9227,39.37
1850,2025-05-01,PLT-AZ1,MAT-027,178.9349,4.5718,818.0547,172.3934,180.6026,21.8
1851,2025-05-01,PLT-AZ1,MAT-028,7173.0614,45.0,322787.7645,5746.4477,6156.9082,43.69
1852,2025-05-01,PLT-AZ1,MAT-029,155208.8528,2.8,434584.788,143661.1923,153922.7061,37.81
1853,2025-05-01,PLT-AZ1,MAT-030,318.5629,22.0,7008.3836,287.3224,307.8454,38.81
1854,2025-05-01,PLT-AZ1,MAT-031,455.6682,15.0,6835.0228,430.9836,461.7681,37.0
1855,2025-05-01,PLT-AZ1,MAT-032,176840.9051,5.5,972624.978,143661.1923,153922.7061,43.08
1856,2025-05-01,PLT-AZ1,MAT-038,679.6076,189.7163,128932.6471,529.4941,560.2787,55.19
1857,2025-05-01,PLT-AZ1,MAT-039,446.7187,217.3926,97113.3353,352.9961,373.5191,54.42
1858,2025-05-01,PLT-AZ1,MAT-040,108930.2396,30.0593,3274366.7508,90301.3209,96458.2291,53.08
1859,2025-05-01,PLT-AZ1,MAT-047,164969.0376,3.2,527900.9203,143661.1923,153922.7061,40.19
1860,2025-05-01,PLT-AZ1,MAT-048,156779.819,1.8,282203.6742,143661.1923,153922.7061,38.2
1861,2025-05-01,PLT-AZ1,MAT-049,555.926,8.4709,4709.1931,615.6908,656.7369,13.54
1862,2025-05-01,PLT-AZ1,MAT-050,1840.9302,22.0,40500.4634,1436.6119,1539.2271,44.85
1863,2025-05-01,PLT-OH2,MAT-001,251198.8004,27.4849,6904173.9082,224363.556,234118.4932,51.5
1864,2025-05-01,PLT-OH2,MAT-002,274669.5649,21.8027,5988538.1225,229241.0246,241434.6961,56.31
1865,2025-05-01,PLT-OH2,MAT-003,1230499.1459,4.2428,5220761.7764,955983.8473,1024268.4079,63.07
1866,2025-05-01,PLT-OH2,MAT-004,5888.3376,87.7775,516863.5565,4682.3699,5023.7927,60.36
1867,2025-05-01,PLT-OH2,MAT-005,3011.9251,335.0481,1009139.7858,2546.0386,2780.1571,102.92
1868,2025-05-01,PLT-OH2,MAT-006,391.9006,210.0,82299.1336,341.4228,365.8101,40.17
1869,2025-05-01,PLT-OH2,MAT-007,1459.1161,174.995,255338.0238,1185.2249,1265.7031,99.72
1870,2025-05-01,PLT-OH2,MAT-008,476.3157,429.3699,204515.6406,395.075,421.901,97.66
1871,2025-05-01,PLT-OH2,MAT-009,489.5857,101.4333,49660.2945,385.32,404.8299,100.38
1872,2025-05-01,PLT-OH2,MAT-010,233.011,9.8968,2306.0636,204.8537,221.9248,95.55
1873,2025-05-01,PLT-OH2,MAT-011,410473.2284,6.8872,2827011.2189,370687.6143,395074.9573,42.08
1874,2025-05-01,PLT-OH2,MAT-012,422316.488,3.9636,1673893.632,351177.7398,365810.1457,43.29
1875,2025-05-01,PLT-OH2,MAT-013,231538.0673,2.3388,541521.2317,175588.8699,182905.0728,47.47
1876,2025-05-01,PLT-OH2,MAT-014,201775.1383,0.8842,178409.5773,180466.3385,192660.0101,41.37
1877,2025-05-01,PLT-OH2,MAT-015,164920.2887,1.2039,198547.5356,190221.2757,207292.4159,33.81
1878,2025-05-01,PLT-OH2,MAT-016,164396.8147,7.9279,1303321.507,151201.5269,158517.7298,33.71
1879,2025-05-01,PLT-OH2,MAT-017,195106.7517,2.1744,424240.1209,160956.4641,173150.1356,40.0
1880,2025-05-01,PLT-OH2,MAT-018,908.2409,18.0,16348.3368,853.557,914.5254,37.24
1881,2025-05-01,PLT-OH2,MAT-019,454721.5597,0.6768,307755.5516,453604.5806,475553.1894,31.08
1882,2025-05-01,PLT-OH2,MAT-020,470294.6697,0.436,205048.476,414584.8318,451165.8463,38.57
1883,2025-05-01,PLT-OH2,MAT-021,323160.2842,0.28,90484.8796,307280.5224,329229.1311,36.81
1884,2025-05-01,PLT-OH2,MAT-022,1408.1207,102.9547,144972.6449,1170.5925,1229.1221,36.09
1885,2025-05-01,PLT-OH2,MAT-023,1251.0105,138.4548,173208.4137,1682.7267,1829.0507,17.1
1886,2025-05-01,PLT-OH2,MAT-024,280.5063,62.8156,17620.1715,204.8537,214.6086,28.76
1887,2025-05-01,PLT-OH2,MAT-025,202.0763,180.0,36373.7428,170.7114,182.9051,41.43
1888,2025-05-01,PLT-OH2,MAT-027,221.6909,4.5384,1006.1221,204.8537,214.6086,22.73
1889,2025-05-01,PLT-OH2,MAT-028,8345.2621,45.0,375536.7934,6828.4561,7316.2029,42.77
1890,2025-05-01,PLT-OH2,MAT-029,216196.0705,2.8,605348.9974,170711.4013,182905.0728,44.33
1891,2025-05-01,PLT-OH2,MAT-030,379.2152,22.0,8342.7355,341.4228,365.8101,38.87
1892,2025-05-01,PLT-OH2,MAT-031,572.02,15.0,8580.2996,512.1342,548.7152,39.09
1893,2025-05-01,PLT-OH2,MAT-032,188605.5435,5.5,1037330.4894,170711.4013,182905.0728,38.67
1894,2025-05-01,PLT-OH2,MAT-038,682.3754,177.4999,121121.5734,541.399,577.98,46.63
1895,2025-05-01,PLT-OH2,MAT-039,425.5451,210.363,89518.9347,360.9327,385.32,43.62
1896,2025-05-01,PLT-OH2,MAT-040,117532.4742,30.6366,3600795.3994,102426.8408,107304.3094,48.19
1897,2025-05-01,PLT-OH2,MAT-047,108898.2748,3.0756,334927.5341,87794.435,92671.9036,22.33
1898,2025-05-01,PLT-OH2,MAT-048,79287.0245,1.8132,143763.2328,87794.435,92671.9036,16.26
1899,2025-05-01,PLT-OH2,MAT-049,347.7983,8.3142,2891.6644,731.6203,780.395,7.13
1900,2025-05-01,PLT-OH2,MAT-050,1121.5754,21.749,24393.1441,926.719,999.8811,23.0
1901,2025-05-01,PLT-OH1,MAT-001,124305.7012,28.8735,3589140.665,107764.3326,112449.7383,53.06
1902,2025-05-01,PLT-OH1,MAT-002,137098.9164,21.9325,3006921.9845,110107.0354,115963.7927,58.52
1903,2025-05-01,PLT-OH1,MAT-003,521201.9152,4.2749,2228086.0672,459169.7648,491967.6052,55.62
1904,2025-05-01,PLT-OH1,MAT-004,2643.1225,88.4378,233751.9376,2248.9948,2412.984,56.41
1905,2025-05-01,PLT-OH1,MAT-005,600.3401,320.0,192108.8372,491.9676,527.1081,42.71
1906,2025-05-01,PLT-OH1,MAT-006,189.0602,210.0,39702.641,163.9892,175.7027,40.35
1907,2025-05-01,PLT-OH1,MAT-007,716.3241,180.8848,129572.1499,569.2768,607.9314,101.92
1908,2025-05-01,PLT-OH1,MAT-008,246.1453,418.6467,103047.9113,189.7589,202.6438,105.07
1909,2025-05-01,PLT-OH1,MAT-009,101.3487,95.0,9628.1226,81.9946,87.8514,43.26
1910,2025-05-01,PLT-OH1,MAT-010,116.0285,9.7412,1130.2571,98.3935,106.593,99.06
1911,2025-05-01,PLT-OH1,MAT-011,221956.7499,6.8227,1514344.3173,178045.419,189758.9334,47.37
1912,2025-05-01,PLT-OH1,MAT-012,207680.039,3.998,830304.7958,168674.6075,175702.7161,44.32
1913,2025-05-01,PLT-OH1,MAT-013,99471.0223,2.262,225003.4524,84337.3037,87851.3581,42.46
1914,2025-05-01,PLT-OH1,MAT-014,98478.8918,0.8528,83982.7989,86680.0066,92536.7638,42.04
1915,2025-05-01,PLT-OH1,MAT-015,103801.8729,1.2217,126814.7481,91365.4124,99564.8725,44.31
1916,2025-05-01,PLT-OH1,MAT-016,89258.6327,7.9901,713185.4013,72623.7893,76137.8437,38.1
1917,2025-05-01,PLT-OH1,MAT-017,95078.2769,2.2888,217615.1602,77309.1951,83165.9523,40.58
1918,2025-05-01,PLT-OH1,MAT-018,424.8258,19.689,8364.3947,327.9784,345.5487,36.27
1919,2025-05-01,PLT-OH1,MAT-019,289248.1386,0.6835,197701.1028,217871.368,228413.531,41.16
1920,2025-05-01,PLT-OH1,MAT-020,195801.4805,0.4589,89853.2994,199129.745,216700.0166,33.43
1921,2025-05-01,PLT-OH1,MAT-021,156736.2456,0.2906,45547.553,134939.686,147590.2816,37.17
1922,2025-05-01,PLT-OH1,MAT-022,733.5342,95.0,69685.7449,655.9568,702.8109,39.14
1923,2025-05-01,PLT-OH1,MAT-023,1310.4417,145.0,190014.0406,1229.919,1317.7704,37.29
1924,2025-05-01,PLT-OH1,MAT-024,201.4468,62.0,12489.7023,163.9892,175.7027,42.99
1925,2025-05-01,PLT-OH1,MAT-025,92.0803,180.0,16574.4578,81.9946,87.8514,39.31
1926,2025-05-01,PLT-OH1,MAT-027,165.6555,4.5,745.4496,163.9892,175.7027,35.36
1927,2025-05-01,PLT-OH1,MAT-028,3476.1499,45.0,156426.7474,3279.784,3514.0543,37.1
1928,2025-05-01,PLT-OH1,MAT-029,86914.997,2.8,243361.9916,81994.6009,87851.3581,37.1
1929,2025-05-01,PLT-OH1,MAT-030,211.8111,22.0,4659.8449,163.9892,175.7027,45.21
1930,2025-05-01,PLT-OH1,MAT-031,247.6783,15.0,3715.1744,245.9838,263.5541,35.24
1931,2025-05-01,PLT-OH1,MAT-032,103247.0823,5.5,567858.9524,81994.6009,87851.3581,44.07
1932,2025-05-01,PLT-OH1,MAT-038,327.2179,178.359,58362.2644,260.04,277.6103,46.56
1933,2025-05-01,PLT-OH1,MAT-039,211.9579,202.1605,42849.5215,173.36,185.0735,45.24
1934,2025-05-01,PLT-OH1,MAT-040,49250.169,29.6962,1462542.8699,44511.3548,48611.0848,42.05
1935,2025-05-01,PLT-OH1,MAT-047,87590.5351,3.2,280289.7122,81994.6009,87851.3581,37.39
1936,2025-05-01,PLT-OH1,MAT-048,91966.7847,1.8,165540.2125,81994.6009,87851.3581,39.26
1937,2025-05-01,PLT-OH1,MAT-049,796.7831,8.5,6772.6561,819.946,878.5136,34.01
1938,2025-05-01,PLT-OH1,MAT-050,726.3826,22.0,15980.4175,819.946,878.5136,31.01
1939,2025-05-08,PLT-AZ1,MAT-001,230113.6152,27.593,6349524.9839,188811.8528,197021.0638,56.06
1940,2025-05-08,PLT-AZ1,MAT-002,230196.915,22.017,5068245.4778,192916.4583,203177.972,56.08
1941,2025-05-08,PLT-AZ1,MAT-003,908199.3878,4.2603,3869201.8519,804502.677,861967.154,55.32
1942,2025-05-08,PLT-AZ1,MAT-004,4622.96,87.8254,406013.31,3940.4213,4227.7437,56.31
1943,2025-05-08,PLT-AZ1,MAT-005,2368.9947,329.4044,780357.2824,1822.4448,1908.6416,96.19
1944,2025-05-08,PLT-AZ1,MAT-006,750.219,205.1512,153908.3236,632.1092,673.1553,91.39
1945,2025-05-08,PLT-AZ1,MAT-007,1287.8316,174.9688,225330.3493,997.4191,1065.1451,104.58
1946,2025-05-08,PLT-AZ1,MAT-008,403.9309,427.191,172555.6291,332.473,355.0484,98.41
1947,2025-05-08,PLT-AZ1,MAT-009,406.6739,94.8709,38581.5162,324.2638,340.6823,99.08
1948,2025-05-08,PLT-AZ1,MAT-010,201.9874,9.7205,1963.4181,172.3934,186.7596,98.42
1949,2025-05-08,PLT-AZ1,MAT-011,328684.9237,6.6129,2173560.5317,311950.0176,332473.0451,40.04
1950,2025-05-08,PLT-AZ1,MAT-012,356208.9866,4.1413,1475168.276,295531.5956,307845.4121,43.39
1951,2025-05-08,PLT-AZ1,MAT-013,182574.4176,2.3057,420961.8347,147765.7978,153922.7061,44.48
1952,2025-05-08,PLT-AZ1,MAT-014,171885.3124,0.8624,148233.8934,151870.4033,162131.9171,41.88
1953,2025-05-08,PLT-AZ1,MAT-015,169630.1472,1.2162,206304.1851,160079.6143,174445.7335,41.33
1954,2025-05-08,PLT-AZ1,MAT-016,165009.6642,7.7857,1284715.7425,127242.7703,133399.6786,40.2
1955,2025-05-08,PLT-AZ1,MAT-017,158067.9321,2.3172,366275.0123,135451.9813,145713.4951,38.51
1956,2025-05-08,PLT-AZ1,MAT-018,752.2557,18.9273,14238.1692,574.6448,605.4293,36.65
1957,2025-05-08,PLT-AZ1,MAT-019,472857.5321,0.6792,321164.8358,381728.311,400199.0358,38.4
1958,2025-05-08,PLT-AZ1,MAT-020,368354.3415,0.4353,160344.6448,348891.4671,379676.0083,35.9
1959,2025-05-08,PLT-AZ1,MAT-021,246675.3195,0.2967,73188.5673,206872.117,217954.5518,33.39
1960,2025-05-08,PLT-AZ1,MAT-022,1282.5617,99.6278,127778.7965,1017.9422,1083.6159,39.06
1961,2025-05-08,PLT-AZ1,MAT-023,1510.1166,143.5576,216788.7193,1416.0889,1539.2271,24.53
1962,2025-05-08,PLT-AZ1,MAT-024,182.1382,61.4043,11184.0673,172.3934,180.6026,22.19
1963,2025-05-08,PLT-AZ1,MAT-025,170.0802,180.0,30614.4446,143.6612,153.9227,41.44
1964,2025-05-08,PLT-AZ1,MAT-027,155.3188,4.5718,710.0863,172.3934,180.6026,18.92
1965,2025-05-08,PLT-AZ1,MAT-028,7150.165,45.0,321757.4248,5746.4477,6156.9082,43.55
1966,2025-05-08,PLT-AZ1,MAT-029,144234.3988,2.8,403856.3167,143661.1923,153922.7061,35.14
1967,2025-05-08,PLT-AZ1,MAT-030,324.9776,22.0,7149.507,287.3224,307.8454,39.59
1968,2025-05-08,PLT-AZ1,MAT-031,483.2012,15.0,7248.0181,430.9836,461.7681,39.24
1969,2025-05-08,PLT-AZ1,MAT-032,160033.3464,5.5,880183.405,143661.1923,153922.7061,38.99
1970,2025-05-08,PLT-AZ1,MAT-038,675.1337,189.7163,128083.8709,529.4941,560.2787,54.83
1971,2025-05-08,PLT-AZ1,MAT-039,455.0776,217.3926,98930.5125,352.9961,373.5191,55.44
1972,2025-05-08,PLT-AZ1,MAT-040,111816.6351,30.0593,3361129.7798,90301.3209,96458.2291,54.48
1973,2025-05-08,PLT-AZ1,MAT-047,171024.4735,3.2,547278.3151,143661.1923,153922.7061,41.67
1974,2025-05-08,PLT-AZ1,MAT-048,168387.8973,1.8,303098.2151,143661.1923,153922.7061,41.02
1975,2025-05-08,PLT-AZ1,MAT-049,435.3423,8.4709,3687.7412,615.6908,656.7369,10.61
1976,2025-05-08,PLT-AZ1,MAT-050,1860.3771,22.0,40928.297,1436.6119,1539.2271,45.32
1977,2025-05-08,PLT-OH2,MAT-001,269943.0503,27.4849,7419357.7427,224363.556,234118.4932,55.34
1978,2025-05-08,PLT-OH2,MAT-002,280539.3669,21.8027,6116515.6555,229241.0246,241434.6961,57.52
1979,2025-05-08,PLT-OH2,MAT-003,1227486.3022,4.2428,5207978.8832,955983.8473,1024268.4079,62.92
1980,2025-05-08,PLT-OH2,MAT-004,5877.6407,87.7775,515924.6077,4682.3699,5023.7927,60.25
1981,2025-05-08,PLT-OH2,MAT-005,2898.6268,335.0481,971179.3925,2546.0386,2780.1571,99.05
1982,2025-05-08,PLT-OH2,MAT-006,358.3237,210.0,75247.9702,341.4228,365.8101,36.73
1983,2025-05-08,PLT-OH2,MAT-007,1478.5767,174.995,258743.5272,1185.2249,1265.7031,101.05
1984,2025-05-08,PLT-OH2,MAT-008,461.9171,429.3699,198333.3002,395.075,421.901,94.7
1985,2025-05-08,PLT-OH2,MAT-009,474.69,101.4333,48149.3743,385.32,404.8299,97.32
1986,2025-05-08,PLT-OH2,MAT-010,238.5968,9.8968,2361.3445,204.8537,221.9248,97.84
1987,2025-05-08,PLT-OH2,MAT-011,439053.3641,6.8872,3023848.3293,370687.6143,395074.9573,45.01
1988,2025-05-08,PLT-OH2,MAT-012,441338.2429,3.9636,1749288.2595,351177.7398,365810.1457,45.24
1989,2025-05-08,PLT-OH2,MAT-013,230209.9954,2.3388,538415.1373,175588.8699,182905.0728,47.2
1990,2025-05-08,PLT-OH2,MAT-014,213585.837,0.8842,188852.5971,180466.3385,192660.0101,43.79
1991,2025-05-08,PLT-OH2,MAT-015,162580.1134,1.2039,195730.1985,190221.2757,207292.4159,33.33
1992,2025-05-08,PLT-OH2,MAT-016,150978.764,7.9279,1196944.5431,151201.5269,158517.7298,30.95
1993,2025-05-08,PLT-OH2,MAT-017,196624.9139,2.1744,427541.2128,160956.4641,173150.1356,40.31
1994,2025-05-08,PLT-OH2,MAT-018,972.334,18.0,17502.0125,853.557,914.5254,39.87
1995,2025-05-08,PLT-OH2,MAT-019,429861.4064,0.6768,290930.1999,453604.5806,475553.1894,29.38
1996,2025-05-08,PLT-OH2,MAT-020,488916.0398,0.436,213167.3934,414584.8318,451165.8463,40.1
1997,2025-05-08,PLT-OH2,MAT-021,343992.0839,0.28,96317.7835,307280.5224,329229.1311,39.18
1998,2025-05-08,PLT-OH2,MAT-022,1271.1378,102.9547,130869.6113,1170.5925,1229.1221,32.58
1999,2025-05-08,PLT-OH2,MAT-023,1153.934,138.4548,159767.7036,1682.7267,1829.0507,15.77
2000,2025-05-08,PLT-OH2,MAT-024,271.9522,62.8156,17082.8411,204.8537,214.6086,27.88
2001,2025-05-08,PLT-OH2,MAT-025,203.323,180.0,36598.1475,170.7114,182.9051,41.69
2002,2025-05-08,PLT-OH2,MAT-027,238.4399,4.5384,1082.1354,204.8537,214.6086,24.44
2003,2025-05-08,PLT-OH2,MAT-028,8405.3779,45.0,378242.0058,6828.4561,7316.2029,43.08
2004,2025-05-08,PLT-OH2,MAT-029,217033.3873,2.8,607693.4844,170711.4013,182905.0728,44.5
2005,2025-05-08,PLT-OH2,MAT-030,346.1879,22.0,7616.1347,341.4228,365.8101,35.49
2006,2025-05-08,PLT-OH2,MAT-031,523.1923,15.0,7847.8851,512.1342,548.7152,35.76
2007,2025-05-08,PLT-OH2,MAT-032,201299.2014,5.5,1107145.6079,170711.4013,182905.0728,41.27
2008,2025-05-08,PLT-OH2,MAT-038,690.0483,177.4999,122483.5055,541.399,577.98,47.16
2009,2025-05-08,PLT-OH2,MAT-039,428.892,210.363,90223.0019,360.9327,385.32,43.97
2010,2025-05-08,PLT-OH2,MAT-040,111365.4564,30.6366,3411858.9407,102426.8408,107304.3094,45.67
2011,2025-05-08,PLT-OH2,MAT-047,112581.8404,3.0756,346256.7083,87794.435,92671.9036,23.08
2012,2025-05-08,PLT-OH2,MAT-048,87571.8846,1.8132,158785.3412,87794.435,92671.9036,17.95
2013,2025-05-08,PLT-OH2,MAT-049,509.405,8.3142,4235.2947,731.6203,780.395,10.44
2014,2025-05-08,PLT-OH2,MAT-050,1137.3653,21.749,24736.5572,926.719,999.8811,23.32
2015,2025-05-08,PLT-OH1,MAT-001,129637.3518,28.8735,3743084.0768,107764.3326,112449.7383,55.34
2016,2025-05-08,PLT-OH1,MAT-002,140838.0422,21.9325,3088930.3595,110107.0354,115963.7927,60.12
2017,2025-05-08,PLT-OH1,MAT-003,541323.5155,4.2749,2314103.8966,459169.7648,491967.6052,57.77
2018,2025-05-08,PLT-OH1,MAT-004,2467.8934,88.4378,218255.0637,2248.9948,2412.984,52.67
2019,2025-05-08,PLT-OH1,MAT-005,598.5103,320.0,191523.2829,491.9676,527.1081,42.58
2020,2025-05-08,PLT-OH1,MAT-006,198.1307,210.0,41607.4416,163.9892,175.7027,42.29
2021,2025-05-08,PLT-OH1,MAT-007,718.0362,180.8848,129881.8343,569.2768,607.9314,102.17
2022,2025-05-08,PLT-OH1,MAT-008,235.4126,418.6467,98554.7154,189.7589,202.6438,100.49
2023,2025-05-08,PLT-OH1,MAT-009,101.0022,95.0,9595.2121,81.9946,87.8514,43.11
2024,2025-05-08,PLT-OH1,MAT-010,112.7419,9.7412,1098.2418,98.3935,106.593,96.25
2025,2025-05-08,PLT-OH1,MAT-011,227861.0794,6.8227,1554627.7862,178045.419,189758.9334,48.63
2026,2025-05-08,PLT-OH1,MAT-012,213513.0925,3.998,853625.344,168674.6075,175702.7161,45.57
2027,2025-05-08,PLT-OH1,MAT-013,104080.1354,2.262,235429.2662,84337.3037,87851.3581,44.43
2028,2025-05-08,PLT-OH1,MAT-014,103007.7066,0.8528,87844.9722,86680.0066,92536.7638,43.97
2029,2025-05-08,PLT-OH1,MAT-015,95609.0554,1.2217,116805.583,91365.4124,99564.8725,40.81
2030,2025-05-08,PLT-OH1,MAT-016,81398.4161,7.9901,650381.4841,72623.7893,76137.8437,34.75
2031,2025-05-08,PLT-OH1,MAT-017,84144.3571,2.2888,192589.6045,77309.1951,83165.9523,35.92
2032,2025-05-08,PLT-OH1,MAT-018,423.8897,19.689,8345.9647,327.9784,345.5487,36.19
2033,2025-05-08,PLT-OH1,MAT-019,256697.7641,0.6835,175452.9218,217871.368,228413.531,36.52
2034,2025-05-08,PLT-OH1,MAT-020,211550.6333,0.4589,97080.5856,199129.745,216700.0166,36.12
2035,2025-05-08,PLT-OH1,MAT-021,161654.69,0.2906,46976.8529,134939.686,147590.2816,38.34
2036,2025-05-08,PLT-OH1,MAT-022,757.3222,95.0,71945.6129,655.9568,702.8109,40.41
2037,2025-05-08,PLT-OH1,MAT-023,1225.4846,145.0,177695.2658,1229.919,1317.7704,34.87
2038,2025-05-08,PLT-OH1,MAT-024,201.4629,62.0,12490.6991,163.9892,175.7027,43.0
2039,2025-05-08,PLT-OH1,MAT-025,95.6152,180.0,17210.7424,81.9946,87.8514,40.81
2040,2025-05-08,PLT-OH1,MAT-027,175.2284,4.5,788.5276,163.9892,175.7027,37.4
2041,2025-05-08,PLT-OH1,MAT-028,3602.6497,45.0,162119.2378,3279.784,3514.0543,38.45
2042,2025-05-08,PLT-OH1,MAT-029,94337.8318,2.8,264145.9291,81994.6009,87851.3581,40.27
2043,2025-05-08,PLT-OH1,MAT-030,212.7557,22.0,4680.6265,163.9892,175.7027,45.41
2044,2025-05-08,PLT-OH1,MAT-031,233.7447,15.0,3506.1699,245.9838,263.5541,33.26
2045,2025-05-08,PLT-OH1,MAT-032,104757.1744,5.5,576164.4592,81994.6009,87851.3581,44.72
2046,2025-05-08,PLT-OH1,MAT-038,326.7617,178.359,58280.8918,260.04,277.6103,46.49
2047,2025-05-08,PLT-OH1,MAT-039,217.7103,202.1605,44012.433,173.36,185.0735,46.47
2048,2025-05-08,PLT-OH1,MAT-040,51184.0108,29.6962,1519970.6217,44511.3548,48611.0848,43.7
2049,2025-05-08,PLT-OH1,MAT-047,90989.5807,3.2,291166.6583,81994.6009,87851.3581,38.84
2050,2025-05-08,PLT-OH1,MAT-048,96167.5234,1.8,173101.5422,81994.6009,87851.3581,41.05
2051,2025-05-08,PLT-OH1,MAT-049,881.4952,8.5,7492.7088,819.946,878.5136,37.63
2052,2025-05-08,PLT-OH1,MAT-050,834.6106,22.0,18361.4332,819.946,878.5136,35.63
2053,2025-05-15,PLT-AZ1,MAT-001,219935.572,27.593,6068682.2389,188811.8528,197021.0638,53.58
2054,2025-05-15,PLT-AZ1,MAT-002,217852.9151,22.017,4796467.6328,192916.4583,203177.972,53.08
2055,2025-05-15,PLT-AZ1,MAT-003,948248.4581,4.2603,4039822.9062,804502.677,861967.154,57.76
2056,2025-05-15,PLT-AZ1,MAT-004,4359.7694,87.8254,382898.4914,3940.4213,4227.7437,53.11
2057,2025-05-15,PLT-AZ1,MAT-005,2406.2743,329.4044,792637.332,1822.4448,1908.6416,97.71
2058,2025-05-15,PLT-AZ1,MAT-006,777.9538,205.1512,159598.1584,632.1092,673.1553,94.77
2059,2025-05-15,PLT-AZ1,MAT-007,1298.132,174.9688,227132.5905,997.4191,1065.1451,105.42
2060,2025-05-15,PLT-AZ1,MAT-008,393.3438,427.191,168032.9461,332.473,355.0484,95.83
2061,2025-05-15,PLT-AZ1,MAT-009,416.9496,94.8709,39556.388,324.2638,340.6823,101.58
2062,2025-05-15,PLT-AZ1,MAT-010,204.8213,9.7205,1990.9658,172.3934,186.7596,99.8
2063,2025-05-15,PLT-AZ1,MAT-011,313858.8061,6.6129,2075516.8992,311950.0176,332473.0451,38.23
2064,2025-05-15,PLT-AZ1,MAT-012,331352.897,4.1413,1372231.7525,295531.5956,307845.4121,40.36
2065,2025-05-15,PLT-AZ1,MAT-013,186477.3749,2.3057,429960.8834,147765.7978,153922.7061,45.43
2066,2025-05-15,PLT-AZ1,MAT-014,177798.3776,0.8624,153333.3208,151870.4033,162131.9171,43.32
2067,2025-05-15,PLT-AZ1,MAT-015,177240.3085,1.2162,215559.6632,160079.6143,174445.7335,43.18
2068,2025-05-15,PLT-AZ1,MAT-016,146178.9906,7.7857,1138105.7669,127242.7703,133399.6786,35.61
2069,2025-05-15,PLT-AZ1,MAT-017,161460.1732,2.3172,374135.5134,135451.9813,145713.4951,39.34
2070,2025-05-15,PLT-AZ1,MAT-018,664.4104,18.9273,12575.4953,574.6448,605.4293,32.37
2071,2025-05-15,PLT-AZ1,MAT-019,492167.0544,0.6792,334279.8634,381728.311,400199.0358,39.97
2072,2025-05-15,PLT-AZ1,MAT-020,386961.585,0.4353,168444.3779,348891.4671,379676.0083,37.71
2073,2025-05-15,PLT-AZ1,MAT-021,253445.3221,0.2967,75197.2271,206872.117,217954.5518,34.3
2074,2025-05-15,PLT-AZ1,MAT-022,1143.8374,99.6278,113958.0059,1017.9422,1083.6159,34.83
2075,2025-05-15,PLT-AZ1,MAT-023,1554.6961,143.5576,223188.4456,1416.0889,1539.2271,25.25
2076,2025-05-15,PLT-AZ1,MAT-024,198.7522,61.4043,12204.2374,172.3934,180.6026,24.21
2077,2025-05-15,PLT-AZ1,MAT-025,176.9215,180.0,31845.8753,143.6612,153.9227,43.1
2078,2025-05-15,PLT-AZ1,MAT-027,138.2417,4.5718,632.0133,172.3934,180.6026,16.84
2079,2025-05-15,PLT-AZ1,MAT-028,6414.8798,45.0,288669.5893,5746.4477,6156.9082,39.07
2080,2025-05-15,PLT-AZ1,MAT-029,136267.8305,2.8,381549.9253,143661.1923,153922.7061,33.2
2081,2025-05-15,PLT-AZ1,MAT-030,297.8226,22.0,6552.0977,287.3224,307.8454,36.28
2082,2025-05-15,PLT-AZ1,MAT-031,441.0376,15.0,6615.5633,430.9836,461.7681,35.82
2083,2025-05-15,PLT-AZ1,MAT-032,165522.1639,5.5,910371.9012,143661.1923,153922.7061,40.33
2084,2025-05-15,PLT-AZ1,MAT-038,619.2266,189.7163,117477.3778,529.4941,560.2787,50.29
2085,2025-05-15,PLT-AZ1,MAT-039,457.1752,217.3926,99386.4982,352.9961,373.5191,55.69
2086,2025-05-15,PLT-AZ1,MAT-040,112770.9936,30.0593,3389817.1292,90301.3209,96458.2291,54.95
2087,2025-05-15,PLT-AZ1,MAT-047,177111.5867,3.2,566757.0773,143661.1923,153922.7061,43.15
2088,2025-05-15,PLT-AZ1,MAT-048,175943.3193,1.8,316697.9747,143661.1923,153922.7061,42.86
2089,2025-05-15,PLT-AZ1,MAT-049,338.8023,8.4709,2869.9608,615.6908,656.7369,8.25
2090,2025-05-15,PLT-AZ1,MAT-050,1657.7892,22.0,36471.3633,1436.6119,1539.2271,40.39
2091,2025-05-15,PLT-OH2,MAT-001,255760.9016,27.4849,7029562.8044,224363.556,234118.4932,52.44
2092,2025-05-15,PLT-OH2,MAT-002,288471.0247,21.8027,6289447.2097,229241.0246,241434.6961,59.14
2093,2025-05-15,PLT-OH2,MAT-003,1211488.553,4.2428,5140103.6326,955983.8473,1024268.4079,62.1
2094,2025-05-15,PLT-OH2,MAT-004,5923.7841,87.7775,519974.962,4682.3699,5023.7927,60.73
2095,2025-05-15,PLT-OH2,MAT-005,2974.7535,335.0481,996685.5164,2546.0386,2780.1571,101.65
2096,2025-05-15,PLT-OH2,MAT-006,335.898,210.0,70538.5759,341.4228,365.8101,34.43
2097,2025-05-15,PLT-OH2,MAT-007,1506.1208,174.995,263563.6085,1185.2249,1265.7031,102.93
2098,2025-05-15,PLT-OH2,MAT-008,472.8437,429.3699,203024.8491,395.075,421.901,96.94
2099,2025-05-15,PLT-OH2,MAT-009,463.3645,101.4333,47000.5939,385.32,404.8299,95.0
2100,2025-05-15,PLT-OH2,MAT-010,231.8946,9.8968,2295.0142,204.8537,221.9248,95.09
2101,2025-05-15,PLT-OH2,MAT-011,457380.6242,6.8872,3150071.8349,370687.6143,395074.9573,46.89
2102,2025-05-15,PLT-OH2,MAT-012,403119.3559,3.9636,1597803.8791,351177.7398,365810.1457,41.32
2103,2025-05-15,PLT-OH2,MAT-013,208028.7506,2.3388,486537.6419,175588.8699,182905.0728,42.65
2104,2025-05-15,PLT-OH2,MAT-014,194768.3664,0.8842,172214.1896,180466.3385,192660.0101,39.93
2105,2025-05-15,PLT-OH2,MAT-015,184944.4656,1.2039,222654.6421,190221.2757,207292.4159,37.92
2106,2025-05-15,PLT-OH2,MAT-016,168174.7118,7.9279,1333272.2976,151201.5269,158517.7298,34.48
2107,2025-05-15,PLT-OH2,MAT-017,175663.4209,2.1744,381962.5425,160956.4641,173150.1356,36.02
2108,2025-05-15,PLT-OH2,MAT-018,992.2323,18.0,17860.1819,853.557,914.5254,40.69
2109,2025-05-15,PLT-OH2,MAT-019,498333.8548,0.6768,337272.353,453604.5806,475553.1894,34.06
2110,2025-05-15,PLT-OH2,MAT-020,504792.1142,0.436,220089.3618,414584.8318,451165.8463,41.4
2111,2025-05-15,PLT-OH2,MAT-021,318099.8691,0.28,89067.9634,307280.5224,329229.1311,36.23
2112,2025-05-15,PLT-OH2,MAT-022,1393.3618,102.9547,143453.1499,1170.5925,1229.1221,35.71
2113,2025-05-15,PLT-OH2,MAT-023,1366.7872,138.4548,189238.2501,1682.7267,1829.0507,18.68
2114,2025-05-15,PLT-OH2,MAT-024,267.8773,62.8156,16826.8753,204.8537,214.6086,27.46
2115,2025-05-15,PLT-OH2,MAT-025,185.9668,180.0,33474.0253,170.7114,182.9051,38.13
2116,2025-05-15,PLT-OH2,MAT-027,202.9833,4.5384,921.2196,204.8537,214.6086,20.81
2117,2025-05-15,PLT-OH2,MAT-028,8658.0003,45.0,389610.0144,6828.4561,7316.2029,44.38
2118,2025-05-15,PLT-OH2,MAT-029,191964.9417,2.8,537501.8368,170711.4013,182905.0728,39.36
2119,2025-05-15,PLT-OH2,MAT-030,377.0501,22.0,8295.1033,341.4228,365.8101,38.65
2120,2025-05-15,PLT-OH2,MAT-031,562.305,15.0,8434.5751,512.1342,548.7152,38.43
2121,2025-05-15,PLT-OH2,MAT-032,208821.4165,5.5,1148517.791,170711.4013,182905.0728,42.81
2122,2025-05-15,PLT-OH2,MAT-038,685.3814,177.4999,121655.1277,541.399,577.98,46.84
2123,2025-05-15,PLT-OH2,MAT-039,447.0041,210.363,94033.1244,360.9327,385.32,45.82
2124,2025-05-15,PLT-OH2,MAT-040,119497.8666,30.6366,3661008.3409,102426.8408,107304.3094,49.0
2125,2025-05-15,PLT-OH2,MAT-047,89867.0818,3.0756,276395.1969,87794.435,92671.9036,18.42
2126,2025-05-15,PLT-OH2,MAT-048,100235.0348,1.8132,181746.165,87794.435,92671.9036,20.55
2127,2025-05-15,PLT-OH2,MAT-049,403.4468,8.3142,3354.3376,731.6203,780.395,8.27
2128,2025-05-15,PLT-OH2,MAT-050,1133.0822,21.749,24643.4057,926.719,999.8811,23.23
2129,2025-05-15,PLT-OH1,MAT-001,134082.3246,28.8735,3871426.0003,107764.3326,112449.7383,57.23
2130,2025-05-15,PLT-OH1,MAT-002,140852.2586,21.9325,3089242.1622,110107.0354,115963.7927,60.12
2131,2025-05-15,PLT-OH1,MAT-003,561620.1745,4.2749,2400870.0838,459169.7648,491967.6052,59.93
2132,2025-05-15,PLT-OH1,MAT-004,2345.7559,88.4378,207453.4914,2248.9948,2412.984,50.07
2133,2025-05-15,PLT-OH1,MAT-005,536.1343,320.0,171562.9828,491.9676,527.1081,38.14
2134,2025-05-15,PLT-OH1,MAT-006,204.8237,210.0,43012.974,163.9892,175.7027,43.72
2135,2025-05-15,PLT-OH1,MAT-007,725.2376,180.8848,131184.4635,569.2768,607.9314,103.19
2136,2025-05-15,PLT-OH1,MAT-008,239.2749,418.6467,100171.6516,189.7589,202.6438,102.14
2137,2025-05-15,PLT-OH1,MAT-009,103.3849,95.0,9821.5654,81.9946,87.8514,44.13
2138,2025-05-15,PLT-OH1,MAT-010,114.9801,9.7412,1120.0437,98.3935,106.593,98.16
2139,2025-05-15,PLT-OH1,MAT-011,230939.2175,6.8227,1575628.9994,178045.419,189758.9334,49.29
2140,2025-05-15,PLT-OH1,MAT-012,220362.8518,3.998,881010.6813,168674.6075,175702.7161,47.03
2141,2025-05-15,PLT-OH1,MAT-013,107105.226,2.262,242272.0212,84337.3037,87851.3581,45.72
2142,2025-05-15,PLT-OH1,MAT-014,107126.9549,0.8528,91357.8672,86680.0066,92536.7638,45.73
2143,2025-05-15,PLT-OH1,MAT-015,101465.3949,1.2217,123960.2729,91365.4124,99564.8725,43.31
2144,2025-05-15,PLT-OH1,MAT-016,86216.9014,7.9901,688881.6642,72623.7893,76137.8437,36.8
2145,2025-05-15,PLT-OH1,MAT-017,86855.9749,2.2888,198795.9554,77309.1951,83165.9523,37.08
2146,2025-05-15,PLT-OH1,MAT-018,422.6803,19.689,8322.1528,327.9784,345.5487,36.08
2147,2025-05-15,PLT-OH1,MAT-019,264556.2161,0.6835,180824.1737,217871.368,228413.531,37.64
2148,2025-05-15,PLT-OH1,MAT-020,224008.122,0.4589,102797.3272,199129.745,216700.0166,38.25
2149,2025-05-15,PLT-OH1,MAT-021,162001.6392,0.2906,47077.6763,134939.686,147590.2816,38.42
2150,2025-05-15,PLT-OH1,MAT-022,688.6205,95.0,65418.9498,655.9568,702.8109,36.74
2151,2025-05-15,PLT-OH1,MAT-023,1307.9474,145.0,189652.3667,1229.919,1317.7704,37.22
2152,2025-05-15,PLT-OH1,MAT-024,181.0574,62.0,11225.5588,163.9892,175.7027,38.64
2153,2025-05-15,PLT-OH1,MAT-025,87.4925,180.0,15748.6507,81.9946,87.8514,37.35
2154,2025-05-15,PLT-OH1,MAT-027,188.6997,4.5,849.1486,163.9892,175.7027,40.27
2155,2025-05-15,PLT-OH1,MAT-028,3844.8885,45.0,173019.9841,3279.784,3514.0543,41.03
2156,2025-05-15,PLT-OH1,MAT-029,96852.3372,2.8,271186.5443,81994.6009,87851.3581,41.34
2157,2025-05-15,PLT-OH1,MAT-030,190.9968,22.0,4201.9289,163.9892,175.7027,40.76
2158,2025-05-15,PLT-OH1,MAT-031,262.4749,15.0,3937.1238,245.9838,263.5541,37.35
2159,2025-05-15,PLT-OH1,MAT-032,105126.5616,5.5,578196.0891,81994.6009,87851.3581,44.87
2160,2025-05-15,PLT-OH1,MAT-038,332.7862,178.359,59355.4135,260.04,277.6103,47.35
2161,2025-05-15,PLT-OH1,MAT-039,216.5352,202.1605,43774.8725,173.36,185.0735,46.21
2162,2025-05-15,PLT-OH1,MAT-040,46166.2174,29.6962,1370961.2242,44511.3548,48611.0848,39.41
2163,2025-05-15,PLT-OH1,MAT-047,83849.2652,3.2,268317.6487,81994.6009,87851.3581,35.79
2164,2025-05-15,PLT-OH1,MAT-048,100078.7563,1.8,180141.7614,81994.6009,87851.3581,42.72
2165,2025-05-15,PLT-OH1,MAT-049,927.3479,8.5,7882.4573,819.946,878.5136,39.58
2166,2025-05-15,PLT-OH1,MAT-050,894.0783,22.0,19669.7229,819.946,878.5136,38.16
2167,2025-05-22,PLT-AZ1,MAT-001,211247.5107,27.593,5828952.5631,188811.8528,197021.0638,51.47
2168,2025-05-22,PLT-AZ1,MAT-002,231488.2411,22.017,5096676.6045,192916.4583,203177.972,56.4
2169,2025-05-22,PLT-AZ1,MAT-003,988743.6176,4.2603,4212344.4339,804502.677,861967.154,60.22
2170,2025-05-22,PLT-AZ1,MAT-004,4161.5839,87.8254,365492.7667,3940.4213,4227.7437,50.69
2171,2025-05-22,PLT-AZ1,MAT-005,2311.3622,329.4044,761372.8824,1822.4448,1908.6416,93.85
2172,2025-05-22,PLT-AZ1,MAT-006,751.8056,205.1512,154233.8198,632.1092,673.1553,91.58
2173,2025-05-22,PLT-AZ1,MAT-007,1240.3192,174.9688,217017.1614,997.4191,1065.1451,100.73
2174,2025-05-22,PLT-AZ1,MAT-008,405.5015,427.191,173226.6039,332.473,355.0484,98.79
2175,2025-05-22,PLT-AZ1,MAT-009,423.0773,94.8709,40137.7279,324.2638,340.6823,103.07
2176,2025-05-22,PLT-AZ1,MAT-010,208.3657,9.7205,2025.4192,172.3934,186.7596,101.53
2177,2025-05-22,PLT-AZ1,MAT-011,337038.3268,6.6129,2228800.7515,311950.0176,332473.0451,41.06
2178,2025-05-22,PLT-AZ1,MAT-012,310780.8694,4.1413,1287036.8145,295531.5956,307845.4121,37.86
2179,2025-05-22,PLT-AZ1,MAT-013,191734.4681,2.3057,442082.1631,147765.7978,153922.7061,46.71
2180,2025-05-22,PLT-AZ1,MAT-014,182315.3787,0.8624,157228.7826,151870.4033,162131.9171,44.42
2181,2025-05-22,PLT-AZ1,MAT-015,185404.891,1.2162,225489.4284,160079.6143,174445.7335,45.17
2182,2025-05-22,PLT-AZ1,MAT-016,154548.6534,7.7857,1203269.4507,127242.7703,133399.6786,37.65
2183,2025-05-22,PLT-AZ1,MAT-017,163823.3292,2.3172,379611.4184,135451.9813,145713.4951,39.91
2184,2025-05-22,PLT-AZ1,MAT-018,592.8814,18.9273,11221.6446,574.6448,605.4293,28.89
2185,2025-05-22,PLT-AZ1,MAT-019,505375.1053,0.6792,343250.7715,381728.311,400199.0358,41.04
2186,2025-05-22,PLT-AZ1,MAT-020,397465.0882,0.4353,173016.5529,348891.4671,379676.0083,38.73
2187,2025-05-22,PLT-AZ1,MAT-021,260187.3398,0.2967,77197.5837,206872.117,217954.5518,35.22
2188,2025-05-22,PLT-AZ1,MAT-022,1037.7501,99.6278,103388.7629,1017.9422,1083.6159,31.6
2189,2025-05-22,PLT-AZ1,MAT-023,1606.1271,143.5576,230571.7532,1416.0889,1539.2271,26.09
2190,2025-05-22,PLT-AZ1,MAT-024,206.0816,61.4043,12654.2949,172.3934,180.6026,25.1
2191,2025-05-22,PLT-AZ1,MAT-025,182.719,180.0,32889.413,143.6612,153.9227,44.52
2192,2025-05-22,PLT-AZ1,MAT-027,173.8225,4.5718,794.6816,172.3934,180.6026,21.17
2193,2025-05-22,PLT-AZ1,MAT-028,6855.556,45.0,308500.0211,5746.4477,6156.9082,41.76
2194,2025-05-22,PLT-AZ1,MAT-029,152939.4488,2.8,428230.4567,143661.1923,153922.7061,37.26
2195,2025-05-22,PLT-AZ1,MAT-030,279.6548,22.0,6152.405,287.3224,307.8454,34.07
2196,2025-05-22,PLT-AZ1,MAT-031,414.0415,15.0,6210.6218,430.9836,461.7681,33.62
2197,2025-05-22,PLT-AZ1,MAT-032,170093.8115,5.5,935515.9634,143661.1923,153922.7061,41.44
2198,2025-05-22,PLT-AZ1,MAT-038,580.9232,189.7163,110210.5974,529.4941,560.2787,47.18
2199,2025-05-22,PLT-AZ1,MAT-039,463.4276,217.3926,100745.7347,352.9961,373.5191,56.45
2200,2025-05-22,PLT-AZ1,MAT-040,114969.7143,30.0593,3455909.1321,90301.3209,96458.2291,56.02
2201,2025-05-22,PLT-AZ1,MAT-047,180641.5351,3.2,578052.9123,143661.1923,153922.7061,44.01
2202,2025-05-22,PLT-AZ1,MAT-048,158969.7544,1.8,286145.5579,143661.1923,153922.7061,38.73
2203,2025-05-22,PLT-AZ1,MAT-049,459.0106,8.4709,3888.2332,615.6908,656.7369,11.18
2204,2025-05-22,PLT-AZ1,MAT-050,1696.5451,22.0,37323.9933,1436.6119,1539.2271,41.33
2205,2025-05-22,PLT-OH2,MAT-001,270051.5575,27.4849,7422340.0529,224363.556,234118.4932,55.37
2206,2025-05-22,PLT-OH2,MAT-002,295940.6268,21.8027,6452304.705,229241.0246,241434.6961,60.68
2207,2025-05-22,PLT-OH2,MAT-003,1121641.2387,4.2428,4758899.4476,955983.8473,1024268.4079,57.49
2208,2025-05-22,PLT-OH2,MAT-004,5849.912,87.7775,513490.6511,4682.3699,5023.7927,59.97
2209,2025-05-22,PLT-OH2,MAT-005,2881.5823,335.0481,965468.682,2546.0386,2780.1571,98.47
2210,2025-05-22,PLT-OH2,MAT-006,365.1019,210.0,76671.3972,341.4228,365.8101,37.43
2211,2025-05-22,PLT-OH2,MAT-007,1444.3972,174.995,252762.2946,1185.2249,1265.7031,98.71
2212,2025-05-22,PLT-OH2,MAT-008,459.9782,429.3699,197500.7969,395.075,421.901,94.31
2213,2025-05-22,PLT-OH2,MAT-009,483.3085,101.4333,49023.5785,385.32,404.8299,99.09
2214,2025-05-22,PLT-OH2,MAT-010,238.0526,9.8968,2355.9586,204.8537,221.9248,97.61
2215,2025-05-22,PLT-OH2,MAT-011,415528.8615,6.8872,2861830.3749,370687.6143,395074.9573,42.6
2216,2025-05-22,PLT-OH2,MAT-012,429715.6951,3.9636,1703221.1292,351177.7398,365810.1457,44.05
2217,2025-05-22,PLT-OH2,MAT-013,217089.1473,2.3388,507728.0976,175588.8699,182905.0728,44.51
2218,2025-05-22,PLT-OH2,MAT-014,207261.888,0.8842,183260.9614,180466.3385,192660.0101,42.49
2219,2025-05-22,PLT-OH2,MAT-015,201136.3527,1.2039,242148.055,190221.2757,207292.4159,41.24
2220,2025-05-22,PLT-OH2,MAT-016,155242.961,7.9279,1230750.6707,151201.5269,158517.7298,31.83
2221,2025-05-22,PLT-OH2,MAT-017,187549.5951,2.1744,407807.8395,160956.4641,173150.1356,38.45
2222,2025-05-22,PLT-OH2,MAT-018,1013.091,18.0,18235.6379,853.557,914.5254,41.54
2223,2025-05-22,PLT-OH2,MAT-019,458950.3657,0.6768,310617.6075,453604.5806,475553.1894,31.37
2224,2025-05-22,PLT-OH2,MAT-020,444635.8543,0.436,193861.2325,414584.8318,451165.8463,36.46
2225,2025-05-22,PLT-OH2,MAT-021,298219.2841,0.28,83501.3995,307280.5224,329229.1311,33.97
2226,2025-05-22,PLT-OH2,MAT-022,1449.3744,102.9547,149219.9058,1170.5925,1229.1221,37.14
2227,2025-05-22,PLT-OH2,MAT-023,1199.2403,138.4548,166040.5746,1682.7267,1829.0507,16.39
2228,2025-05-22,PLT-OH2,MAT-024,278.3088,62.8156,17482.1315,204.8537,214.6086,28.53
2229,2025-05-22,PLT-OH2,MAT-025,200.5159,180.0,36092.8535,170.7114,182.9051,41.11
2230,2025-05-22,PLT-OH2,MAT-027,220.5468,4.5384,1000.9294,204.8537,214.6086,22.61
2231,2025-05-22,PLT-OH2,MAT-028,8592.5926,45.0,386666.6664,6828.4561,7316.2029,44.04
2232,2025-05-22,PLT-OH2,MAT-029,177600.4418,2.8,497281.2369,170711.4013,182905.0728,36.41
2233,2025-05-22,PLT-OH2,MAT-030,347.9298,22.0,7654.455,341.4228,365.8101,35.67
2234,2025-05-22,PLT-OH2,MAT-031,589.7699,15.0,8846.5481,512.1342,548.7152,40.31
2235,2025-05-22,PLT-OH2,MAT-032,187715.2337,5.5,1032433.7853,170711.4013,182905.0728,38.49
2236,2025-05-22,PLT-OH2,MAT-038,621.853,177.4999,110378.846,541.399,577.98,42.5
2237,2025-05-22,PLT-OH2,MAT-039,456.5886,210.363,96049.3523,360.9327,385.32,46.81
2238,2025-05-22,PLT-OH2,MAT-040,124334.0206,30.6366,3809171.6547,102426.8408,107304.3094,50.98
2239,2025-05-22,PLT-OH2,MAT-047,94345.0703,3.0756,290167.6983,87794.435,92671.9036,19.34
2240,2025-05-22,PLT-OH2,MAT-048,104391.408,1.8132,189282.501,87794.435,92671.9036,21.4
2241,2025-05-22,PLT-OH2,MAT-049,570.8174,8.3142,4745.8901,731.6203,780.395,11.7
2242,2025-05-22,PLT-OH2,MAT-050,907.4492,21.749,19736.113,926.719,999.8811,18.6
2243,2025-05-22,PLT-OH1,MAT-001,138964.1947,28.8735,4012382.6753,107764.3326,112449.7383,59.32
2244,2025-05-22,PLT-OH1,MAT-002,130624.5155,21.9325,2864922.1864,110107.0354,115963.7927,55.76
2245,2025-05-22,PLT-OH1,MAT-003,561694.4816,4.2749,2401187.7395,459169.7648,491967.6052,59.94
2246,2025-05-22,PLT-OH1,MAT-004,2290.2426,88.4378,202544.0159,2248.9948,2412.984,48.88
2247,2025-05-22,PLT-OH1,MAT-005,569.4677,320.0,182229.6724,491.9676,527.1081,40.51
2248,2025-05-22,PLT-OH1,MAT-006,182.7738,210.0,38382.4876,163.9892,175.7027,39.01
2249,2025-05-22,PLT-OH1,MAT-007,696.9594,180.8848,126069.3573,569.2768,607.9314,99.17
2250,2025-05-22,PLT-OH1,MAT-008,242.4011,418.6467,101480.4182,189.7589,202.6438,103.47
2251,2025-05-22,PLT-OH1,MAT-009,92.2006,95.0,8759.0585,81.9946,87.8514,39.36
2252,2025-05-22,PLT-OH1,MAT-010,116.4161,9.7412,1134.0327,98.3935,106.593,99.39
2253,2025-05-22,PLT-OH1,MAT-011,232850.1419,6.8227,1588666.6634,178045.419,189758.9334,49.7
2254,2025-05-22,PLT-OH1,MAT-012,227295.0254,3.998,908725.5115,168674.6075,175702.7161,48.51
2255,2025-05-22,PLT-OH1,MAT-013,109969.5669,2.262,248751.1603,84337.3037,87851.3581,46.94
2256,2025-05-22,PLT-OH1,MAT-014,110471.944,0.8528,94210.4738,86680.0066,92536.7638,47.16
2257,2025-05-22,PLT-OH1,MAT-015,93795.339,1.2217,114589.7657,91365.4124,99564.8725,40.04
2258,2025-05-22,PLT-OH1,MAT-016,88847.2358,7.9901,709898.2988,72623.7893,76137.8437,37.93
2259,2025-05-22,PLT-OH1,MAT-017,78844.0072,2.2888,180458.1637,77309.1951,83165.9523,33.66
2260,2025-05-22,PLT-OH1,MAT-018,369.0194,19.689,7265.6223,327.9784,345.5487,31.5
2261,2025-05-22,PLT-OH1,MAT-019,270700.8683,0.6835,185024.0435,217871.368,228413.531,38.52
2262,2025-05-22,PLT-OH1,MAT-020,231859.9314,0.4589,106400.5225,199129.745,216700.0166,39.59
2263,2025-05-22,PLT-OH1,MAT-021,141381.5974,0.2906,41085.4922,134939.686,147590.2816,33.53
2264,2025-05-22,PLT-OH1,MAT-022,735.894,95.0,69909.9285,655.9568,702.8109,39.27
2265,2025-05-22,PLT-OH1,MAT-023,1398.8426,145.0,202832.1816,1229.919,1317.7704,39.81
2266,2025-05-22,PLT-OH1,MAT-024,190.6708,62.0,11821.5867,163.9892,175.7027,40.69
2267,2025-05-22,PLT-OH1,MAT-025,92.1487,180.0,16586.7735,81.9946,87.8514,39.33
2268,2025-05-22,PLT-OH1,MAT-027,195.1641,4.5,878.2386,163.9892,175.7027,41.65
2269,2025-05-22,PLT-OH1,MAT-028,3512.3419,45.0,158055.3847,3279.784,3514.0543,37.48
2270,2025-05-22,PLT-OH1,MAT-029,99481.8293,2.8,278549.122,81994.6009,87851.3581,42.46
2271,2025-05-22,PLT-OH1,MAT-030,195.5063,22.0,4301.1376,163.9892,175.7027,41.73
2272,2025-05-22,PLT-OH1,MAT-031,244.5882,15.0,3668.8226,245.9838,263.5541,34.8
2273,2025-05-22,PLT-OH1,MAT-032,103852.0721,5.5,571186.3963,81994.6009,87851.3581,44.33
2274,2025-05-22,PLT-OH1,MAT-038,300.2789,178.359,53557.4448,260.04,277.6103,42.73
2275,2025-05-22,PLT-OH1,MAT-039,220.1478,202.1605,44505.1871,173.36,185.0735,46.99
2276,2025-05-22,PLT-OH1,MAT-040,47752.8254,29.6962,1418077.4533,44511.3548,48611.0848,40.77
2277,2025-05-22,PLT-OH1,MAT-047,79267.9798,3.2,253657.5354,81994.6009,87851.3581,33.84
2278,2025-05-22,PLT-OH1,MAT-048,101251.3654,1.8,182252.4578,81994.6009,87851.3581,43.22
2279,2025-05-22,PLT-OH1,MAT-049,965.5988,8.5,8207.5895,819.946,878.5136,41.22
2280,2025-05-22,PLT-OH1,MAT-050,928.2028,22.0,20420.4624,819.946,878.5136,39.62
2281,2025-06-01,PLT-AZ1,MAT-001,106425.3758,27.593,2936595.3943,188811.8528,197021.0638,25.93
2282,2025-06-01,PLT-AZ1,MAT-002,219552.8895,22.017,4833895.9684,192916.4583,203177.972,53.49
2283,2025-06-01,PLT-AZ1,MAT-003,920224.4158,4.2603,3920432.0784,804502.677,861967.154,56.05
2284,2025-06-01,PLT-AZ1,MAT-004,4028.8269,87.8254,353833.3361,3940.4213,4227.7437,49.08
2285,2025-06-01,PLT-AZ1,MAT-005,1401.2878,329.4044,461590.3834,1822.4448,1908.6416,56.9
2286,2025-06-01,PLT-AZ1,MAT-006,432.3648,205.1512,88700.1564,632.1092,673.1553,52.67
2287,2025-06-01,PLT-AZ1,MAT-007,742.9655,174.9688,129995.7899,997.4191,1065.1451,60.34
2288,2025-06-01,PLT-AZ1,MAT-008,192.0294,427.191,82033.2388,332.473,355.0484,46.78
2289,2025-06-01,PLT-AZ1,MAT-009,423.5522,94.8709,40182.7786,324.2638,340.6823,103.19
2290,2025-06-01,PLT-AZ1,MAT-010,208.9948,9.7205,2031.5343,172.3934,186.7596,101.83
2291,2025-06-01,PLT-AZ1,MAT-011,356599.357,6.6129,2358155.8879,311950.0176,332473.0451,43.44
2292,2025-06-01,PLT-AZ1,MAT-012,188600.9229,4.1413,781053.002,295531.5956,307845.4121,22.97
2293,2025-06-01,PLT-AZ1,MAT-013,174198.9198,2.3057,401650.4495,147765.7978,153922.7061,42.44
2294,2025-06-01,PLT-AZ1,MAT-014,168065.1476,0.8624,144939.3833,151870.4033,162131.9171,40.95
2295,2025-06-01,PLT-AZ1,MAT-015,509672.388,1.2162,619863.5583,160079.6143,174445.7335,124.17
2296,2025-06-01,PLT-AZ1,MAT-016,419430.8941,7.7857,3265563.1124,127242.7703,133399.6786,102.19
2297,2025-06-01,PLT-AZ1,MAT-017,166620.4712,2.3172,386092.956,135451.9813,145713.4951,40.59
2298,2025-06-01,PLT-AZ1,MAT-018,357.7433,18.9273,6771.1148,574.6448,605.4293,17.43
2299,2025-06-01,PLT-AZ1,MAT-019,1179674.4847,0.6792,801234.91,381728.311,400199.0358,95.8
2300,2025-06-01,PLT-AZ1,MAT-020,1096729.8556,0.4353,477406.5061,348891.4671,379676.0083,106.88
2301,2025-06-01,PLT-AZ1,MAT-021,263021.7751,0.2967,78038.5607,206872.117,217954.5518,35.6
2302,2025-06-01,PLT-AZ1,MAT-022,1150.2284,99.6278,114594.724,1017.9422,1083.6159,35.03
2303,2025-06-01,PLT-AZ1,MAT-023,965.2612,143.5576,138570.5813,1416.0889,1539.2271,15.68
2304,2025-06-01,PLT-AZ1,MAT-024,208.9127,61.4043,12828.139,172.3934,180.6026,25.45
2305,2025-06-01,PLT-AZ1,MAT-025,163.9009,180.0,29502.1619,143.6612,153.9227,39.93
2306,2025-06-01,PLT-AZ1,MAT-027,122.0354,4.5718,557.9214,172.3934,180.6026,14.87
2307,2025-06-01,PLT-AZ1,MAT-028,6186.6651,45.0,278399.9274,5746.4477,6156.9082,37.68
2308,2025-06-01,PLT-AZ1,MAT-029,105947.0906,2.8,296651.8538,143661.1923,153922.7061,25.81
2309,2025-06-01,PLT-AZ1,MAT-030,934.7312,22.0,20564.0875,287.3224,307.8454,113.86
2310,2025-06-01,PLT-AZ1,MAT-031,463.0063,15.0,6945.0943,430.9836,461.7681,37.6
2311,2025-06-01,PLT-AZ1,MAT-032,170710.7316,5.5,938909.0235,143661.1923,153922.7061,41.59
2312,2025-06-01,PLT-AZ1,MAT-038,358.0055,189.7163,67919.4757,529.4941,560.2787,29.07
2313,2025-06-01,PLT-AZ1,MAT-039,457.6766,217.3926,99495.5104,352.9961,373.5191,55.75
2314,2025-06-01,PLT-AZ1,MAT-040,116446.7467,30.0593,3500307.6939,90301.3209,96458.2291,56.74
2315,2025-06-01,PLT-AZ1,MAT-047,182505.8184,3.2,584018.6187,143661.1923,153922.7061,44.46
2316,2025-06-01,PLT-AZ1,MAT-048,108876.2103,1.8,195977.1785,143661.1923,153922.7061,26.53
2317,2025-06-01,PLT-AZ1,MAT-049,470.8962,8.4709,3988.9147,615.6908,656.7369,11.47
2318,2025-06-01,PLT-AZ1,MAT-050,1747.2306,22.0,38439.0729,1436.6119,1539.2271,42.57
2319,2025-06-01,PLT-OH2,MAT-001,140348.041,27.4849,3857451.8715,224363.556,234118.4932,28.77
2320,2025-06-01,PLT-OH2,MAT-002,275600.1415,21.8027,6008827.2051,229241.0246,241434.6961,56.5
2321,2025-06-01,PLT-OH2,MAT-003,1143168.1727,4.2428,4850233.9232,955983.8473,1024268.4079,58.59
2322,2025-06-01,PLT-OH2,MAT-004,5422.1215,87.7775,475940.2702,4682.3699,5023.7927,55.58
2323,2025-06-01,PLT-OH2,MAT-005,1658.9547,335.0481,555829.6072,2546.0386,2780.1571,56.69
2324,2025-06-01,PLT-OH2,MAT-006,211.559,210.0,44427.3997,341.4228,365.8101,21.69
2325,2025-06-01,PLT-OH2,MAT-007,736.15,174.995,128822.5655,1185.2249,1265.7031,50.31
2326,2025-06-01,PLT-OH2,MAT-008,286.7137,429.3699,123106.252,395.075,421.901,58.78
2327,2025-06-01,PLT-OH2,MAT-009,497.6617,101.4333,50479.4715,385.32,404.8299,102.03
2328,2025-06-01,PLT-OH2,MAT-010,662.0644,9.8968,6552.3193,204.8537,221.9248,271.48
2329,2025-06-01,PLT-OH2,MAT-011,292051.5548,6.8872,2011417.4682,370687.6143,395074.9573,29.94
2330,2025-06-01,PLT-OH2,MAT-012,1138052.9557,3.9636,4510786.6951,351177.7398,365810.1457,116.66
2331,2025-06-01,PLT-OH2,MAT-013,224130.6632,2.3388,524196.7951,175588.8699,182905.0728,45.95
2332,2025-06-01,PLT-OH2,MAT-014,216756.2603,0.8842,191655.8853,180466.3385,192660.0101,44.44
2333,2025-06-01,PLT-OH2,MAT-015,187220.0898,1.2039,225394.2661,190221.2757,207292.4159,38.38
2334,2025-06-01,PLT-OH2,MAT-016,146950.7968,7.9279,1165011.2221,151201.5269,158517.7298,30.13
2335,2025-06-01,PLT-OH2,MAT-017,113873.2309,2.1744,247605.9533,160956.4641,173150.1356,23.35
2336,2025-06-01,PLT-OH2,MAT-018,487.3031,18.0,8771.4552,853.557,914.5254,19.98
2337,2025-06-01,PLT-OH2,MAT-019,433236.3151,0.6768,293214.338,453604.5806,475553.1894,29.61
2338,2025-06-01,PLT-OH2,MAT-020,453200.3512,0.436,197595.3531,414584.8318,451165.8463,37.17
2339,2025-06-01,PLT-OH2,MAT-021,199977.7854,0.28,55993.7799,307280.5224,329229.1311,22.78
2340,2025-06-01,PLT-OH2,MAT-022,889.0856,102.9547,91535.5391,1170.5925,1229.1221,22.79
2341,2025-06-01,PLT-OH2,MAT-023,1145.6868,138.4548,158625.842,1682.7267,1829.0507,15.66
2342,2025-06-01,PLT-OH2,MAT-024,155.6709,62.8156,9778.5593,204.8537,214.6086,15.96
2343,2025-06-01,PLT-OH2,MAT-025,126.3513,180.0,22743.2265,170.7114,182.9051,25.91
2344,2025-06-01,PLT-OH2,MAT-027,627.8219,4.5384,2849.3069,204.8537,214.6086,64.36
2345,2025-06-01,PLT-OH2,MAT-028,4597.9712,45.0,206908.7027,6828.4561,7316.2029,23.57
2346,2025-06-01,PLT-OH2,MAT-029,538247.013,2.8,1507091.6363,170711.4013,182905.0728,110.35
2347,2025-06-01,PLT-OH2,MAT-030,366.7568,22.0,8068.6486,341.4228,365.8101,37.6
2348,2025-06-01,PLT-OH2,MAT-031,369.8886,15.0,5548.3293,512.1342,548.7152,25.28
2349,2025-06-01,PLT-OH2,MAT-032,119443.7839,5.5,656940.8115,170711.4013,182905.0728,24.49
2350,2025-06-01,PLT-OH2,MAT-038,415.717,177.4999,73789.7282,541.399,577.98,28.41
2351,2025-06-01,PLT-OH2,MAT-039,1125.0402,210.363,236666.8376,360.9327,385.32,115.33
2352,2025-06-01,PLT-OH2,MAT-040,61692.3053,30.6366,1890042.481,102426.8408,107304.3094,25.3
2353,2025-06-01,PLT-OH2,MAT-047,100919.3502,3.0756,310387.5536,87794.435,92671.9036,20.69
2354,2025-06-01,PLT-OH2,MAT-048,82535.1596,1.8132,149652.7514,87794.435,92671.9036,16.92
2355,2025-06-01,PLT-OH2,MAT-049,486.7784,8.3142,4047.1733,731.6203,780.395,9.98
2356,2025-06-01,PLT-OH2,MAT-050,1004.2275,21.749,21840.9444,926.719,999.8811,20.59
2357,2025-06-01,PLT-OH1,MAT-001,140868.0818,28.8735,4067354.561,107764.3326,112449.7383,60.13
2358,2025-06-01,PLT-OH1,MAT-002,125010.9899,21.9325,2741803.537,110107.0354,115963.7927,53.36
2359,2025-06-01,PLT-OH1,MAT-003,568653.5576,4.2749,2430937.0934,459169.7648,491967.6052,60.68
2360,2025-06-01,PLT-OH1,MAT-004,1347.9168,88.4378,119206.7967,2248.9948,2412.984,28.77
2361,2025-06-01,PLT-OH1,MAT-005,377.5543,320.0,120817.3719,491.9676,527.1081,26.86
2362,2025-06-01,PLT-OH1,MAT-006,94.854,210.0,19919.3405,163.9892,175.7027,20.24
2363,2025-06-01,PLT-OH1,MAT-007,439.1263,180.8848,79431.2721,569.2768,607.9314,62.48
2364,2025-06-01,PLT-OH1,MAT-008,127.8588,418.6467,53527.6795,189.7589,202.6438,54.58
2365,2025-06-01,PLT-OH1,MAT-009,57.9326,95.0,5503.5938,81.9946,87.8514,24.73
2366,2025-06-01,PLT-OH1,MAT-010,67.0205,9.7412,652.8599,98.3935,106.593,57.22
2367,2025-06-01,PLT-OH1,MAT-011,104150.5784,6.8227,710588.1513,178045.419,189758.9334,22.23
2368,2025-06-01,PLT-OH1,MAT-012,129635.5042,3.998,518282.7456,168674.6075,175702.7161,27.67
2369,2025-06-01,PLT-OH1,MAT-013,100438.9276,2.262,227192.8541,84337.3037,87851.3581,42.87
2370,2025-06-01,PLT-OH1,MAT-014,266922.0501,0.8528,227631.1243,86680.0066,92536.7638,113.94
2371,2025-06-01,PLT-OH1,MAT-015,99790.5484,1.2217,121914.113,91365.4124,99564.8725,42.6
2372,2025-06-01,PLT-OH1,MAT-016,93473.0282,7.9901,746858.8423,72623.7893,76137.8437,39.9
2373,2025-06-01,PLT-OH1,MAT-017,53416.989,2.2888,122260.8045,77309.1951,83165.9523,22.8
2374,2025-06-01,PLT-OH1,MAT-018,335.7621,19.689,6610.8205,327.9784,345.5487,28.66
2375,2025-06-01,PLT-OH1,MAT-019,281694.9969,0.6835,192538.5304,217871.368,228413.531,40.08
2376,2025-06-01,PLT-OH1,MAT-020,128003.2539,0.4589,58740.6932,199129.745,216700.0166,21.86
2377,2025-06-01,PLT-OH1,MAT-021,94610.1872,0.2906,27493.7204,134939.686,147590.2816,22.44
2378,2025-06-01,PLT-OH1,MAT-022,2078.0892,95.0,197418.4749,655.9568,702.8109,110.88
2379,2025-06-01,PLT-OH1,MAT-023,741.216,145.0,107476.3143,1229.919,1317.7704,21.09
2380,2025-06-01,PLT-OH1,MAT-024,513.7034,62.0,31849.6132,163.9892,175.7027,109.64
2381,2025-06-01,PLT-OH1,MAT-025,60.4047,180.0,10872.8441,81.9946,87.8514,25.78
2382,2025-06-01,PLT-OH1,MAT-027,541.008,4.5,2434.5361,163.9892,175.7027,115.47
2383,2025-06-01,PLT-OH1,MAT-028,3233.0968,45.0,145489.3559,3279.784,3514.0543,34.5
2384,2025-06-01,PLT-OH1,MAT-029,100240.8928,2.8,280674.4997,81994.6009,87851.3581,42.79
2385,2025-06-01,PLT-OH1,MAT-030,97.5418,22.0,2145.9204,163.9892,175.7027,20.82
2386,2025-06-01,PLT-OH1,MAT-031,261.146,15.0,3917.1899,245.9838,263.5541,37.16
2387,2025-06-01,PLT-OH1,MAT-032,264462.6108,5.5,1454544.3593,81994.6009,87851.3581,112.89
2388,2025-06-01,PLT-OH1,MAT-038,806.0765,178.359,143770.9897,260.04,277.6103,114.69
2389,2025-06-01,PLT-OH1,MAT-039,99.4154,202.1605,20097.8616,173.36,185.0735,21.22
2390,2025-06-01,PLT-OH1,MAT-040,44065.7335,29.6962,1308584.8342,44511.3548,48611.0848,37.62
2391,2025-06-01,PLT-OH1,MAT-047,85392.6009,3.2,273256.323,81994.6009,87851.3581,36.45
2392,2025-06-01,PLT-OH1,MAT-048,101718.094,1.8,183092.5692,81994.6009,87851.3581,43.42
2393,2025-06-01,PLT-OH1,MAT-049,886.3155,8.5,7533.6814,819.946,878.5136,37.83
2394,2025-06-01,PLT-OH1,MAT-050,509.2249,22.0,11202.9483,819.946,878.5136,21.74
