demand_id,demand_date,plant_id,material_id,customer_id,product_id,required_qty,demand_type
1,2025-01-01,PLT-OH1,,CUST-001,FS7-500W,315,Customer Order
2,2025-01-02,PLT-OH1,,CUST-001,FS7-500W,325,Customer Order
3,2025-01-03,PLT-OH1,,CUST-001,FS7-500W,279,Customer Order
4,2025-01-06,PLT-OH1,,CUST-001,FS7-500W,330,Customer Order
5,2025-01-07,PLT-OH1,,CUST-001,FS7-500W,341,Customer Order
6,2025-01-08,PLT-OH1,,CUST-001,FS7-500W,278,Customer Order
7,2025-01-09,PLT-OH1,,CUST-001,FS7-500W,272,Customer Order
8,2025-01-10,PLT-OH1,,CUST-001,FS7-500W,293,Customer Order
9,2025-01-13,PLT-OH1,,CUST-001,FS7-500W,320,Customer Order
10,2025-01-14,PLT-OH1,,CUST-001,FS7-500W,341,Customer Order
11,2025-01-15,PLT-OH1,,CUST-001,FS7-500W,299,Customer Order
12,2025-01-16,PLT-OH1,,CUST-001,FS7-500W,323,Customer Order
13,2025-01-17,PLT-OH1,,CUST-001,FS7-500W,276,Customer Order
14,2025-01-20,PLT-OH1,,CUST-001,FS7-500W,321,Customer Order
15,2025-01-21,PLT-OH1,,CUST-001,FS7-500W,316,Customer Order
16,2025-01-22,PLT-OH1,,CUST-001,FS7-500W,278,Customer Order
17,2025-01-23,PLT-OH1,,CUST-001,FS7-500W,327,Customer Order
18,2025-01-24,PLT-OH1,,CUST-001,FS7-500W,333,Customer Order
19,2025-01-27,PLT-OH1,,CUST-001,FS7-500W,314,Customer Order
20,2025-01-28,PLT-OH1,,CUST-001,FS7-500W,279,Customer Order
21,2025-01-29,PLT-OH1,,CUST-001,FS7-500W,343,Customer Order
22,2025-01-30,PLT-OH1,,CUST-001,FS7-500W,328,Customer Order
23,2025-01-31,PLT-OH1,,CUST-001,FS7-500W,296,Customer Order
24,2025-02-03,PLT-OH1,,CUST-001,FS7-500W,315,Customer Order
25,2025-02-04,PLT-OH1,,CUST-001,FS7-500W,310,Customer Order
26,2025-02-05,PLT-OH1,,CUST-001,FS7-500W,321,Customer Order
27,2025-02-06,PLT-OH1,,CUST-001,FS7-500W,308,Customer Order
28,2025-02-07,PLT-OH1,,CUST-001,FS7-500W,347,Customer Order
29,2025-02-10,PLT-OH1,,CUST-001,FS7-500W,345,Customer Order
30,2025-02-11,PLT-OH1,,CUST-001,FS7-500W,290,Customer Order
31,2025-02-12,PLT-OH1,,CUST-001,FS7-500W,355,Customer Order
32,2025-02-13,PLT-OH1,,CUST-001,FS7-500W,331,Customer Order
33,2025-02-14,PLT-OH1,,CUST-001,FS7-500W,345,Customer Order
34,2025-02-17,PLT-OH1,,CUST-001,FS7-500W,336,Customer Order
35,2025-02-18,PLT-OH1,,CUST-001,FS7-500W,315,Customer Order
36,2025-02-19,PLT-OH1,,CUST-001,FS7-500W,338,Customer Order
37,2025-02-20,PLT-OH1,,CUST-001,FS7-500W,356,Customer Order
38,2025-02-21,PLT-OH1,,CUST-001,FS7-500W,302,Customer Order
39,2025-02-24,PLT-OH1,,CUST-001,FS7-500W,344,Customer Order
40,2025-02-25,PLT-OH1,,CUST-001,FS7-500W,323,Customer Order
41,2025-02-26,PLT-OH1,,CUST-001,FS7-500W,319,Customer Order
42,2025-02-27,PLT-OH1,,CUST-001,FS7-500W,315,Customer Order
43,2025-02-28,PLT-OH1,,CUST-001,FS7-500W,338,Customer Order
44,2025-03-03,PLT-OH1,,CUST-001,FS7-500W,312,Customer Order
45,2025-03-04,PLT-OH1,,CUST-001,FS7-500W,358,Customer Order
46,2025-03-05,PLT-OH1,,CUST-001,FS7-500W,356,Customer Order
47,2025-03-06,PLT-OH1,,CUST-001,FS7-500W,297,Customer Order
48,2025-03-07,PLT-OH1,,CUST-001,FS7-500W,360,Customer Order
49,2025-03-10,PLT-OH1,,CUST-001,FS7-500W,310,Customer Order
50,2025-03-11,PLT-OH1,,CUST-001,FS7-500W,327,Customer Order
51,2025-03-12,PLT-OH1,,CUST-001,FS7-500W,339,Customer Order
52,2025-03-13,PLT-OH1,,CUST-001,FS7-500W,320,Customer Order
53,2025-03-14,PLT-OH1,,CUST-001,FS7-500W,293,Customer Order
54,2025-03-17,PLT-OH1,,CUST-001,FS7-500W,358,Customer Order
55,2025-03-18,PLT-OH1,,CUST-001,FS7-500W,305,Customer Order
56,2025-03-19,PLT-OH1,,CUST-001,FS7-500W,307,Customer Order
57,2025-03-20,PLT-OH1,,CUST-001,FS7-500W,354,Customer Order
58,2025-03-21,PLT-OH1,,CUST-001,FS7-500W,317,Customer Order
59,2025-03-24,PLT-OH1,,CUST-001,FS7-500W,360,Customer Order
60,2025-03-25,PLT-OH1,,CUST-001,FS7-500W,346,Customer Order
61,2025-03-26,PLT-OH1,,CUST-001,FS7-500W,312,Customer Order
62,2025-03-27,PLT-OH1,,CUST-001,FS7-500W,291,Customer Order
63,2025-03-28,PLT-OH1,,CUST-001,FS7-500W,365,Customer Order
64,2025-03-31,PLT-OH1,,CUST-001,FS7-500W,297,Customer Order
65,2025-04-01,PLT-OH1,,CUST-001,FS7-500W,382,Customer Order
66,2025-04-02,PLT-OH1,,CUST-001,FS7-500W,362,Forecast
67,2025-04-03,PLT-OH1,,CUST-001,FS7-500W,385,Forecast
68,2025-04-04,PLT-OH1,,CUST-001,FS7-500W,380,Forecast
69,2025-04-07,PLT-OH1,,CUST-001,FS7-500W,376,Forecast
70,2025-04-08,PLT-OH1,,CUST-001,FS7-500W,362,Forecast
71,2025-04-09,PLT-OH1,,CUST-001,FS7-500W,389,Forecast
72,2025-04-10,PLT-OH1,,CUST-001,FS7-500W,328,Forecast
73,2025-04-11,PLT-OH1,,CUST-001,FS7-500W,339,Forecast
74,2025-04-14,PLT-OH1,,CUST-001,FS7-500W,380,Forecast
75,2025-04-15,PLT-OH1,,CUST-001,FS7-500W,346,Forecast
76,2025-04-16,PLT-OH1,,CUST-001,FS7-500W,370,Forecast
77,2025-04-17,PLT-OH1,,CUST-001,FS7-500W,361,Forecast
78,2025-04-18,PLT-OH1,,CUST-001,FS7-500W,366,Forecast
79,2025-04-21,PLT-OH1,,CUST-001,FS7-500W,357,Forecast
80,2025-04-22,PLT-OH1,,CUST-001,FS7-500W,384,Forecast
81,2025-04-23,PLT-OH1,,CUST-001,FS7-500W,348,Forecast
82,2025-04-24,PLT-OH1,,CUST-001,FS7-500W,381,Forecast
83,2025-04-25,PLT-OH1,,CUST-001,FS7-500W,343,Forecast
84,2025-04-28,PLT-OH1,,CUST-001,FS7-500W,341,Forecast
85,2025-04-29,PLT-OH1,,CUST-001,FS7-500W,330,Forecast
86,2025-04-30,PLT-OH1,,CUST-001,FS7-500W,336,Forecast
87,2025-05-01,PLT-OH1,,CUST-001,FS7-500W,330,Forecast
88,2025-05-02,PLT-OH1,,CUST-001,FS7-500W,366,Forecast
89,2025-05-05,PLT-OH1,,CUST-001,FS7-500W,386,Forecast
90,2025-05-06,PLT-OH1,,CUST-001,FS7-500W,336,Forecast
91,2025-05-07,PLT-OH1,,CUST-001,FS7-500W,338,Forecast
92,2025-05-08,PLT-OH1,,CUST-001,FS7-500W,362,Forecast
93,2025-05-09,PLT-OH1,,CUST-001,FS7-500W,383,Forecast
94,2025-05-12,PLT-OH1,,CUST-001,FS7-500W,405,Forecast
95,2025-05-13,PLT-OH1,,CUST-001,FS7-500W,365,Forecast
96,2025-05-14,PLT-OH1,,CUST-001,FS7-500W,344,Forecast
97,2025-05-15,PLT-OH1,,CUST-001,FS7-500W,328,Forecast
98,2025-05-16,PLT-OH1,,CUST-001,FS7-500W,336,Forecast
99,2025-05-19,PLT-OH1,,CUST-001,FS7-500W,339,Forecast
100,2025-05-20,PLT-OH1,,CUST-001,FS7-500W,335,Forecast
101,2025-05-21,PLT-OH1,,CUST-001,FS7-500W,321,Forecast
102,2025-05-22,PLT-OH1,,CUST-001,FS7-500W,366,Forecast
103,2025-05-23,PLT-OH1,,CUST-001,FS7-500W,343,Forecast
104,2025-05-26,PLT-OH1,,CUST-001,FS7-500W,404,Forecast
105,2025-05-27,PLT-OH1,,CUST-001,FS7-500W,368,Forecast
106,2025-05-28,PLT-OH1,,CUST-001,FS7-500W,380,Forecast
107,2025-05-29,PLT-OH1,,CUST-001,FS7-500W,330,Forecast
108,2025-05-30,PLT-OH1,,CUST-001,FS7-500W,395,Forecast
109,2025-06-02,PLT-OH1,,CUST-001,FS7-500W,342,Forecast
110,2025-06-03,PLT-OH1,,CUST-001,FS7-500W,374,Forecast
111,2025-06-04,PLT-OH1,,CUST-001,FS7-500W,349,Forecast
112,2025-06-05,PLT-OH1,,CUST-001,FS7-500W,341,Forecast
113,2025-06-06,PLT-OH1,,CUST-001,FS7-500W,338,Forecast
114,2025-06-09,PLT-OH1,,CUST-001,FS7-500W,317,Forecast
115,2025-06-10,PLT-OH1,,CUST-001,FS7-500W,306,Forecast
116,2025-06-11,PLT-OH1,,CUST-001,FS7-500W,380,Forecast
117,2025-06-12,PLT-OH1,,CUST-001,FS7-500W,341,Forecast
118,2025-06-13,PLT-OH1,,CUST-001,FS7-500W,370,Forecast
119,2025-06-16,PLT-OH1,,CUST-001,FS7-500W,335,Forecast
120,2025-06-17,PLT-OH1,,CUST-001,FS7-500W,308,Forecast
121,2025-06-18,PLT-OH1,,CUST-001,FS7-500W,354,Forecast
122,2025-06-19,PLT-OH1,,CUST-001,FS7-500W,306,Forecast
123,2025-06-20,PLT-OH1,,CUST-001,FS7-500W,314,Forecast
124,2025-06-23,PLT-OH1,,CUST-001,FS7-500W,348,Forecast
125,2025-06-24,PLT-OH1,,CUST-001,FS7-500W,327,Forecast
126,2025-06-25,PLT-OH1,,CUST-001,FS7-500W,384,Forecast
127,2025-06-26,PLT-OH1,,CUST-001,FS7-500W,312,Forecast
128,2025-06-27,PLT-OH1,,CUST-001,FS7-500W,365,Forecast
129,2025-06-30,PLT-OH1,,CUST-001,FS7-500W,352,Forecast
130,2025-01-01,PLT-OH1,,CUST-001,FS7-500W,404,Customer Order
131,2025-01-02,PLT-OH1,,CUST-001,FS7-500W,353,Customer Order
132,2025-01-03,PLT-OH1,,CUST-001,FS7-500W,380,Customer Order
133,2025-01-06,PLT-OH1,,CUST-001,FS7-500W,373,Customer Order
134,2025-01-07,PLT-OH1,,CUST-001,FS7-500W,372,Customer Order
135,2025-01-08,PLT-OH1,,CUST-001,FS7-500W,410,Customer Order
136,2025-01-09,PLT-OH1,,CUST-001,FS7-500W,422,Customer Order
137,2025-01-10,PLT-OH1,,CUST-001,FS7-500W,360,Customer Order
138,2025-01-13,PLT-OH1,,CUST-001,FS7-500W,389,Customer Order
139,2025-01-14,PLT-OH1,,CUST-001,FS7-500W,388,Customer Order
140,2025-01-15,PLT-OH1,,CUST-001,FS7-500W,399,Customer Order
141,2025-01-16,PLT-OH1,,CUST-001,FS7-500W,418,Customer Order
142,2025-01-17,PLT-OH1,,CUST-001,FS7-500W,351,Customer Order
143,2025-01-20,PLT-OH1,,CUST-001,FS7-500W,351,Customer Order
144,2025-01-21,PLT-OH1,,CUST-001,FS7-500W,392,Customer Order
145,2025-01-22,PLT-OH1,,CUST-001,FS7-500W,347,Customer Order
146,2025-01-23,PLT-OH1,,CUST-001,FS7-500W,348,Customer Order
147,2025-01-24,PLT-OH1,,CUST-001,FS7-500W,339,Customer Order
148,2025-01-27,PLT-OH1,,CUST-001,FS7-500W,333,Customer Order
149,2025-01-28,PLT-OH1,,CUST-001,FS7-500W,373,Customer Order
150,2025-01-29,PLT-OH1,,CUST-001,FS7-500W,386,Customer Order
151,2025-01-30,PLT-OH1,,CUST-001,FS7-500W,359,Customer Order
152,2025-01-31,PLT-OH1,,CUST-001,FS7-500W,353,Customer Order
153,2025-02-03,PLT-OH1,,CUST-001,FS7-500W,413,Customer Order
154,2025-02-04,PLT-OH1,,CUST-001,FS7-500W,413,Customer Order
155,2025-02-05,PLT-OH1,,CUST-001,FS7-500W,389,Customer Order
156,2025-02-06,PLT-OH1,,CUST-001,FS7-500W,412,Customer Order
157,2025-02-07,PLT-OH1,,CUST-001,FS7-500W,434,Customer Order
158,2025-02-10,PLT-OH1,,CUST-001,FS7-500W,421,Customer Order
159,2025-02-11,PLT-OH1,,CUST-001,FS7-500W,406,Customer Order
160,2025-02-12,PLT-OH1,,CUST-001,FS7-500W,409,Customer Order
161,2025-02-13,PLT-OH1,,CUST-001,FS7-500W,435,Customer Order
162,2025-02-14,PLT-OH1,,CUST-001,FS7-500W,387,Customer Order
163,2025-02-17,PLT-OH1,,CUST-001,FS7-500W,398,Customer Order
164,2025-02-18,PLT-OH1,,CUST-001,FS7-500W,408,Customer Order
165,2025-02-19,PLT-OH1,,CUST-001,FS7-500W,432,Customer Order
166,2025-02-20,PLT-OH1,,CUST-001,FS7-500W,425,Customer Order
167,2025-02-21,PLT-OH1,,CUST-001,FS7-500W,353,Customer Order
168,2025-02-24,PLT-OH1,,CUST-001,FS7-500W,362,Customer Order
169,2025-02-25,PLT-OH1,,CUST-001,FS7-500W,376,Customer Order
170,2025-02-26,PLT-OH1,,CUST-001,FS7-500W,417,Customer Order
171,2025-02-27,PLT-OH1,,CUST-001,FS7-500W,400,Customer Order
172,2025-02-28,PLT-OH1,,CUST-001,FS7-500W,374,Customer Order
173,2025-03-03,PLT-OH1,,CUST-001,FS7-500W,369,Customer Order
174,2025-03-04,PLT-OH1,,CUST-001,FS7-500W,424,Customer Order
175,2025-03-05,PLT-OH1,,CUST-001,FS7-500W,425,Customer Order
176,2025-03-06,PLT-OH1,,CUST-001,FS7-500W,449,Customer Order
177,2025-03-07,PLT-OH1,,CUST-001,FS7-500W,406,Customer Order
178,2025-03-10,PLT-OH1,,CUST-001,FS7-500W,405,Customer Order
179,2025-03-11,PLT-OH1,,CUST-001,FS7-500W,365,Customer Order
180,2025-03-12,PLT-OH1,,CUST-001,FS7-500W,361,Customer Order
181,2025-03-13,PLT-OH1,,CUST-001,FS7-500W,399,Customer Order
182,2025-03-14,PLT-OH1,,CUST-001,FS7-500W,389,Customer Order
183,2025-03-17,PLT-OH1,,CUST-001,FS7-500W,382,Customer Order
184,2025-03-18,PLT-OH1,,CUST-001,FS7-500W,366,Customer Order
185,2025-03-19,PLT-OH1,,CUST-001,FS7-500W,451,Customer Order
186,2025-03-20,PLT-OH1,,CUST-001,FS7-500W,439,Customer Order
187,2025-03-21,PLT-OH1,,CUST-001,FS7-500W,413,Customer Order
188,2025-03-24,PLT-OH1,,CUST-001,FS7-500W,450,Customer Order
189,2025-03-25,PLT-OH1,,CUST-001,FS7-500W,455,Customer Order
190,2025-03-26,PLT-OH1,,CUST-001,FS7-500W,423,Customer Order
191,2025-03-27,PLT-OH1,,CUST-001,FS7-500W,384,Customer Order
192,2025-03-28,PLT-OH1,,CUST-001,FS7-500W,361,Customer Order
193,2025-03-31,PLT-OH1,,CUST-001,FS7-500W,431,Customer Order
194,2025-04-01,PLT-OH1,,CUST-001,FS7-500W,443,Customer Order
195,2025-04-02,PLT-OH1,,CUST-001,FS7-500W,463,Forecast
196,2025-04-03,PLT-OH1,,CUST-001,FS7-500W,491,Forecast
197,2025-04-04,PLT-OH1,,CUST-001,FS7-500W,412,Forecast
198,2025-04-07,PLT-OH1,,CUST-001,FS7-500W,456,Forecast
199,2025-04-08,PLT-OH1,,CUST-001,FS7-500W,461,Forecast
200,2025-04-09,PLT-OH1,,CUST-001,FS7-500W,446,Forecast
201,2025-04-10,PLT-OH1,,CUST-001,FS7-500W,403,Forecast
202,2025-04-11,PLT-OH1,,CUST-001,FS7-500W,430,Forecast
203,2025-04-14,PLT-OH1,,CUST-001,FS7-500W,429,Forecast
204,2025-04-15,PLT-OH1,,CUST-001,FS7-500W,465,Forecast
205,2025-04-16,PLT-OH1,,CUST-001,FS7-500W,485,Forecast
206,2025-04-17,PLT-OH1,,CUST-001,FS7-500W,428,Forecast
207,2025-04-18,PLT-OH1,,CUST-001,FS7-500W,467,Forecast
208,2025-04-21,PLT-OH1,,CUST-001,FS7-500W,424,Forecast
209,2025-04-22,PLT-OH1,,CUST-001,FS7-500W,494,Forecast
210,2025-04-23,PLT-OH1,,CUST-001,FS7-500W,480,Forecast
211,2025-04-24,PLT-OH1,,CUST-001,FS7-500W,452,Forecast
212,2025-04-25,PLT-OH1,,CUST-001,FS7-500W,442,Forecast
213,2025-04-28,PLT-OH1,,CUST-001,FS7-500W,427,Forecast
214,2025-04-29,PLT-OH1,,CUST-001,FS7-500W,428,Forecast
215,2025-04-30,PLT-OH1,,CUST-001,FS7-500W,497,Forecast
216,2025-05-01,PLT-OH1,,CUST-001,FS7-500W,436,Forecast
217,2025-05-02,PLT-OH1,,CUST-001,FS7-500W,448,Forecast
218,2025-05-05,PLT-OH1,,CUST-001,FS7-500W,499,Forecast
219,2025-05-06,PLT-OH1,,CUST-001,FS7-500W,464,Forecast
220,2025-05-07,PLT-OH1,,CUST-001,FS7-500W,451,Forecast
221,2025-05-08,PLT-OH1,,CUST-001,FS7-500W,437,Forecast
222,2025-05-09,PLT-OH1,,CUST-001,FS7-500W,413,Forecast
223,2025-05-12,PLT-OH1,,CUST-001,FS7-500W,432,Forecast
224,2025-05-13,PLT-OH1,,CUST-001,FS7-500W,474,Forecast
225,2025-05-14,PLT-OH1,,CUST-001,FS7-500W,460,Forecast
226,2025-05-15,PLT-OH1,,CUST-001,FS7-500W,474,Forecast
227,2025-05-16,PLT-OH1,,CUST-001,FS7-500W,415,Forecast
228,2025-05-19,PLT-OH1,,CUST-001,FS7-500W,452,Forecast
229,2025-05-20,PLT-OH1,,CUST-001,FS7-500W,492,Forecast
230,2025-05-21,PLT-OH1,,CUST-001,FS7-500W,440,Forecast
231,2025-05-22,PLT-OH1,,CUST-001,FS7-500W,468,Forecast
232,2025-05-23,PLT-OH1,,CUST-001,FS7-500W,406,Forecast
233,2025-05-26,PLT-OH1,,CUST-001,FS7-500W,497,Forecast
234,2025-05-27,PLT-OH1,,CUST-001,FS7-500W,458,Forecast
235,2025-05-28,PLT-OH1,,CUST-001,FS7-500W,419,Forecast
236,2025-05-29,PLT-OH1,,CUST-001,FS7-500W,410,Forecast
237,2025-05-30,PLT-OH1,,CUST-001,FS7-500W,452,Forecast
238,2025-06-02,PLT-OH1,,CUST-001,FS7-500W,428,Forecast
239,2025-06-03,PLT-OH1,,CUST-001,FS7-500W,381,Forecast
240,2025-06-04,PLT-OH1,,CUST-001,FS7-500W,472,Forecast
241,2025-06-05,PLT-OH1,,CUST-001,FS7-500W,464,Forecast
242,2025-06-06,PLT-OH1,,CUST-001,FS7-500W,418,Forecast
243,2025-06-09,PLT-OH1,,CUST-001,FS7-500W,383,Forecast
244,2025-06-10,PLT-OH1,,CUST-001,FS7-500W,456,Forecast
245,2025-06-11,PLT-OH1,,CUST-001,FS7-500W,422,Forecast
246,2025-06-12,PLT-OH1,,CUST-001,FS7-500W,444,Forecast
247,2025-06-13,PLT-OH1,,CUST-001,FS7-500W,423,Forecast
248,2025-06-16,PLT-OH1,,CUST-001,FS7-500W,399,Forecast
249,2025-06-17,PLT-OH1,,CUST-001,FS7-500W,456,Forecast
250,2025-06-18,PLT-OH1,,CUST-001,FS7-500W,471,Forecast
251,2025-06-19,PLT-OH1,,CUST-001,FS7-500W,396,Forecast
252,2025-06-20,PLT-OH1,,CUST-001,FS7-500W,427,Forecast
253,2025-06-23,PLT-OH1,,CUST-001,FS7-500W,410,Forecast
254,2025-06-24,PLT-OH1,,CUST-001,FS7-500W,465,Forecast
255,2025-06-25,PLT-OH1,,CUST-001,FS7-500W,423,Forecast
256,2025-06-26,PLT-OH1,,CUST-001,FS7-500W,461,Forecast
257,2025-06-27,PLT-OH1,,CUST-001,FS7-500W,459,Forecast
258,2025-06-30,PLT-OH1,,CUST-001,FS7-500W,400,Forecast
259,2025-01-01,PLT-OH1,,CUST-001,FS6-450W,374,Customer Order
260,2025-01-02,PLT-OH1,,CUST-001,FS6-450W,342,Customer Order
261,2025-01-03,PLT-OH1,,CUST-001,FS6-450W,386,Customer Order
262,2025-01-06,PLT-OH1,,CUST-001,FS6-450W,350,Customer Order
263,2025-01-07,PLT-OH1,,CUST-001,FS6-450W,376,Customer Order
264,2025-01-08,PLT-OH1,,CUST-001,FS6-450W,331,Customer Order
265,2025-01-09,PLT-OH1,,CUST-001,FS6-450W,333,Customer Order
266,2025-01-10,PLT-OH1,,CUST-001,FS6-450W,357,Customer Order
267,2025-01-13,PLT-OH1,,CUST-001,FS6-450W,391,Customer Order
268,2025-01-14,PLT-OH1,,CUST-001,FS6-450W,349,Customer Order
269,2025-01-15,PLT-OH1,,CUST-001,FS6-450W,320,Customer Order
270,2025-01-16,PLT-OH1,,CUST-001,FS6-450W,353,Customer Order
271,2025-01-17,PLT-OH1,,CUST-001,FS6-450W,336,Customer Order
272,2025-01-20,PLT-OH1,,CUST-001,FS6-450W,354,Customer Order
273,2025-01-21,PLT-OH1,,CUST-001,FS6-450W,353,Customer Order
274,2025-01-22,PLT-OH1,,CUST-001,FS6-450W,346,Customer Order
275,2025-01-23,PLT-OH1,,CUST-001,FS6-450W,334,Customer Order
276,2025-01-24,PLT-OH1,,CUST-001,FS6-450W,323,Customer Order
277,2025-01-27,PLT-OH1,,CUST-001,FS6-450W,366,Customer Order
278,2025-01-28,PLT-OH1,,CUST-001,FS6-450W,355,Customer Order
279,2025-01-29,PLT-OH1,,CUST-001,FS6-450W,327,Customer Order
280,2025-01-30,PLT-OH1,,CUST-001,FS6-450W,373,Customer Order
281,2025-01-31,PLT-OH1,,CUST-001,FS6-450W,311,Customer Order
282,2025-02-03,PLT-OH1,,CUST-001,FS6-450W,386,Customer Order
283,2025-02-04,PLT-OH1,,CUST-001,FS6-450W,382,Customer Order
284,2025-02-05,PLT-OH1,,CUST-001,FS6-450W,392,Customer Order
285,2025-02-06,PLT-OH1,,CUST-001,FS6-450W,354,Customer Order
286,2025-02-07,PLT-OH1,,CUST-001,FS6-450W,379,Customer Order
287,2025-02-10,PLT-OH1,,CUST-001,FS6-450W,392,Customer Order
288,2025-02-11,PLT-OH1,,CUST-001,FS6-450W,406,Customer Order
289,2025-02-12,PLT-OH1,,CUST-001,FS6-450W,364,Customer Order
290,2025-02-13,PLT-OH1,,CUST-001,FS6-450W,324,Customer Order
291,2025-02-14,PLT-OH1,,CUST-001,FS6-450W,365,Customer Order
292,2025-02-17,PLT-OH1,,CUST-001,FS6-450W,372,Customer Order
293,2025-02-18,PLT-OH1,,CUST-001,FS6-450W,397,Customer Order
294,2025-02-19,PLT-OH1,,CUST-001,FS6-450W,397,Customer Order
295,2025-02-20,PLT-OH1,,CUST-001,FS6-450W,359,Customer Order
296,2025-02-21,PLT-OH1,,CUST-001,FS6-450W,367,Customer Order
297,2025-02-24,PLT-OH1,,CUST-001,FS6-450W,361,Customer Order
298,2025-02-25,PLT-OH1,,CUST-001,FS6-450W,384,Customer Order
299,2025-02-26,PLT-OH1,,CUST-001,FS6-450W,357,Customer Order
300,2025-02-27,PLT-OH1,,CUST-001,FS6-450W,378,Customer Order
301,2025-02-28,PLT-OH1,,CUST-001,FS6-450W,334,Customer Order
302,2025-03-03,PLT-OH1,,CUST-001,FS6-450W,373,Customer Order
303,2025-03-04,PLT-OH1,,CUST-001,FS6-450W,418,Customer Order
304,2025-03-05,PLT-OH1,,CUST-001,FS6-450W,361,Customer Order
305,2025-03-06,PLT-OH1,,CUST-001,FS6-450W,393,Customer Order
306,2025-03-07,PLT-OH1,,CUST-001,FS6-450W,389,Customer Order
307,2025-03-10,PLT-OH1,,CUST-001,FS6-450W,407,Customer Order
308,2025-03-11,PLT-OH1,,CUST-001,FS6-450W,407,Customer Order
309,2025-03-12,PLT-OH1,,CUST-001,FS6-450W,408,Customer Order
310,2025-03-13,PLT-OH1,,CUST-001,FS6-450W,365,Customer Order
311,2025-03-14,PLT-OH1,,CUST-001,FS6-450W,359,Customer Order
312,2025-03-17,PLT-OH1,,CUST-001,FS6-450W,395,Customer Order
313,2025-03-18,PLT-OH1,,CUST-001,FS6-450W,399,Customer Order
314,2025-03-19,PLT-OH1,,CUST-001,FS6-450W,409,Customer Order
315,2025-03-20,PLT-OH1,,CUST-001,FS6-450W,334,Customer Order
316,2025-03-21,PLT-OH1,,CUST-001,FS6-450W,337,Customer Order
317,2025-03-24,PLT-OH1,,CUST-001,FS6-450W,388,Customer Order
318,2025-03-25,PLT-OH1,,CUST-001,FS6-450W,414,Customer Order
319,2025-03-26,PLT-OH1,,CUST-001,FS6-450W,421,Customer Order
320,2025-03-27,PLT-OH1,,CUST-001,FS6-450W,398,Customer Order
321,2025-03-28,PLT-OH1,,CUST-001,FS6-450W,370,Customer Order
322,2025-03-31,PLT-OH1,,CUST-001,FS6-450W,339,Customer Order
323,2025-04-01,PLT-OH1,,CUST-001,FS6-450W,427,Customer Order
324,2025-04-02,PLT-OH1,,CUST-001,FS6-450W,450,Forecast
325,2025-04-03,PLT-OH1,,CUST-001,FS6-450W,408,Forecast
326,2025-04-04,PLT-OH1,,CUST-001,FS6-450W,433,Forecast
327,2025-04-07,PLT-OH1,,CUST-001,FS6-450W,453,Forecast
328,2025-04-08,PLT-OH1,,CUST-001,FS6-450W,368,Forecast
329,2025-04-09,PLT-OH1,,CUST-001,FS6-450W,443,Forecast
330,2025-04-10,PLT-OH1,,CUST-001,FS6-450W,393,Forecast
331,2025-04-11,PLT-OH1,,CUST-001,FS6-450W,401,Forecast
332,2025-04-14,PLT-OH1,,CUST-001,FS6-450W,378,Forecast
333,2025-04-15,PLT-OH1,,CUST-001,FS6-450W,416,Forecast
334,2025-04-16,PLT-OH1,,CUST-001,FS6-450W,420,Forecast
335,2025-04-17,PLT-OH1,,CUST-001,FS6-450W,442,Forecast
336,2025-04-18,PLT-OH1,,CUST-001,FS6-450W,381,Forecast
337,2025-04-21,PLT-OH1,,CUST-001,FS6-450W,372,Forecast
338,2025-04-22,PLT-OH1,,CUST-001,FS6-450W,450,Forecast
339,2025-04-23,PLT-OH1,,CUST-001,FS6-450W,425,Forecast
340,2025-04-24,PLT-OH1,,CUST-001,FS6-450W,388,Forecast
341,2025-04-25,PLT-OH1,,CUST-001,FS6-450W,454,Forecast
342,2025-04-28,PLT-OH1,,CUST-001,FS6-450W,378,Forecast
343,2025-04-29,PLT-OH1,,CUST-001,FS6-450W,409,Forecast
344,2025-04-30,PLT-OH1,,CUST-001,FS6-450W,389,Forecast
345,2025-05-01,PLT-OH1,,CUST-001,FS6-450W,389,Forecast
346,2025-05-02,PLT-OH1,,CUST-001,FS6-450W,365,Forecast
347,2025-05-05,PLT-OH1,,CUST-001,FS6-450W,443,Forecast
348,2025-05-06,PLT-OH1,,CUST-001,FS6-450W,453,Forecast
349,2025-05-07,PLT-OH1,,CUST-001,FS6-450W,431,Forecast
350,2025-05-08,PLT-OH1,,CUST-001,FS6-450W,379,Forecast
351,2025-05-09,PLT-OH1,,CUST-001,FS6-450W,407,Forecast
352,2025-05-12,PLT-OH1,,CUST-001,FS6-450W,398,Forecast
353,2025-05-13,PLT-OH1,,CUST-001,FS6-450W,422,Forecast
354,2025-05-14,PLT-OH1,,CUST-001,FS6-450W,427,Forecast
355,2025-05-15,PLT-OH1,,CUST-001,FS6-450W,406,Forecast
356,2025-05-16,PLT-OH1,,CUST-001,FS6-450W,388,Forecast
357,2025-05-19,PLT-OH1,,CUST-001,FS6-450W,448,Forecast
358,2025-05-20,PLT-OH1,,CUST-001,FS6-450W,383,Forecast
359,2025-05-21,PLT-OH1,,CUST-001,FS6-450W,402,Forecast
360,2025-05-22,PLT-OH1,,CUST-001,FS6-450W,412,Forecast
361,2025-05-23,PLT-OH1,,CUST-001,FS6-450W,387,Forecast
362,2025-05-26,PLT-OH1,,CUST-001,FS6-450W,420,Forecast
363,2025-05-27,PLT-OH1,,CUST-001,FS6-450W,421,Forecast
364,2025-05-28,PLT-OH1,,CUST-001,FS6-450W,462,Forecast
365,2025-05-29,PLT-OH1,,CUST-001,FS6-450W,393,Forecast
366,2025-05-30,PLT-OH1,,CUST-001,FS6-450W,461,Forecast
367,2025-06-02,PLT-OH1,,CUST-001,FS6-450W,406,Forecast
368,2025-06-03,PLT-OH1,,CUST-001,FS6-450W,370,Forecast
369,2025-06-04,PLT-OH1,,CUST-001,FS6-450W,397,Forecast
370,2025-06-05,PLT-OH1,,CUST-001,FS6-450W,408,Forecast
371,2025-06-06,PLT-OH1,,CUST-001,FS6-450W,414,Forecast
372,2025-06-09,PLT-OH1,,CUST-001,FS6-450W,348,Forecast
373,2025-06-10,PLT-OH1,,CUST-001,FS6-450W,401,Forecast
374,2025-06-11,PLT-OH1,,CUST-001,FS6-450W,390,Forecast
375,2025-06-12,PLT-OH1,,CUST-001,FS6-450W,429,Forecast
376,2025-06-13,PLT-OH1,,CUST-001,FS6-450W,371,Forecast
377,2025-06-16,PLT-OH1,,CUST-001,FS6-450W,419,Forecast
378,2025-06-17,PLT-OH1,,CUST-001,FS6-450W,401,Forecast
379,2025-06-18,PLT-OH1,,CUST-001,FS6-450W,377,Forecast
380,2025-06-19,PLT-OH1,,CUST-001,FS6-450W,404,Forecast
381,2025-06-20,PLT-OH1,,CUST-001,FS6-450W,402,Forecast
382,2025-06-23,PLT-OH1,,CUST-001,FS6-450W,407,Forecast
383,2025-06-24,PLT-OH1,,CUST-001,FS6-450W,411,Forecast
384,2025-06-25,PLT-OH1,,CUST-001,FS6-450W,406,Forecast
385,2025-06-26,PLT-OH1,,CUST-001,FS6-450W,422,Forecast
386,2025-06-27,PLT-OH1,,CUST-001,FS6-450W,403,Forecast
387,2025-06-30,PLT-OH1,,CUST-001,FS6-450W,429,Forecast
388,2025-01-01,PLT-OH1,,CUST-002,FS6-450W,394,Customer Order
389,2025-01-02,PLT-OH1,,CUST-002,FS6-450W,363,Customer Order
390,2025-01-03,PLT-OH1,,CUST-002,FS6-450W,375,Customer Order
391,2025-01-06,PLT-OH1,,CUST-002,FS6-450W,388,Customer Order
392,2025-01-07,PLT-OH1,,CUST-002,FS6-450W,402,Customer Order
393,2025-01-08,PLT-OH1,,CUST-002,FS6-450W,343,Customer Order
394,2025-01-09,PLT-OH1,,CUST-002,FS6-450W,362,Customer Order
395,2025-01-10,PLT-OH1,,CUST-002,FS6-450W,403,Customer Order
396,2025-01-13,PLT-OH1,,CUST-002,FS6-450W,351,Customer Order
397,2025-01-14,PLT-OH1,,CUST-002,FS6-450W,347,Customer Order
398,2025-01-15,PLT-OH1,,CUST-002,FS6-450W,384,Customer Order
399,2025-01-16,PLT-OH1,,CUST-002,FS6-450W,424,Customer Order
400,2025-01-17,PLT-OH1,,CUST-002,FS6-450W,383,Customer Order
401,2025-01-20,PLT-OH1,,CUST-002,FS6-450W,418,Customer Order
402,2025-01-21,PLT-OH1,,CUST-002,FS6-450W,411,Customer Order
403,2025-01-22,PLT-OH1,,CUST-002,FS6-450W,358,Customer Order
404,2025-01-23,PLT-OH1,,CUST-002,FS6-450W,410,Customer Order
405,2025-01-24,PLT-OH1,,CUST-002,FS6-450W,379,Customer Order
406,2025-01-27,PLT-OH1,,CUST-002,FS6-450W,409,Customer Order
407,2025-01-28,PLT-OH1,,CUST-002,FS6-450W,403,Customer Order
408,2025-01-29,PLT-OH1,,CUST-002,FS6-450W,366,Customer Order
409,2025-01-30,PLT-OH1,,CUST-002,FS6-450W,345,Customer Order
410,2025-01-31,PLT-OH1,,CUST-002,FS6-450W,423,Customer Order
411,2025-02-03,PLT-OH1,,CUST-002,FS6-450W,363,Customer Order
412,2025-02-04,PLT-OH1,,CUST-002,FS6-450W,441,Customer Order
413,2025-02-05,PLT-OH1,,CUST-002,FS6-450W,431,Customer Order
414,2025-02-06,PLT-OH1,,CUST-002,FS6-450W,418,Customer Order
415,2025-02-07,PLT-OH1,,CUST-002,FS6-450W,443,Customer Order
416,2025-02-10,PLT-OH1,,CUST-002,FS6-450W,441,Customer Order
417,2025-02-11,PLT-OH1,,CUST-002,FS6-450W,426,Customer Order
418,2025-02-12,PLT-OH1,,CUST-002,FS6-450W,384,Customer Order
419,2025-02-13,PLT-OH1,,CUST-002,FS6-450W,425,Customer Order
420,2025-02-14,PLT-OH1,,CUST-002,FS6-450W,351,Customer Order
421,2025-02-17,PLT-OH1,,CUST-002,FS6-450W,400,Customer Order
422,2025-02-18,PLT-OH1,,CUST-002,FS6-450W,393,Customer Order
423,2025-02-19,PLT-OH1,,CUST-002,FS6-450W,413,Customer Order
424,2025-02-20,PLT-OH1,,CUST-002,FS6-450W,413,Customer Order
425,2025-02-21,PLT-OH1,,CUST-002,FS6-450W,405,Customer Order
426,2025-02-24,PLT-OH1,,CUST-002,FS6-450W,428,Customer Order
427,2025-02-25,PLT-OH1,,CUST-002,FS6-450W,439,Customer Order
428,2025-02-26,PLT-OH1,,CUST-002,FS6-450W,360,Customer Order
429,2025-02-27,PLT-OH1,,CUST-002,FS6-450W,372,Customer Order
430,2025-02-28,PLT-OH1,,CUST-002,FS6-450W,352,Customer Order
431,2025-03-03,PLT-OH1,,CUST-002,FS6-450W,447,Customer Order
432,2025-03-04,PLT-OH1,,CUST-002,FS6-450W,415,Customer Order
433,2025-03-05,PLT-OH1,,CUST-002,FS6-450W,450,Customer Order
434,2025-03-06,PLT-OH1,,CUST-002,FS6-450W,382,Customer Order
435,2025-03-07,PLT-OH1,,CUST-002,FS6-450W,366,Customer Order
436,2025-03-10,PLT-OH1,,CUST-002,FS6-450W,441,Customer Order
437,2025-03-11,PLT-OH1,,CUST-002,FS6-450W,449,Customer Order
438,2025-03-12,PLT-OH1,,CUST-002,FS6-450W,390,Customer Order
439,2025-03-13,PLT-OH1,,CUST-002,FS6-450W,400,Customer Order
440,2025-03-14,PLT-OH1,,CUST-002,FS6-450W,374,Customer Order
441,2025-03-17,PLT-OH1,,CUST-002,FS6-450W,453,Customer Order
442,2025-03-18,PLT-OH1,,CUST-002,FS6-450W,390,Customer Order
443,2025-03-19,PLT-OH1,,CUST-002,FS6-450W,409,Customer Order
444,2025-03-20,PLT-OH1,,CUST-002,FS6-450W,370,Customer Order
445,2025-03-21,PLT-OH1,,CUST-002,FS6-450W,447,Customer Order
446,2025-03-24,PLT-OH1,,CUST-002,FS6-450W,373,Customer Order
447,2025-03-25,PLT-OH1,,CUST-002,FS6-450W,405,Customer Order
448,2025-03-26,PLT-OH1,,CUST-002,FS6-450W,426,Customer Order
449,2025-03-27,PLT-OH1,,CUST-002,FS6-450W,433,Customer Order
450,2025-03-28,PLT-OH1,,CUST-002,FS6-450W,453,Customer Order
451,2025-03-31,PLT-OH1,,CUST-002,FS6-450W,401,Customer Order
452,2025-04-01,PLT-OH1,,CUST-002,FS6-450W,476,Customer Order
453,2025-04-02,PLT-OH1,,CUST-002,FS6-450W,413,Forecast
454,2025-04-03,PLT-OH1,,CUST-002,FS6-450W,441,Forecast
455,2025-04-04,PLT-OH1,,CUST-002,FS6-450W,407,Forecast
456,2025-04-07,PLT-OH1,,CUST-002,FS6-450W,449,Forecast
457,2025-04-08,PLT-OH1,,CUST-002,FS6-450W,440,Forecast
458,2025-04-09,PLT-OH1,,CUST-002,FS6-450W,499,Forecast
459,2025-04-10,PLT-OH1,,CUST-002,FS6-450W,400,Forecast
460,2025-04-11,PLT-OH1,,CUST-002,FS6-450W,436,Forecast
461,2025-04-14,PLT-OH1,,CUST-002,FS6-450W,444,Forecast
462,2025-04-15,PLT-OH1,,CUST-002,FS6-450W,499,Forecast
463,2025-04-16,PLT-OH1,,CUST-002,FS6-450W,489,Forecast
464,2025-04-17,PLT-OH1,,CUST-002,FS6-450W,407,Forecast
465,2025-04-18,PLT-OH1,,CUST-002,FS6-450W,470,Forecast
466,2025-04-21,PLT-OH1,,CUST-002,FS6-450W,455,Forecast
467,2025-04-22,PLT-OH1,,CUST-002,FS6-450W,502,Forecast
468,2025-04-23,PLT-OH1,,CUST-002,FS6-450W,435,Forecast
469,2025-04-24,PLT-OH1,,CUST-002,FS6-450W,439,Forecast
470,2025-04-25,PLT-OH1,,CUST-002,FS6-450W,417,Forecast
471,2025-04-28,PLT-OH1,,CUST-002,FS6-450W,409,Forecast
472,2025-04-29,PLT-OH1,,CUST-002,FS6-450W,488,Forecast
473,2025-04-30,PLT-OH1,,CUST-002,FS6-450W,445,Forecast
474,2025-05-01,PLT-OH1,,CUST-002,FS6-450W,468,Forecast
475,2025-05-02,PLT-OH1,,CUST-002,FS6-450W,465,Forecast
476,2025-05-05,PLT-OH1,,CUST-002,FS6-450W,461,Forecast
477,2025-05-06,PLT-OH1,,CUST-002,FS6-450W,398,Forecast
478,2025-05-07,PLT-OH1,,CUST-002,FS6-450W,481,Forecast
479,2025-05-08,PLT-OH1,,CUST-002,FS6-450W,422,Forecast
480,2025-05-09,PLT-OH1,,CUST-002,FS6-450W,410,Forecast
481,2025-05-12,PLT-OH1,,CUST-002,FS6-450W,457,Forecast
482,2025-05-13,PLT-OH1,,CUST-002,FS6-450W,404,Forecast
483,2025-05-14,PLT-OH1,,CUST-002,FS6-450W,479,Forecast
484,2025-05-15,PLT-OH1,,CUST-002,FS6-450W,419,Forecast
485,2025-05-16,PLT-OH1,,CUST-002,FS6-450W,419,Forecast
486,2025-05-19,PLT-OH1,,CUST-002,FS6-450W,490,Forecast
487,2025-05-20,PLT-OH1,,CUST-002,FS6-450W,432,Forecast
488,2025-05-21,PLT-OH1,,CUST-002,FS6-450W,412,Forecast
489,2025-05-22,PLT-OH1,,CUST-002,FS6-450W,493,Forecast
490,2025-05-23,PLT-OH1,,CUST-002,FS6-450W,396,Forecast
491,2025-05-26,PLT-OH1,,CUST-002,FS6-450W,489,Forecast
492,2025-05-27,PLT-OH1,,CUST-002,FS6-450W,412,Forecast
493,2025-05-28,PLT-OH1,,CUST-002,FS6-450W,410,Forecast
494,2025-05-29,PLT-OH1,,CUST-002,FS6-450W,423,Forecast
495,2025-05-30,PLT-OH1,,CUST-002,FS6-450W,415,Forecast
496,2025-06-02,PLT-OH1,,CUST-002,FS6-450W,442,Forecast
497,2025-06-03,PLT-OH1,,CUST-002,FS6-450W,377,Forecast
498,2025-06-04,PLT-OH1,,CUST-002,FS6-450W,376,Forecast
499,2025-06-05,PLT-OH1,,CUST-002,FS6-450W,455,Forecast
500,2025-06-06,PLT-OH1,,CUST-002,FS6-450W,399,Forecast
501,2025-06-09,PLT-OH1,,CUST-002,FS6-450W,408,Forecast
502,2025-06-10,PLT-OH1,,CUST-002,FS6-450W,392,Forecast
503,2025-06-11,PLT-OH1,,CUST-002,FS6-450W,380,Forecast
504,2025-06-12,PLT-OH1,,CUST-002,FS6-450W,450,Forecast
505,2025-06-13,PLT-OH1,,CUST-002,FS6-450W,428,Forecast
506,2025-06-16,PLT-OH1,,CUST-002,FS6-450W,451,Forecast
507,2025-06-17,PLT-OH1,,CUST-002,FS6-450W,423,Forecast
508,2025-06-18,PLT-OH1,,CUST-002,FS6-450W,454,Forecast
509,2025-06-19,PLT-OH1,,CUST-002,FS6-450W,427,Forecast
510,2025-06-20,PLT-OH1,,CUST-002,FS6-450W,386,Forecast
511,2025-06-23,PLT-OH1,,CUST-002,FS6-450W,426,Forecast
512,2025-06-24,PLT-OH1,,CUST-002,FS6-450W,471,Forecast
513,2025-06-25,PLT-OH1,,CUST-002,FS6-450W,379,Forecast
514,2025-06-26,PLT-OH1,,CUST-002,FS6-450W,455,Forecast
515,2025-06-27,PLT-OH1,,CUST-002,FS6-450W,463,Forecast
516,2025-06-30,PLT-OH1,,CUST-002,FS6-450W,428,Forecast
517,2025-01-01,PLT-AL1,,CUST-002,FS7-500W,308,Customer Order
518,2025-01-02,PLT-AL1,,CUST-002,FS7-500W,346,Customer Order
519,2025-01-03,PLT-AL1,,CUST-002,FS7-500W,279,Customer Order
520,2025-01-06,PLT-AL1,,CUST-002,FS7-500W,310,Customer Order
521,2025-01-07,PLT-AL1,,CUST-002,FS7-500W,304,Customer Order
522,2025-01-08,PLT-AL1,,CUST-002,FS7-500W,325,Customer Order
523,2025-01-09,PLT-AL1,,CUST-002,FS7-500W,311,Customer Order
524,2025-01-10,PLT-AL1,,CUST-002,FS7-500W,342,Customer Order
525,2025-01-13,PLT-AL1,,CUST-002,FS7-500W,280,Customer Order
526,2025-01-14,PLT-AL1,,CUST-002,FS7-500W,280,Customer Order
527,2025-01-15,PLT-AL1,,CUST-002,FS7-500W,320,Customer Order
528,2025-01-16,PLT-AL1,,CUST-002,FS7-500W,279,Customer Order
529,2025-01-17,PLT-AL1,,CUST-002,FS7-500W,295,Customer Order
530,2025-01-20,PLT-AL1,,CUST-002,FS7-500W,321,Customer Order
531,2025-01-21,PLT-AL1,,CUST-002,FS7-500W,315,Customer Order
532,2025-01-22,PLT-AL1,,CUST-002,FS7-500W,298,Customer Order
533,2025-01-23,PLT-AL1,,CUST-002,FS7-500W,348,Customer Order
534,2025-01-24,PLT-AL1,,CUST-002,FS7-500W,314,Customer Order
535,2025-01-27,PLT-AL1,,CUST-002,FS7-500W,308,Customer Order
536,2025-01-28,PLT-AL1,,CUST-002,FS7-500W,319,Customer Order
537,2025-01-29,PLT-AL1,,CUST-002,FS7-500W,282,Customer Order
538,2025-01-30,PLT-AL1,,CUST-002,FS7-500W,327,Customer Order
539,2025-01-31,PLT-AL1,,CUST-002,FS7-500W,338,Customer Order
540,2025-02-03,PLT-AL1,,CUST-002,FS7-500W,337,Customer Order
541,2025-02-04,PLT-AL1,,CUST-002,FS7-500W,346,Customer Order
542,2025-02-05,PLT-AL1,,CUST-002,FS7-500W,342,Customer Order
543,2025-02-06,PLT-AL1,,CUST-002,FS7-500W,303,Customer Order
544,2025-02-07,PLT-AL1,,CUST-002,FS7-500W,321,Customer Order
545,2025-02-10,PLT-AL1,,CUST-002,FS7-500W,304,Customer Order
546,2025-02-11,PLT-AL1,,CUST-002,FS7-500W,312,Customer Order
547,2025-02-12,PLT-AL1,,CUST-002,FS7-500W,321,Customer Order
548,2025-02-13,PLT-AL1,,CUST-002,FS7-500W,318,Customer Order
549,2025-02-14,PLT-AL1,,CUST-002,FS7-500W,293,Customer Order
550,2025-02-17,PLT-AL1,,CUST-002,FS7-500W,319,Customer Order
551,2025-02-18,PLT-AL1,,CUST-002,FS7-500W,338,Customer Order
552,2025-02-19,PLT-AL1,,CUST-002,FS7-500W,315,Customer Order
553,2025-02-20,PLT-AL1,,CUST-002,FS7-500W,298,Customer Order
554,2025-02-21,PLT-AL1,,CUST-002,FS7-500W,358,Customer Order
555,2025-02-24,PLT-AL1,,CUST-002,FS7-500W,291,Customer Order
556,2025-02-25,PLT-AL1,,CUST-002,FS7-500W,351,Customer Order
557,2025-02-26,PLT-AL1,,CUST-002,FS7-500W,293,Customer Order
558,2025-02-27,PLT-AL1,,CUST-002,FS7-500W,293,Customer Order
559,2025-02-28,PLT-AL1,,CUST-002,FS7-500W,343,Customer Order
560,2025-03-03,PLT-AL1,,CUST-002,FS7-500W,360,Customer Order
561,2025-03-04,PLT-AL1,,CUST-002,FS7-500W,339,Customer Order
562,2025-03-05,PLT-AL1,,CUST-002,FS7-500W,342,Customer Order
563,2025-03-06,PLT-AL1,,CUST-002,FS7-500W,340,Customer Order
564,2025-03-07,PLT-AL1,,CUST-002,FS7-500W,321,Customer Order
565,2025-03-10,PLT-AL1,,CUST-002,FS7-500W,305,Customer Order
566,2025-03-11,PLT-AL1,,CUST-002,FS7-500W,323,Customer Order
567,2025-03-12,PLT-AL1,,CUST-002,FS7-500W,348,Customer Order
568,2025-03-13,PLT-AL1,,CUST-002,FS7-500W,355,Customer Order
569,2025-03-14,PLT-AL1,,CUST-002,FS7-500W,364,Customer Order
570,2025-03-17,PLT-AL1,,CUST-002,FS7-500W,353,Customer Order
571,2025-03-18,PLT-AL1,,CUST-002,FS7-500W,373,Customer Order
572,2025-03-19,PLT-AL1,,CUST-002,FS7-500W,343,Customer Order
573,2025-03-20,PLT-AL1,,CUST-002,FS7-500W,323,Customer Order
574,2025-03-21,PLT-AL1,,CUST-002,FS7-500W,341,Customer Order
575,2025-03-24,PLT-AL1,,CUST-002,FS7-500W,312,Customer Order
576,2025-03-25,PLT-AL1,,CUST-002,FS7-500W,348,Customer Order
577,2025-03-26,PLT-AL1,,CUST-002,FS7-500W,313,Customer Order
578,2025-03-27,PLT-AL1,,CUST-002,FS7-500W,303,Customer Order
579,2025-03-28,PLT-AL1,,CUST-002,FS7-500W,363,Customer Order
580,2025-03-31,PLT-AL1,,CUST-002,FS7-500W,324,Customer Order
581,2025-04-01,PLT-AL1,,CUST-002,FS7-500W,392,Customer Order
582,2025-04-02,PLT-AL1,,CUST-002,FS7-500W,375,Forecast
583,2025-04-03,PLT-AL1,,CUST-002,FS7-500W,396,Forecast
584,2025-04-04,PLT-AL1,,CUST-002,FS7-500W,399,Forecast
585,2025-04-07,PLT-AL1,,CUST-002,FS7-500W,410,Forecast
586,2025-04-08,PLT-AL1,,CUST-002,FS7-500W,397,Forecast
587,2025-04-09,PLT-AL1,,CUST-002,FS7-500W,378,Forecast
588,2025-04-10,PLT-AL1,,CUST-002,FS7-500W,381,Forecast
589,2025-04-11,PLT-AL1,,CUST-002,FS7-500W,327,Forecast
590,2025-04-14,PLT-AL1,,CUST-002,FS7-500W,406,Forecast
591,2025-04-15,PLT-AL1,,CUST-002,FS7-500W,398,Forecast
592,2025-04-16,PLT-AL1,,CUST-002,FS7-500W,348,Forecast
593,2025-04-17,PLT-AL1,,CUST-002,FS7-500W,340,Forecast
594,2025-04-18,PLT-AL1,,CUST-002,FS7-500W,386,Forecast
595,2025-04-21,PLT-AL1,,CUST-002,FS7-500W,352,Forecast
596,2025-04-22,PLT-AL1,,CUST-002,FS7-500W,354,Forecast
597,2025-04-23,PLT-AL1,,CUST-002,FS7-500W,325,Forecast
598,2025-04-24,PLT-AL1,,CUST-002,FS7-500W,401,Forecast
599,2025-04-25,PLT-AL1,,CUST-002,FS7-500W,374,Forecast
600,2025-04-28,PLT-AL1,,CUST-002,FS7-500W,360,Forecast
601,2025-04-29,PLT-AL1,,CUST-002,FS7-500W,337,Forecast
602,2025-04-30,PLT-AL1,,CUST-002,FS7-500W,380,Forecast
603,2025-05-01,PLT-AL1,,CUST-002,FS7-500W,327,Forecast
604,2025-05-02,PLT-AL1,,CUST-002,FS7-500W,390,Forecast
605,2025-05-05,PLT-AL1,,CUST-002,FS7-500W,343,Forecast
606,2025-05-06,PLT-AL1,,CUST-002,FS7-500W,361,Forecast
607,2025-05-07,PLT-AL1,,CUST-002,FS7-500W,354,Forecast
608,2025-05-08,PLT-AL1,,CUST-002,FS7-500W,357,Forecast
609,2025-05-09,PLT-AL1,,CUST-002,FS7-500W,388,Forecast
610,2025-05-12,PLT-AL1,,CUST-002,FS7-500W,393,Forecast
611,2025-05-13,PLT-AL1,,CUST-002,FS7-500W,374,Forecast
612,2025-05-14,PLT-AL1,,CUST-002,FS7-500W,332,Forecast
613,2025-05-15,PLT-AL1,,CUST-002,FS7-500W,329,Forecast
614,2025-05-16,PLT-AL1,,CUST-002,FS7-500W,338,Forecast
615,2025-05-19,PLT-AL1,,CUST-002,FS7-500W,379,Forecast
616,2025-05-20,PLT-AL1,,CUST-002,FS7-500W,384,Forecast
617,2025-05-21,PLT-AL1,,CUST-002,FS7-500W,348,Forecast
618,2025-05-22,PLT-AL1,,CUST-002,FS7-500W,383,Forecast
619,2025-05-23,PLT-AL1,,CUST-002,FS7-500W,367,Forecast
620,2025-05-26,PLT-AL1,,CUST-002,FS7-500W,363,Forecast
621,2025-05-27,PLT-AL1,,CUST-002,FS7-500W,348,Forecast
622,2025-05-28,PLT-AL1,,CUST-002,FS7-500W,391,Forecast
623,2025-05-29,PLT-AL1,,CUST-002,FS7-500W,334,Forecast
624,2025-05-30,PLT-AL1,,CUST-002,FS7-500W,362,Forecast
625,2025-06-02,PLT-AL1,,CUST-002,FS7-500W,330,Forecast
626,2025-06-03,PLT-AL1,,CUST-002,FS7-500W,363,Forecast
627,2025-06-04,PLT-AL1,,CUST-002,FS7-500W,347,Forecast
628,2025-06-05,PLT-AL1,,CUST-002,FS7-500W,362,Forecast
629,2025-06-06,PLT-AL1,,CUST-002,FS7-500W,310,Forecast
630,2025-06-09,PLT-AL1,,CUST-002,FS7-500W,340,Forecast
631,2025-06-10,PLT-AL1,,CUST-002,FS7-500W,357,Forecast
632,2025-06-11,PLT-AL1,,CUST-002,FS7-500W,307,Forecast
633,2025-06-12,PLT-AL1,,CUST-002,FS7-500W,332,Forecast
634,2025-06-13,PLT-AL1,,CUST-002,FS7-500W,324,Forecast
635,2025-06-16,PLT-AL1,,CUST-002,FS7-500W,318,Forecast
636,2025-06-17,PLT-AL1,,CUST-002,FS7-500W,328,Forecast
637,2025-06-18,PLT-AL1,,CUST-002,FS7-500W,334,Forecast
638,2025-06-19,PLT-AL1,,CUST-002,FS7-500W,307,Forecast
639,2025-06-20,PLT-AL1,,CUST-002,FS7-500W,369,Forecast
640,2025-06-23,PLT-AL1,,CUST-002,FS7-500W,321,Forecast
641,2025-06-24,PLT-AL1,,CUST-002,FS7-500W,338,Forecast
642,2025-06-25,PLT-AL1,,CUST-002,FS7-500W,365,Forecast
643,2025-06-26,PLT-AL1,,CUST-002,FS7-500W,348,Forecast
644,2025-06-27,PLT-AL1,,CUST-002,FS7-500W,376,Forecast
645,2025-06-30,PLT-AL1,,CUST-002,FS7-500W,374,Forecast
646,2025-01-01,PLT-OH1,,CUST-003,FS7-500W,165,Customer Order
647,2025-01-02,PLT-OH1,,CUST-003,FS7-500W,200,Customer Order
648,2025-01-03,PLT-OH1,,CUST-003,FS7-500W,164,Customer Order
649,2025-01-06,PLT-OH1,,CUST-003,FS7-500W,163,Customer Order
650,2025-01-07,PLT-OH1,,CUST-003,FS7-500W,203,Customer Order
651,2025-01-08,PLT-OH1,,CUST-003,FS7-500W,200,Customer Order
652,2025-01-09,PLT-OH1,,CUST-003,FS7-500W,188,Customer Order
653,2025-01-10,PLT-OH1,,CUST-003,FS7-500W,187,Customer Order
654,2025-01-13,PLT-OH1,,CUST-003,FS7-500W,193,Customer Order
655,2025-01-14,PLT-OH1,,CUST-003,FS7-500W,181,Customer Order
656,2025-01-15,PLT-OH1,,CUST-003,FS7-500W,167,Customer Order
657,2025-01-16,PLT-OH1,,CUST-003,FS7-500W,163,Customer Order
658,2025-01-17,PLT-OH1,,CUST-003,FS7-500W,176,Customer Order
659,2025-01-20,PLT-OH1,,CUST-003,FS7-500W,198,Customer Order
660,2025-01-21,PLT-OH1,,CUST-003,FS7-500W,189,Customer Order
661,2025-01-22,PLT-OH1,,CUST-003,FS7-500W,199,Customer Order
662,2025-01-23,PLT-OH1,,CUST-003,FS7-500W,203,Customer Order
663,2025-01-24,PLT-OH1,,CUST-003,FS7-500W,166,Customer Order
664,2025-01-27,PLT-OH1,,CUST-003,FS7-500W,199,Customer Order
665,2025-01-28,PLT-OH1,,CUST-003,FS7-500W,173,Customer Order
666,2025-01-29,PLT-OH1,,CUST-003,FS7-500W,188,Customer Order
667,2025-01-30,PLT-OH1,,CUST-003,FS7-500W,185,Customer Order
668,2025-01-31,PLT-OH1,,CUST-003,FS7-500W,180,Customer Order
669,2025-02-03,PLT-OH1,,CUST-003,FS7-500W,183,Customer Order
670,2025-02-04,PLT-OH1,,CUST-003,FS7-500W,185,Customer Order
671,2025-02-05,PLT-OH1,,CUST-003,FS7-500W,184,Customer Order
672,2025-02-06,PLT-OH1,,CUST-003,FS7-500W,177,Customer Order
673,2025-02-07,PLT-OH1,,CUST-003,FS7-500W,193,Customer Order
674,2025-02-10,PLT-OH1,,CUST-003,FS7-500W,174,Customer Order
675,2025-02-11,PLT-OH1,,CUST-003,FS7-500W,193,Customer Order
676,2025-02-12,PLT-OH1,,CUST-003,FS7-500W,211,Customer Order
677,2025-02-13,PLT-OH1,,CUST-003,FS7-500W,185,Customer Order
678,2025-02-14,PLT-OH1,,CUST-003,FS7-500W,203,Customer Order
679,2025-02-17,PLT-OH1,,CUST-003,FS7-500W,207,Customer Order
680,2025-02-18,PLT-OH1,,CUST-003,FS7-500W,207,Customer Order
681,2025-02-19,PLT-OH1,,CUST-003,FS7-500W,180,Customer Order
682,2025-02-20,PLT-OH1,,CUST-003,FS7-500W,176,Customer Order
683,2025-02-21,PLT-OH1,,CUST-003,FS7-500W,178,Customer Order
684,2025-02-24,PLT-OH1,,CUST-003,FS7-500W,197,Customer Order
685,2025-02-25,PLT-OH1,,CUST-003,FS7-500W,204,Customer Order
686,2025-02-26,PLT-OH1,,CUST-003,FS7-500W,199,Customer Order
687,2025-02-27,PLT-OH1,,CUST-003,FS7-500W,177,Customer Order
688,2025-02-28,PLT-OH1,,CUST-003,FS7-500W,205,Customer Order
689,2025-03-03,PLT-OH1,,CUST-003,FS7-500W,198,Customer Order
690,2025-03-04,PLT-OH1,,CUST-003,FS7-500W,210,Customer Order
691,2025-03-05,PLT-OH1,,CUST-003,FS7-500W,210,Customer Order
692,2025-03-06,PLT-OH1,,CUST-003,FS7-500W,196,Customer Order
693,2025-03-07,PLT-OH1,,CUST-003,FS7-500W,218,Customer Order
694,2025-03-10,PLT-OH1,,CUST-003,FS7-500W,201,Customer Order
695,2025-03-11,PLT-OH1,,CUST-003,FS7-500W,205,Customer Order
696,2025-03-12,PLT-OH1,,CUST-003,FS7-500W,204,Customer Order
697,2025-03-13,PLT-OH1,,CUST-003,FS7-500W,215,Customer Order
698,2025-03-14,PLT-OH1,,CUST-003,FS7-500W,204,Customer Order
699,2025-03-17,PLT-OH1,,CUST-003,FS7-500W,181,Customer Order
700,2025-03-18,PLT-OH1,,CUST-003,FS7-500W,178,Customer Order
701,2025-03-19,PLT-OH1,,CUST-003,FS7-500W,195,Customer Order
702,2025-03-20,PLT-OH1,,CUST-003,FS7-500W,189,Customer Order
703,2025-03-21,PLT-OH1,,CUST-003,FS7-500W,187,Customer Order
704,2025-03-24,PLT-OH1,,CUST-003,FS7-500W,177,Customer Order
705,2025-03-25,PLT-OH1,,CUST-003,FS7-500W,198,Customer Order
706,2025-03-26,PLT-OH1,,CUST-003,FS7-500W,189,Customer Order
707,2025-03-27,PLT-OH1,,CUST-003,FS7-500W,196,Customer Order
708,2025-03-28,PLT-OH1,,CUST-003,FS7-500W,177,Customer Order
709,2025-03-31,PLT-OH1,,CUST-003,FS7-500W,214,Customer Order
710,2025-04-01,PLT-OH1,,CUST-003,FS7-500W,196,Customer Order
711,2025-04-02,PLT-OH1,,CUST-003,FS7-500W,237,Forecast
712,2025-04-03,PLT-OH1,,CUST-003,FS7-500W,236,Forecast
713,2025-04-04,PLT-OH1,,CUST-003,FS7-500W,224,Forecast
714,2025-04-07,PLT-OH1,,CUST-003,FS7-500W,218,Forecast
715,2025-04-08,PLT-OH1,,CUST-003,FS7-500W,216,Forecast
716,2025-04-09,PLT-OH1,,CUST-003,FS7-500W,221,Forecast
717,2025-04-10,PLT-OH1,,CUST-003,FS7-500W,233,Forecast
718,2025-04-11,PLT-OH1,,CUST-003,FS7-500W,239,Forecast
719,2025-04-14,PLT-OH1,,CUST-003,FS7-500W,215,Forecast
720,2025-04-15,PLT-OH1,,CUST-003,FS7-500W,234,Forecast
721,2025-04-16,PLT-OH1,,CUST-003,FS7-500W,226,Forecast
722,2025-04-17,PLT-OH1,,CUST-003,FS7-500W,209,Forecast
723,2025-04-18,PLT-OH1,,CUST-003,FS7-500W,217,Forecast
724,2025-04-21,PLT-OH1,,CUST-003,FS7-500W,200,Forecast
725,2025-04-22,PLT-OH1,,CUST-003,FS7-500W,195,Forecast
726,2025-04-23,PLT-OH1,,CUST-003,FS7-500W,197,Forecast
727,2025-04-24,PLT-OH1,,CUST-003,FS7-500W,239,Forecast
728,2025-04-25,PLT-OH1,,CUST-003,FS7-500W,210,Forecast
729,2025-04-28,PLT-OH1,,CUST-003,FS7-500W,229,Forecast
730,2025-04-29,PLT-OH1,,CUST-003,FS7-500W,218,Forecast
731,2025-04-30,PLT-OH1,,CUST-003,FS7-500W,201,Forecast
732,2025-05-01,PLT-OH1,,CUST-003,FS7-500W,205,Forecast
733,2025-05-02,PLT-OH1,,CUST-003,FS7-500W,215,Forecast
734,2025-05-05,PLT-OH1,,CUST-003,FS7-500W,215,Forecast
735,2025-05-06,PLT-OH1,,CUST-003,FS7-500W,219,Forecast
736,2025-05-07,PLT-OH1,,CUST-003,FS7-500W,200,Forecast
737,2025-05-08,PLT-OH1,,CUST-003,FS7-500W,211,Forecast
738,2025-05-09,PLT-OH1,,CUST-003,FS7-500W,207,Forecast
739,2025-05-12,PLT-OH1,,CUST-003,FS7-500W,213,Forecast
740,2025-05-13,PLT-OH1,,CUST-003,FS7-500W,209,Forecast
741,2025-05-14,PLT-OH1,,CUST-003,FS7-500W,223,Forecast
742,2025-05-15,PLT-OH1,,CUST-003,FS7-500W,233,Forecast
743,2025-05-16,PLT-OH1,,CUST-003,FS7-500W,226,Forecast
744,2025-05-19,PLT-OH1,,CUST-003,FS7-500W,195,Forecast
745,2025-05-20,PLT-OH1,,CUST-003,FS7-500W,197,Forecast
746,2025-05-21,PLT-OH1,,CUST-003,FS7-500W,227,Forecast
747,2025-05-22,PLT-OH1,,CUST-003,FS7-500W,207,Forecast
748,2025-05-23,PLT-OH1,,CUST-003,FS7-500W,230,Forecast
749,2025-05-26,PLT-OH1,,CUST-003,FS7-500W,226,Forecast
750,2025-05-27,PLT-OH1,,CUST-003,FS7-500W,239,Forecast
751,2025-05-28,PLT-OH1,,CUST-003,FS7-500W,237,Forecast
752,2025-05-29,PLT-OH1,,CUST-003,FS7-500W,209,Forecast
753,2025-05-30,PLT-OH1,,CUST-003,FS7-500W,222,Forecast
754,2025-06-02,PLT-OH1,,CUST-003,FS7-500W,188,Forecast
755,2025-06-03,PLT-OH1,,CUST-003,FS7-500W,199,Forecast
756,2025-06-04,PLT-OH1,,CUST-003,FS7-500W,229,Forecast
757,2025-06-05,PLT-OH1,,CUST-003,FS7-500W,216,Forecast
758,2025-06-06,PLT-OH1,,CUST-003,FS7-500W,201,Forecast
759,2025-06-09,PLT-OH1,,CUST-003,FS7-500W,211,Forecast
760,2025-06-10,PLT-OH1,,CUST-003,FS7-500W,228,Forecast
761,2025-06-11,PLT-OH1,,CUST-003,FS7-500W,197,Forecast
762,2025-06-12,PLT-OH1,,CUST-003,FS7-500W,200,Forecast
763,2025-06-13,PLT-OH1,,CUST-003,FS7-500W,220,Forecast
764,2025-06-16,PLT-OH1,,CUST-003,FS7-500W,221,Forecast
765,2025-06-17,PLT-OH1,,CUST-003,FS7-500W,214,Forecast
766,2025-06-18,PLT-OH1,,CUST-003,FS7-500W,222,Forecast
767,2025-06-19,PLT-OH1,,CUST-003,FS7-500W,218,Forecast
768,2025-06-20,PLT-OH1,,CUST-003,FS7-500W,215,Forecast
769,2025-06-23,PLT-OH1,,CUST-003,FS7-500W,207,Forecast
770,2025-06-24,PLT-OH1,,CUST-003,FS7-500W,213,Forecast
771,2025-06-25,PLT-OH1,,CUST-003,FS7-500W,202,Forecast
772,2025-06-26,PLT-OH1,,CUST-003,FS7-500W,199,Forecast
773,2025-06-27,PLT-OH1,,CUST-003,FS7-500W,199,Forecast
774,2025-06-30,PLT-OH1,,CUST-003,FS7-500W,190,Forecast
775,2025-01-01,PLT-AL1,,CUST-003,FS6-450W,143,Customer Order
776,2025-01-02,PLT-AL1,,CUST-003,FS6-450W,169,Customer Order
777,2025-01-03,PLT-AL1,,CUST-003,FS6-450W,153,Customer Order
778,2025-01-06,PLT-AL1,,CUST-003,FS6-450W,143,Customer Order
779,2025-01-07,PLT-AL1,,CUST-003,FS6-450W,140,Customer Order
780,2025-01-08,PLT-AL1,,CUST-003,FS6-450W,138,Customer Order
781,2025-01-09,PLT-AL1,,CUST-003,FS6-450W,166,Customer Order
782,2025-01-10,PLT-AL1,,CUST-003,FS6-450W,138,Customer Order
783,2025-01-13,PLT-AL1,,CUST-003,FS6-450W,163,Customer Order
784,2025-01-14,PLT-AL1,,CUST-003,FS6-450W,165,Customer Order
785,2025-01-15,PLT-AL1,,CUST-003,FS6-450W,167,Customer Order
786,2025-01-16,PLT-AL1,,CUST-003,FS6-450W,136,Customer Order
787,2025-01-17,PLT-AL1,,CUST-003,FS6-450W,147,Customer Order
788,2025-01-20,PLT-AL1,,CUST-003,FS6-450W,163,Customer Order
789,2025-01-21,PLT-AL1,,CUST-003,FS6-450W,139,Customer Order
790,2025-01-22,PLT-AL1,,CUST-003,FS6-450W,149,Customer Order
791,2025-01-23,PLT-AL1,,CUST-003,FS6-450W,141,Customer Order
792,2025-01-24,PLT-AL1,,CUST-003,FS6-450W,165,Customer Order
793,2025-01-27,PLT-AL1,,CUST-003,FS6-450W,163,Customer Order
794,2025-01-28,PLT-AL1,,CUST-003,FS6-450W,164,Customer Order
795,2025-01-29,PLT-AL1,,CUST-003,FS6-450W,141,Customer Order
796,2025-01-30,PLT-AL1,,CUST-003,FS6-450W,151,Customer Order
797,2025-01-31,PLT-AL1,,CUST-003,FS6-450W,150,Customer Order
798,2025-02-03,PLT-AL1,,CUST-003,FS6-450W,166,Customer Order
799,2025-02-04,PLT-AL1,,CUST-003,FS6-450W,150,Customer Order
800,2025-02-05,PLT-AL1,,CUST-003,FS6-450W,157,Customer Order
801,2025-02-06,PLT-AL1,,CUST-003,FS6-450W,151,Customer Order
802,2025-02-07,PLT-AL1,,CUST-003,FS6-450W,169,Customer Order
803,2025-02-10,PLT-AL1,,CUST-003,FS6-450W,158,Customer Order
804,2025-02-11,PLT-AL1,,CUST-003,FS6-450W,161,Customer Order
805,2025-02-12,PLT-AL1,,CUST-003,FS6-450W,152,Customer Order
806,2025-02-13,PLT-AL1,,CUST-003,FS6-450W,171,Customer Order
807,2025-02-14,PLT-AL1,,CUST-003,FS6-450W,158,Customer Order
808,2025-02-17,PLT-AL1,,CUST-003,FS6-450W,172,Customer Order
809,2025-02-18,PLT-AL1,,CUST-003,FS6-450W,155,Customer Order
810,2025-02-19,PLT-AL1,,CUST-003,FS6-450W,177,Customer Order
811,2025-02-20,PLT-AL1,,CUST-003,FS6-450W,178,Customer Order
812,2025-02-21,PLT-AL1,,CUST-003,FS6-450W,158,Customer Order
813,2025-02-24,PLT-AL1,,CUST-003,FS6-450W,151,Customer Order
814,2025-02-25,PLT-AL1,,CUST-003,FS6-450W,155,Customer Order
815,2025-02-26,PLT-AL1,,CUST-003,FS6-450W,161,Customer Order
816,2025-02-27,PLT-AL1,,CUST-003,FS6-450W,177,Customer Order
817,2025-02-28,PLT-AL1,,CUST-003,FS6-450W,172,Customer Order
818,2025-03-03,PLT-AL1,,CUST-003,FS6-450W,176,Customer Order
819,2025-03-04,PLT-AL1,,CUST-003,FS6-450W,150,Customer Order
820,2025-03-05,PLT-AL1,,CUST-003,FS6-450W,155,Customer Order
821,2025-03-06,PLT-AL1,,CUST-003,FS6-450W,170,Customer Order
822,2025-03-07,PLT-AL1,,CUST-003,FS6-450W,179,Customer Order
823,2025-03-10,PLT-AL1,,CUST-003,FS6-450W,167,Customer Order
824,2025-03-11,PLT-AL1,,CUST-003,FS6-450W,149,Customer Order
825,2025-03-12,PLT-AL1,,CUST-003,FS6-450W,178,Customer Order
826,2025-03-13,PLT-AL1,,CUST-003,FS6-450W,178,Customer Order
827,2025-03-14,PLT-AL1,,CUST-003,FS6-450W,156,Customer Order
828,2025-03-17,PLT-AL1,,CUST-003,FS6-450W,175,Customer Order
829,2025-03-18,PLT-AL1,,CUST-003,FS6-450W,156,Customer Order
830,2025-03-19,PLT-AL1,,CUST-003,FS6-450W,181,Customer Order
831,2025-03-20,PLT-AL1,,CUST-003,FS6-450W,151,Customer Order
832,2025-03-21,PLT-AL1,,CUST-003,FS6-450W,162,Customer Order
833,2025-03-24,PLT-AL1,,CUST-003,FS6-450W,182,Customer Order
834,2025-03-25,PLT-AL1,,CUST-003,FS6-450W,154,Customer Order
835,2025-03-26,PLT-AL1,,CUST-003,FS6-450W,163,Customer Order
836,2025-03-27,PLT-AL1,,CUST-003,FS6-450W,159,Customer Order
837,2025-03-28,PLT-AL1,,CUST-003,FS6-450W,146,Customer Order
838,2025-03-31,PLT-AL1,,CUST-003,FS6-450W,147,Customer Order
839,2025-04-01,PLT-AL1,,CUST-003,FS6-450W,181,Customer Order
840,2025-04-02,PLT-AL1,,CUST-003,FS6-450W,170,Forecast
841,2025-04-03,PLT-AL1,,CUST-003,FS6-450W,202,Forecast
842,2025-04-04,PLT-AL1,,CUST-003,FS6-450W,176,Forecast
843,2025-04-07,PLT-AL1,,CUST-003,FS6-450W,161,Forecast
844,2025-04-08,PLT-AL1,,CUST-003,FS6-450W,200,Forecast
845,2025-04-09,PLT-AL1,,CUST-003,FS6-450W,196,Forecast
846,2025-04-10,PLT-AL1,,CUST-003,FS6-450W,188,Forecast
847,2025-04-11,PLT-AL1,,CUST-003,FS6-450W,194,Forecast
848,2025-04-14,PLT-AL1,,CUST-003,FS6-450W,165,Forecast
849,2025-04-15,PLT-AL1,,CUST-003,FS6-450W,172,Forecast
850,2025-04-16,PLT-AL1,,CUST-003,FS6-450W,195,Forecast
851,2025-04-17,PLT-AL1,,CUST-003,FS6-450W,190,Forecast
852,2025-04-18,PLT-AL1,,CUST-003,FS6-450W,165,Forecast
853,2025-04-21,PLT-AL1,,CUST-003,FS6-450W,190,Forecast
854,2025-04-22,PLT-AL1,,CUST-003,FS6-450W,179,Forecast
855,2025-04-23,PLT-AL1,,CUST-003,FS6-450W,160,Forecast
856,2025-04-24,PLT-AL1,,CUST-003,FS6-450W,163,Forecast
857,2025-04-25,PLT-AL1,,CUST-003,FS6-450W,170,Forecast
858,2025-04-28,PLT-AL1,,CUST-003,FS6-450W,196,Forecast
859,2025-04-29,PLT-AL1,,CUST-003,FS6-450W,183,Forecast
860,2025-04-30,PLT-AL1,,CUST-003,FS6-450W,191,Forecast
861,2025-05-01,PLT-AL1,,CUST-003,FS6-450W,182,Forecast
862,2025-05-02,PLT-AL1,,CUST-003,FS6-450W,164,Forecast
863,2025-05-05,PLT-AL1,,CUST-003,FS6-450W,172,Forecast
864,2025-05-06,PLT-AL1,,CUST-003,FS6-450W,172,Forecast
865,2025-05-07,PLT-AL1,,CUST-003,FS6-450W,161,Forecast
866,2025-05-08,PLT-AL1,,CUST-003,FS6-450W,178,Forecast
867,2025-05-09,PLT-AL1,,CUST-003,FS6-450W,194,Forecast
868,2025-05-12,PLT-AL1,,CUST-003,FS6-450W,179,Forecast
869,2025-05-13,PLT-AL1,,CUST-003,FS6-450W,164,Forecast
870,2025-05-14,PLT-AL1,,CUST-003,FS6-450W,199,Forecast
871,2025-05-15,PLT-AL1,,CUST-003,FS6-450W,185,Forecast
872,2025-05-16,PLT-AL1,,CUST-003,FS6-450W,160,Forecast
873,2025-05-19,PLT-AL1,,CUST-003,FS6-450W,182,Forecast
874,2025-05-20,PLT-AL1,,CUST-003,FS6-450W,170,Forecast
875,2025-05-21,PLT-AL1,,CUST-003,FS6-450W,166,Forecast
876,2025-05-22,PLT-AL1,,CUST-003,FS6-450W,178,Forecast
877,2025-05-23,PLT-AL1,,CUST-003,FS6-450W,186,Forecast
878,2025-05-26,PLT-AL1,,CUST-003,FS6-450W,170,Forecast
879,2025-05-27,PLT-AL1,,CUST-003,FS6-450W,177,Forecast
880,2025-05-28,PLT-AL1,,CUST-003,FS6-450W,188,Forecast
881,2025-05-29,PLT-AL1,,CUST-003,FS6-450W,163,Forecast
882,2025-05-30,PLT-AL1,,CUST-003,FS6-450W,202,Forecast
883,2025-06-02,PLT-AL1,,CUST-003,FS6-450W,153,Forecast
884,2025-06-03,PLT-AL1,,CUST-003,FS6-450W,172,Forecast
885,2025-06-04,PLT-AL1,,CUST-003,FS6-450W,171,Forecast
886,2025-06-05,PLT-AL1,,CUST-003,FS6-450W,191,Forecast
887,2025-06-06,PLT-AL1,,CUST-003,FS6-450W,173,Forecast
888,2025-06-09,PLT-AL1,,CUST-003,FS6-450W,167,Forecast
889,2025-06-10,PLT-AL1,,CUST-003,FS6-450W,170,Forecast
890,2025-06-11,PLT-AL1,,CUST-003,FS6-450W,177,Forecast
891,2025-06-12,PLT-AL1,,CUST-003,FS6-450W,191,Forecast
892,2025-06-13,PLT-AL1,,CUST-003,FS6-450W,161,Forecast
893,2025-06-16,PLT-AL1,,CUST-003,FS6-450W,151,Forecast
894,2025-06-17,PLT-AL1,,CUST-003,FS6-450W,183,Forecast
895,2025-06-18,PLT-AL1,,CUST-003,FS6-450W,165,Forecast
896,2025-06-19,PLT-AL1,,CUST-003,FS6-450W,181,Forecast
897,2025-06-20,PLT-AL1,,CUST-003,FS6-450W,176,Forecast
898,2025-06-23,PLT-AL1,,CUST-003,FS6-450W,182,Forecast
899,2025-06-24,PLT-AL1,,CUST-003,FS6-450W,181,Forecast
900,2025-06-25,PLT-AL1,,CUST-003,FS6-450W,164,Forecast
901,2025-06-26,PLT-AL1,,CUST-003,FS6-450W,152,Forecast
902,2025-06-27,PLT-AL1,,CUST-003,FS6-450W,173,Forecast
903,2025-06-30,PLT-AL1,,CUST-003,FS6-450W,184,Forecast
904,2025-01-01,PLT-AL1,,CUST-004,FS6-450W,311,Customer Order
905,2025-01-02,PLT-AL1,,CUST-004,FS6-450W,360,Customer Order
906,2025-01-03,PLT-AL1,,CUST-004,FS6-450W,334,Customer Order
907,2025-01-06,PLT-AL1,,CUST-004,FS6-450W,353,Customer Order
908,2025-01-07,PLT-AL1,,CUST-004,FS6-450W,348,Customer Order
909,2025-01-08,PLT-AL1,,CUST-004,FS6-450W,363,Customer Order
910,2025-01-09,PLT-AL1,,CUST-004,FS6-450W,302,Customer Order
911,2025-01-10,PLT-AL1,,CUST-004,FS6-450W,360,Customer Order
912,2025-01-13,PLT-AL1,,CUST-004,FS6-450W,334,Customer Order
913,2025-01-14,PLT-AL1,,CUST-004,FS6-450W,321,Customer Order
914,2025-01-15,PLT-AL1,,CUST-004,FS6-450W,300,Customer Order
915,2025-01-16,PLT-AL1,,CUST-004,FS6-450W,313,Customer Order
916,2025-01-17,PLT-AL1,,CUST-004,FS6-450W,300,Customer Order
917,2025-01-20,PLT-AL1,,CUST-004,FS6-450W,372,Customer Order
918,2025-01-21,PLT-AL1,,CUST-004,FS6-450W,339,Customer Order
919,2025-01-22,PLT-AL1,,CUST-004,FS6-450W,377,Customer Order
920,2025-01-23,PLT-AL1,,CUST-004,FS6-450W,341,Customer Order
921,2025-01-24,PLT-AL1,,CUST-004,FS6-450W,317,Customer Order
922,2025-01-27,PLT-AL1,,CUST-004,FS6-450W,358,Customer Order
923,2025-01-28,PLT-AL1,,CUST-004,FS6-450W,312,Customer Order
924,2025-01-29,PLT-AL1,,CUST-004,FS6-450W,326,Customer Order
925,2025-01-30,PLT-AL1,,CUST-004,FS6-450W,360,Customer Order
926,2025-01-31,PLT-AL1,,CUST-004,FS6-450W,367,Customer Order
927,2025-02-03,PLT-AL1,,CUST-004,FS6-450W,338,Customer Order
928,2025-02-04,PLT-AL1,,CUST-004,FS6-450W,320,Customer Order
929,2025-02-05,PLT-AL1,,CUST-004,FS6-450W,341,Customer Order
930,2025-02-06,PLT-AL1,,CUST-004,FS6-450W,385,Customer Order
931,2025-02-07,PLT-AL1,,CUST-004,FS6-450W,372,Customer Order
932,2025-02-10,PLT-AL1,,CUST-004,FS6-450W,385,Customer Order
933,2025-02-11,PLT-AL1,,CUST-004,FS6-450W,342,Customer Order
934,2025-02-12,PLT-AL1,,CUST-004,FS6-450W,392,Customer Order
935,2025-02-13,PLT-AL1,,CUST-004,FS6-450W,352,Customer Order
936,2025-02-14,PLT-AL1,,CUST-004,FS6-450W,352,Customer Order
937,2025-02-17,PLT-AL1,,CUST-004,FS6-450W,388,Customer Order
938,2025-02-18,PLT-AL1,,CUST-004,FS6-450W,353,Customer Order
939,2025-02-19,PLT-AL1,,CUST-004,FS6-450W,377,Customer Order
940,2025-02-20,PLT-AL1,,CUST-004,FS6-450W,371,Customer Order
941,2025-02-21,PLT-AL1,,CUST-004,FS6-450W,316,Customer Order
942,2025-02-24,PLT-AL1,,CUST-004,FS6-450W,360,Customer Order
943,2025-02-25,PLT-AL1,,CUST-004,FS6-450W,379,Customer Order
944,2025-02-26,PLT-AL1,,CUST-004,FS6-450W,356,Customer Order
945,2025-02-27,PLT-AL1,,CUST-004,FS6-450W,337,Customer Order
946,2025-02-28,PLT-AL1,,CUST-004,FS6-450W,316,Customer Order
947,2025-03-03,PLT-AL1,,CUST-004,FS6-450W,377,Customer Order
948,2025-03-04,PLT-AL1,,CUST-004,FS6-450W,346,Customer Order
949,2025-03-05,PLT-AL1,,CUST-004,FS6-450W,372,Customer Order
950,2025-03-06,PLT-AL1,,CUST-004,FS6-450W,356,Customer Order
951,2025-03-07,PLT-AL1,,CUST-004,FS6-450W,379,Customer Order
952,2025-03-10,PLT-AL1,,CUST-004,FS6-450W,350,Customer Order
953,2025-03-11,PLT-AL1,,CUST-004,FS6-450W,323,Customer Order
954,2025-03-12,PLT-AL1,,CUST-004,FS6-450W,395,Customer Order
955,2025-03-13,PLT-AL1,,CUST-004,FS6-450W,350,Customer Order
956,2025-03-14,PLT-AL1,,CUST-004,FS6-450W,406,Customer Order
957,2025-03-17,PLT-AL1,,CUST-004,FS6-450W,343,Customer Order
958,2025-03-18,PLT-AL1,,CUST-004,FS6-450W,404,Customer Order
959,2025-03-19,PLT-AL1,,CUST-004,FS6-450W,402,Customer Order
960,2025-03-20,PLT-AL1,,CUST-004,FS6-450W,326,Customer Order
961,2025-03-21,PLT-AL1,,CUST-004,FS6-450W,375,Customer Order
962,2025-03-24,PLT-AL1,,CUST-004,FS6-450W,351,Customer Order
963,2025-03-25,PLT-AL1,,CUST-004,FS6-450W,389,Customer Order
964,2025-03-26,PLT-AL1,,CUST-004,FS6-450W,378,Customer Order
965,2025-03-27,PLT-AL1,,CUST-004,FS6-450W,402,Customer Order
966,2025-03-28,PLT-AL1,,CUST-004,FS6-450W,332,Customer Order
967,2025-03-31,PLT-AL1,,CUST-004,FS6-450W,372,Customer Order
968,2025-04-01,PLT-AL1,,CUST-004,FS6-450W,426,Customer Order
969,2025-04-02,PLT-AL1,,CUST-004,FS6-450W,354,Forecast
970,2025-04-03,PLT-AL1,,CUST-004,FS6-450W,358,Forecast
971,2025-04-04,PLT-AL1,,CUST-004,FS6-450W,426,Forecast
972,2025-04-07,PLT-AL1,,CUST-004,FS6-450W,386,Forecast
973,2025-04-08,PLT-AL1,,CUST-004,FS6-450W,388,Forecast
974,2025-04-09,PLT-AL1,,CUST-004,FS6-450W,405,Forecast
975,2025-04-10,PLT-AL1,,CUST-004,FS6-450W,409,Forecast
976,2025-04-11,PLT-AL1,,CUST-004,FS6-450W,416,Forecast
977,2025-04-14,PLT-AL1,,CUST-004,FS6-450W,442,Forecast
978,2025-04-15,PLT-AL1,,CUST-004,FS6-450W,387,Forecast
979,2025-04-16,PLT-AL1,,CUST-004,FS6-450W,424,Forecast
980,2025-04-17,PLT-AL1,,CUST-004,FS6-450W,406,Forecast
981,2025-04-18,PLT-AL1,,CUST-004,FS6-450W,402,Forecast
982,2025-04-21,PLT-AL1,,CUST-004,FS6-450W,389,Forecast
983,2025-04-22,PLT-AL1,,CUST-004,FS6-450W,413,Forecast
984,2025-04-23,PLT-AL1,,CUST-004,FS6-450W,375,Forecast
985,2025-04-24,PLT-AL1,,CUST-004,FS6-450W,362,Forecast
986,2025-04-25,PLT-AL1,,CUST-004,FS6-450W,422,Forecast
987,2025-04-28,PLT-AL1,,CUST-004,FS6-450W,399,Forecast
988,2025-04-29,PLT-AL1,,CUST-004,FS6-450W,388,Forecast
989,2025-04-30,PLT-AL1,,CUST-004,FS6-450W,405,Forecast
990,2025-05-01,PLT-AL1,,CUST-004,FS6-450W,376,Forecast
991,2025-05-02,PLT-AL1,,CUST-004,FS6-450W,376,Forecast
992,2025-05-05,PLT-AL1,,CUST-004,FS6-450W,394,Forecast
993,2025-05-06,PLT-AL1,,CUST-004,FS6-450W,447,Forecast
994,2025-05-07,PLT-AL1,,CUST-004,FS6-450W,378,Forecast
995,2025-05-08,PLT-AL1,,CUST-004,FS6-450W,439,Forecast
996,2025-05-09,PLT-AL1,,CUST-004,FS6-450W,398,Forecast
997,2025-05-12,PLT-AL1,,CUST-004,FS6-450W,363,Forecast
998,2025-05-13,PLT-AL1,,CUST-004,FS6-450W,433,Forecast
999,2025-05-14,PLT-AL1,,CUST-004,FS6-450W,394,Forecast
1000,2025-05-15,PLT-AL1,,CUST-004,FS6-450W,437,Forecast
1001,2025-05-16,PLT-AL1,,CUST-004,FS6-450W,394,Forecast
1002,2025-05-19,PLT-AL1,,CUST-004,FS6-450W,360,Forecast
1003,2025-05-20,PLT-AL1,,CUST-004,FS6-450W,416,Forecast
1004,2025-05-21,PLT-AL1,,CUST-004,FS6-450W,432,Forecast
1005,2025-05-22,PLT-AL1,,CUST-004,FS6-450W,382,Forecast
1006,2025-05-23,PLT-AL1,,CUST-004,FS6-450W,384,Forecast
1007,2025-05-26,PLT-AL1,,CUST-004,FS6-450W,357,Forecast
1008,2025-05-27,PLT-AL1,,CUST-004,FS6-450W,403,Forecast
1009,2025-05-28,PLT-AL1,,CUST-004,FS6-450W,436,Forecast
1010,2025-05-29,PLT-AL1,,CUST-004,FS6-450W,433,Forecast
1011,2025-05-30,PLT-AL1,,CUST-004,FS6-450W,419,Forecast
1012,2025-06-02,PLT-AL1,,CUST-004,FS6-450W,416,Forecast
1013,2025-06-03,PLT-AL1,,CUST-004,FS6-450W,390,Forecast
1014,2025-06-04,PLT-AL1,,CUST-004,FS6-450W,404,Forecast
1015,2025-06-05,PLT-AL1,,CUST-004,FS6-450W,378,Forecast
1016,2025-06-06,PLT-AL1,,CUST-004,FS6-450W,343,Forecast
1017,2025-06-09,PLT-AL1,,CUST-004,FS6-450W,350,Forecast
1018,2025-06-10,PLT-AL1,,CUST-004,FS6-450W,345,Forecast
1019,2025-06-11,PLT-AL1,,CUST-004,FS6-450W,404,Forecast
1020,2025-06-12,PLT-AL1,,CUST-004,FS6-450W,334,Forecast
1021,2025-06-13,PLT-AL1,,CUST-004,FS6-450W,382,Forecast
1022,2025-06-16,PLT-AL1,,CUST-004,FS6-450W,365,Forecast
1023,2025-06-17,PLT-AL1,,CUST-004,FS6-450W,405,Forecast
1024,2025-06-18,PLT-AL1,,CUST-004,FS6-450W,382,Forecast
1025,2025-06-19,PLT-AL1,,CUST-004,FS6-450W,387,Forecast
1026,2025-06-20,PLT-AL1,,CUST-004,FS6-450W,340,Forecast
1027,2025-06-23,PLT-AL1,,CUST-004,FS6-450W,360,Forecast
1028,2025-06-24,PLT-AL1,,CUST-004,FS6-450W,422,Forecast
1029,2025-06-25,PLT-AL1,,CUST-004,FS6-450W,397,Forecast
1030,2025-06-26,PLT-AL1,,CUST-004,FS6-450W,380,Forecast
1031,2025-06-27,PLT-AL1,,CUST-004,FS6-450W,402,Forecast
1032,2025-06-30,PLT-AL1,,CUST-004,FS6-450W,406,Forecast
1033,2025-01-01,PLT-OH1,,CUST-005,FS7-500W,255,Customer Order
1034,2025-01-02,PLT-OH1,,CUST-005,FS7-500W,316,Customer Order
1035,2025-01-03,PLT-OH1,,CUST-005,FS7-500W,294,Customer Order
1036,2025-01-06,PLT-OH1,,CUST-005,FS7-500W,281,Customer Order
1037,2025-01-07,PLT-OH1,,CUST-005,FS7-500W,296,Customer Order
1038,2025-01-08,PLT-OH1,,CUST-005,FS7-500W,274,Customer Order
1039,2025-01-09,PLT-OH1,,CUST-005,FS7-500W,310,Customer Order
1040,2025-01-10,PLT-OH1,,CUST-005,FS7-500W,303,Customer Order
1041,2025-01-13,PLT-OH1,,CUST-005,FS7-500W,294,Customer Order
1042,2025-01-14,PLT-OH1,,CUST-005,FS7-500W,262,Customer Order
1043,2025-01-15,PLT-OH1,,CUST-005,FS7-500W,316,Customer Order
1044,2025-01-16,PLT-OH1,,CUST-005,FS7-500W,280,Customer Order
1045,2025-01-17,PLT-OH1,,CUST-005,FS7-500W,312,Customer Order
1046,2025-01-20,PLT-OH1,,CUST-005,FS7-500W,254,Customer Order
1047,2025-01-21,PLT-OH1,,CUST-005,FS7-500W,259,Customer Order
1048,2025-01-22,PLT-OH1,,CUST-005,FS7-500W,261,Customer Order
1049,2025-01-23,PLT-OH1,,CUST-005,FS7-500W,261,Customer Order
1050,2025-01-24,PLT-OH1,,CUST-005,FS7-500W,272,Customer Order
1051,2025-01-27,PLT-OH1,,CUST-005,FS7-500W,298,Customer Order
1052,2025-01-28,PLT-OH1,,CUST-005,FS7-500W,274,Customer Order
1053,2025-01-29,PLT-OH1,,CUST-005,FS7-500W,314,Customer Order
1054,2025-01-30,PLT-OH1,,CUST-005,FS7-500W,311,Customer Order
1055,2025-01-31,PLT-OH1,,CUST-005,FS7-500W,308,Customer Order
1056,2025-02-03,PLT-OH1,,CUST-005,FS7-500W,279,Customer Order
1057,2025-02-04,PLT-OH1,,CUST-005,FS7-500W,306,Customer Order
1058,2025-02-05,PLT-OH1,,CUST-005,FS7-500W,300,Customer Order
1059,2025-02-06,PLT-OH1,,CUST-005,FS7-500W,270,Customer Order
1060,2025-02-07,PLT-OH1,,CUST-005,FS7-500W,282,Customer Order
1061,2025-02-10,PLT-OH1,,CUST-005,FS7-500W,299,Customer Order
1062,2025-02-11,PLT-OH1,,CUST-005,FS7-500W,297,Customer Order
1063,2025-02-12,PLT-OH1,,CUST-005,FS7-500W,273,Customer Order
1064,2025-02-13,PLT-OH1,,CUST-005,FS7-500W,328,Customer Order
1065,2025-02-14,PLT-OH1,,CUST-005,FS7-500W,272,Customer Order
1066,2025-02-17,PLT-OH1,,CUST-005,FS7-500W,308,Customer Order
1067,2025-02-18,PLT-OH1,,CUST-005,FS7-500W,312,Customer Order
1068,2025-02-19,PLT-OH1,,CUST-005,FS7-500W,304,Customer Order
1069,2025-02-20,PLT-OH1,,CUST-005,FS7-500W,321,Customer Order
1070,2025-02-21,PLT-OH1,,CUST-005,FS7-500W,301,Customer Order
1071,2025-02-24,PLT-OH1,,CUST-005,FS7-500W,320,Customer Order
1072,2025-02-25,PLT-OH1,,CUST-005,FS7-500W,263,Customer Order
1073,2025-02-26,PLT-OH1,,CUST-005,FS7-500W,264,Customer Order
1074,2025-02-27,PLT-OH1,,CUST-005,FS7-500W,306,Customer Order
1075,2025-02-28,PLT-OH1,,CUST-005,FS7-500W,302,Customer Order
1076,2025-03-03,PLT-OH1,,CUST-005,FS7-500W,317,Customer Order
1077,2025-03-04,PLT-OH1,,CUST-005,FS7-500W,325,Customer Order
1078,2025-03-05,PLT-OH1,,CUST-005,FS7-500W,299,Customer Order
1079,2025-03-06,PLT-OH1,,CUST-005,FS7-500W,316,Customer Order
1080,2025-03-07,PLT-OH1,,CUST-005,FS7-500W,305,Customer Order
1081,2025-03-10,PLT-OH1,,CUST-005,FS7-500W,315,Customer Order
1082,2025-03-11,PLT-OH1,,CUST-005,FS7-500W,290,Customer Order
1083,2025-03-12,PLT-OH1,,CUST-005,FS7-500W,339,Customer Order
1084,2025-03-13,PLT-OH1,,CUST-005,FS7-500W,304,Customer Order
1085,2025-03-14,PLT-OH1,,CUST-005,FS7-500W,328,Customer Order
1086,2025-03-17,PLT-OH1,,CUST-005,FS7-500W,319,Customer Order
1087,2025-03-18,PLT-OH1,,CUST-005,FS7-500W,291,Customer Order
1088,2025-03-19,PLT-OH1,,CUST-005,FS7-500W,274,Customer Order
1089,2025-03-20,PLT-OH1,,CUST-005,FS7-500W,273,Customer Order
1090,2025-03-21,PLT-OH1,,CUST-005,FS7-500W,301,Customer Order
1091,2025-03-24,PLT-OH1,,CUST-005,FS7-500W,304,Customer Order
1092,2025-03-25,PLT-OH1,,CUST-005,FS7-500W,284,Customer Order
1093,2025-03-26,PLT-OH1,,CUST-005,FS7-500W,313,Customer Order
1094,2025-03-27,PLT-OH1,,CUST-005,FS7-500W,292,Customer Order
1095,2025-03-28,PLT-OH1,,CUST-005,FS7-500W,322,Customer Order
1096,2025-03-31,PLT-OH1,,CUST-005,FS7-500W,323,Customer Order
1097,2025-04-01,PLT-OH1,,CUST-005,FS7-500W,365,Customer Order
1098,2025-04-02,PLT-OH1,,CUST-005,FS7-500W,374,Forecast
1099,2025-04-03,PLT-OH1,,CUST-005,FS7-500W,306,Forecast
1100,2025-04-04,PLT-OH1,,CUST-005,FS7-500W,326,Forecast
1101,2025-04-07,PLT-OH1,,CUST-005,FS7-500W,341,Forecast
1102,2025-04-08,PLT-OH1,,CUST-005,FS7-500W,322,Forecast
1103,2025-04-09,PLT-OH1,,CUST-005,FS7-500W,333,Forecast
1104,2025-04-10,PLT-OH1,,CUST-005,FS7-500W,317,Forecast
1105,2025-04-11,PLT-OH1,,CUST-005,FS7-500W,316,Forecast
1106,2025-04-14,PLT-OH1,,CUST-005,FS7-500W,304,Forecast
1107,2025-04-15,PLT-OH1,,CUST-005,FS7-500W,319,Forecast
1108,2025-04-16,PLT-OH1,,CUST-005,FS7-500W,327,Forecast
1109,2025-04-17,PLT-OH1,,CUST-005,FS7-500W,345,Forecast
1110,2025-04-18,PLT-OH1,,CUST-005,FS7-500W,316,Forecast
1111,2025-04-21,PLT-OH1,,CUST-005,FS7-500W,366,Forecast
1112,2025-04-22,PLT-OH1,,CUST-005,FS7-500W,309,Forecast
1113,2025-04-23,PLT-OH1,,CUST-005,FS7-500W,322,Forecast
1114,2025-04-24,PLT-OH1,,CUST-005,FS7-500W,342,Forecast
1115,2025-04-25,PLT-OH1,,CUST-005,FS7-500W,321,Forecast
1116,2025-04-28,PLT-OH1,,CUST-005,FS7-500W,357,Forecast
1117,2025-04-29,PLT-OH1,,CUST-005,FS7-500W,336,Forecast
1118,2025-04-30,PLT-OH1,,CUST-005,FS7-500W,337,Forecast
1119,2025-05-01,PLT-OH1,,CUST-005,FS7-500W,336,Forecast
1120,2025-05-02,PLT-OH1,,CUST-005,FS7-500W,321,Forecast
1121,2025-05-05,PLT-OH1,,CUST-005,FS7-500W,298,Forecast
1122,2025-05-06,PLT-OH1,,CUST-005,FS7-500W,372,Forecast
1123,2025-05-07,PLT-OH1,,CUST-005,FS7-500W,337,Forecast
1124,2025-05-08,PLT-OH1,,CUST-005,FS7-500W,374,Forecast
1125,2025-05-09,PLT-OH1,,CUST-005,FS7-500W,313,Forecast
1126,2025-05-12,PLT-OH1,,CUST-005,FS7-500W,324,Forecast
1127,2025-05-13,PLT-OH1,,CUST-005,FS7-500W,300,Forecast
1128,2025-05-14,PLT-OH1,,CUST-005,FS7-500W,336,Forecast
1129,2025-05-15,PLT-OH1,,CUST-005,FS7-500W,367,Forecast
1130,2025-05-16,PLT-OH1,,CUST-005,FS7-500W,349,Forecast
1131,2025-05-19,PLT-OH1,,CUST-005,FS7-500W,334,Forecast
1132,2025-05-20,PLT-OH1,,CUST-005,FS7-500W,339,Forecast
1133,2025-05-21,PLT-OH1,,CUST-005,FS7-500W,364,Forecast
1134,2025-05-22,PLT-OH1,,CUST-005,FS7-500W,331,Forecast
1135,2025-05-23,PLT-OH1,,CUST-005,FS7-500W,367,Forecast
1136,2025-05-26,PLT-OH1,,CUST-005,FS7-500W,354,Forecast
1137,2025-05-27,PLT-OH1,,CUST-005,FS7-500W,357,Forecast
1138,2025-05-28,PLT-OH1,,CUST-005,FS7-500W,325,Forecast
1139,2025-05-29,PLT-OH1,,CUST-005,FS7-500W,328,Forecast
1140,2025-05-30,PLT-OH1,,CUST-005,FS7-500W,342,Forecast
1141,2025-06-02,PLT-OH1,,CUST-005,FS7-500W,294,Forecast
1142,2025-06-03,PLT-OH1,,CUST-005,FS7-500W,322,Forecast
1143,2025-06-04,PLT-OH1,,CUST-005,FS7-500W,285,Forecast
1144,2025-06-05,PLT-OH1,,CUST-005,FS7-500W,318,Forecast
1145,2025-06-06,PLT-OH1,,CUST-005,FS7-500W,338,Forecast
1146,2025-06-09,PLT-OH1,,CUST-005,FS7-500W,301,Forecast
1147,2025-06-10,PLT-OH1,,CUST-005,FS7-500W,355,Forecast
1148,2025-06-11,PLT-OH1,,CUST-005,FS7-500W,332,Forecast
1149,2025-06-12,PLT-OH1,,CUST-005,FS7-500W,289,Forecast
1150,2025-06-13,PLT-OH1,,CUST-005,FS7-500W,354,Forecast
1151,2025-06-16,PLT-OH1,,CUST-005,FS7-500W,310,Forecast
1152,2025-06-17,PLT-OH1,,CUST-005,FS7-500W,340,Forecast
1153,2025-06-18,PLT-OH1,,CUST-005,FS7-500W,306,Forecast
1154,2025-06-19,PLT-OH1,,CUST-005,FS7-500W,351,Forecast
1155,2025-06-20,PLT-OH1,,CUST-005,FS7-500W,337,Forecast
1156,2025-06-23,PLT-OH1,,CUST-005,FS7-500W,295,Forecast
1157,2025-06-24,PLT-OH1,,CUST-005,FS7-500W,318,Forecast
1158,2025-06-25,PLT-OH1,,CUST-005,FS7-500W,318,Forecast
1159,2025-06-26,PLT-OH1,,CUST-005,FS7-500W,283,Forecast
1160,2025-06-27,PLT-OH1,,CUST-005,FS7-500W,290,Forecast
1161,2025-06-30,PLT-OH1,,CUST-005,FS7-500W,305,Forecast
1162,2025-01-01,PLT-AL1,,CUST-006,FS7-500W,233,Customer Order
1163,2025-01-02,PLT-AL1,,CUST-006,FS7-500W,232,Customer Order
1164,2025-01-03,PLT-AL1,,CUST-006,FS7-500W,240,Customer Order
1165,2025-01-06,PLT-AL1,,CUST-006,FS7-500W,235,Customer Order
1166,2025-01-07,PLT-AL1,,CUST-006,FS7-500W,225,Customer Order
1167,2025-01-08,PLT-AL1,,CUST-006,FS7-500W,241,Customer Order
1168,2025-01-09,PLT-AL1,,CUST-006,FS7-500W,215,Customer Order
1169,2025-01-10,PLT-AL1,,CUST-006,FS7-500W,262,Customer Order
1170,2025-01-13,PLT-AL1,,CUST-006,FS7-500W,248,Customer Order
1171,2025-01-14,PLT-AL1,,CUST-006,FS7-500W,223,Customer Order
1172,2025-01-15,PLT-AL1,,CUST-006,FS7-500W,225,Customer Order
1173,2025-01-16,PLT-AL1,,CUST-006,FS7-500W,253,Customer Order
1174,2025-01-17,PLT-AL1,,CUST-006,FS7-500W,236,Customer Order
1175,2025-01-20,PLT-AL1,,CUST-006,FS7-500W,246,Customer Order
1176,2025-01-21,PLT-AL1,,CUST-006,FS7-500W,223,Customer Order
1177,2025-01-22,PLT-AL1,,CUST-006,FS7-500W,252,Customer Order
1178,2025-01-23,PLT-AL1,,CUST-006,FS7-500W,227,Customer Order
1179,2025-01-24,PLT-AL1,,CUST-006,FS7-500W,244,Customer Order
1180,2025-01-27,PLT-AL1,,CUST-006,FS7-500W,262,Customer Order
1181,2025-01-28,PLT-AL1,,CUST-006,FS7-500W,239,Customer Order
1182,2025-01-29,PLT-AL1,,CUST-006,FS7-500W,251,Customer Order
1183,2025-01-30,PLT-AL1,,CUST-006,FS7-500W,247,Customer Order
1184,2025-01-31,PLT-AL1,,CUST-006,FS7-500W,245,Customer Order
1185,2025-02-03,PLT-AL1,,CUST-006,FS7-500W,217,Customer Order
1186,2025-02-04,PLT-AL1,,CUST-006,FS7-500W,243,Customer Order
1187,2025-02-05,PLT-AL1,,CUST-006,FS7-500W,272,Customer Order
1188,2025-02-06,PLT-AL1,,CUST-006,FS7-500W,261,Customer Order
1189,2025-02-07,PLT-AL1,,CUST-006,FS7-500W,261,Customer Order
1190,2025-02-10,PLT-AL1,,CUST-006,FS7-500W,249,Customer Order
1191,2025-02-11,PLT-AL1,,CUST-006,FS7-500W,258,Customer Order
1192,2025-02-12,PLT-AL1,,CUST-006,FS7-500W,249,Customer Order
1193,2025-02-13,PLT-AL1,,CUST-006,FS7-500W,225,Customer Order
1194,2025-02-14,PLT-AL1,,CUST-006,FS7-500W,252,Customer Order
1195,2025-02-17,PLT-AL1,,CUST-006,FS7-500W,252,Customer Order
1196,2025-02-18,PLT-AL1,,CUST-006,FS7-500W,265,Customer Order
1197,2025-02-19,PLT-AL1,,CUST-006,FS7-500W,224,Customer Order
1198,2025-02-20,PLT-AL1,,CUST-006,FS7-500W,255,Customer Order
1199,2025-02-21,PLT-AL1,,CUST-006,FS7-500W,217,Customer Order
1200,2025-02-24,PLT-AL1,,CUST-006,FS7-500W,271,Customer Order
1201,2025-02-25,PLT-AL1,,CUST-006,FS7-500W,222,Customer Order
1202,2025-02-26,PLT-AL1,,CUST-006,FS7-500W,216,Customer Order
1203,2025-02-27,PLT-AL1,,CUST-006,FS7-500W,234,Customer Order
1204,2025-02-28,PLT-AL1,,CUST-006,FS7-500W,224,Customer Order
1205,2025-03-03,PLT-AL1,,CUST-006,FS7-500W,264,Customer Order
1206,2025-03-04,PLT-AL1,,CUST-006,FS7-500W,247,Customer Order
1207,2025-03-05,PLT-AL1,,CUST-006,FS7-500W,269,Customer Order
1208,2025-03-06,PLT-AL1,,CUST-006,FS7-500W,278,Customer Order
1209,2025-03-07,PLT-AL1,,CUST-006,FS7-500W,275,Customer Order
1210,2025-03-10,PLT-AL1,,CUST-006,FS7-500W,266,Customer Order
1211,2025-03-11,PLT-AL1,,CUST-006,FS7-500W,226,Customer Order
1212,2025-03-12,PLT-AL1,,CUST-006,FS7-500W,230,Customer Order
1213,2025-03-13,PLT-AL1,,CUST-006,FS7-500W,234,Customer Order
1214,2025-03-14,PLT-AL1,,CUST-006,FS7-500W,242,Customer Order
1215,2025-03-17,PLT-AL1,,CUST-006,FS7-500W,262,Customer Order
1216,2025-03-18,PLT-AL1,,CUST-006,FS7-500W,254,Customer Order
1217,2025-03-19,PLT-AL1,,CUST-006,FS7-500W,241,Customer Order
1218,2025-03-20,PLT-AL1,,CUST-006,FS7-500W,232,Customer Order
1219,2025-03-21,PLT-AL1,,CUST-006,FS7-500W,277,Customer Order
1220,2025-03-24,PLT-AL1,,CUST-006,FS7-500W,243,Customer Order
1221,2025-03-25,PLT-AL1,,CUST-006,FS7-500W,243,Customer Order
1222,2025-03-26,PLT-AL1,,CUST-006,FS7-500W,269,Customer Order
1223,2025-03-27,PLT-AL1,,CUST-006,FS7-500W,266,Customer Order
1224,2025-03-28,PLT-AL1,,CUST-006,FS7-500W,261,Customer Order
1225,2025-03-31,PLT-AL1,,CUST-006,FS7-500W,264,Customer Order
1226,2025-04-01,PLT-AL1,,CUST-006,FS7-500W,285,Customer Order
1227,2025-04-02,PLT-AL1,,CUST-006,FS7-500W,257,Forecast
1228,2025-04-03,PLT-AL1,,CUST-006,FS7-500W,260,Forecast
1229,2025-04-04,PLT-AL1,,CUST-006,FS7-500W,281,Forecast
1230,2025-04-07,PLT-AL1,,CUST-006,FS7-500W,259,Forecast
1231,2025-04-08,PLT-AL1,,CUST-006,FS7-500W,309,Forecast
1232,2025-04-09,PLT-AL1,,CUST-006,FS7-500W,264,Forecast
1233,2025-04-10,PLT-AL1,,CUST-006,FS7-500W,263,Forecast
1234,2025-04-11,PLT-AL1,,CUST-006,FS7-500W,258,Forecast
1235,2025-04-14,PLT-AL1,,CUST-006,FS7-500W,291,Forecast
1236,2025-04-15,PLT-AL1,,CUST-006,FS7-500W,265,Forecast
1237,2025-04-16,PLT-AL1,,CUST-006,FS7-500W,267,Forecast
1238,2025-04-17,PLT-AL1,,CUST-006,FS7-500W,306,Forecast
1239,2025-04-18,PLT-AL1,,CUST-006,FS7-500W,297,Forecast
1240,2025-04-21,PLT-AL1,,CUST-006,FS7-500W,262,Forecast
1241,2025-04-22,PLT-AL1,,CUST-006,FS7-500W,252,Forecast
1242,2025-04-23,PLT-AL1,,CUST-006,FS7-500W,289,Forecast
1243,2025-04-24,PLT-AL1,,CUST-006,FS7-500W,269,Forecast
1244,2025-04-25,PLT-AL1,,CUST-006,FS7-500W,309,Forecast
1245,2025-04-28,PLT-AL1,,CUST-006,FS7-500W,299,Forecast
1246,2025-04-29,PLT-AL1,,CUST-006,FS7-500W,308,Forecast
1247,2025-04-30,PLT-AL1,,CUST-006,FS7-500W,298,Forecast
1248,2025-05-01,PLT-AL1,,CUST-006,FS7-500W,263,Forecast
1249,2025-05-02,PLT-AL1,,CUST-006,FS7-500W,263,Forecast
1250,2025-05-05,PLT-AL1,,CUST-006,FS7-500W,292,Forecast
1251,2025-05-06,PLT-AL1,,CUST-006,FS7-500W,267,Forecast
1252,2025-05-07,PLT-AL1,,CUST-006,FS7-500W,274,Forecast
1253,2025-05-08,PLT-AL1,,CUST-006,FS7-500W,261,Forecast
1254,2025-05-09,PLT-AL1,,CUST-006,FS7-500W,276,Forecast
1255,2025-05-12,PLT-AL1,,CUST-006,FS7-500W,258,Forecast
1256,2025-05-13,PLT-AL1,,CUST-006,FS7-500W,280,Forecast
1257,2025-05-14,PLT-AL1,,CUST-006,FS7-500W,306,Forecast
1258,2025-05-15,PLT-AL1,,CUST-006,FS7-500W,290,Forecast
1259,2025-05-16,PLT-AL1,,CUST-006,FS7-500W,253,Forecast
1260,2025-05-19,PLT-AL1,,CUST-006,FS7-500W,285,Forecast
1261,2025-05-20,PLT-AL1,,CUST-006,FS7-500W,283,Forecast
1262,2025-05-21,PLT-AL1,,CUST-006,FS7-500W,260,Forecast
1263,2025-05-22,PLT-AL1,,CUST-006,FS7-500W,289,Forecast
1264,2025-05-23,PLT-AL1,,CUST-006,FS7-500W,279,Forecast
1265,2025-05-26,PLT-AL1,,CUST-006,FS7-500W,287,Forecast
1266,2025-05-27,PLT-AL1,,CUST-006,FS7-500W,248,Forecast
1267,2025-05-28,PLT-AL1,,CUST-006,FS7-500W,272,Forecast
1268,2025-05-29,PLT-AL1,,CUST-006,FS7-500W,292,Forecast
1269,2025-05-30,PLT-AL1,,CUST-006,FS7-500W,251,Forecast
1270,2025-06-02,PLT-AL1,,CUST-006,FS7-500W,279,Forecast
1271,2025-06-03,PLT-AL1,,CUST-006,FS7-500W,231,Forecast
1272,2025-06-04,PLT-AL1,,CUST-006,FS7-500W,265,Forecast
1273,2025-06-05,PLT-AL1,,CUST-006,FS7-500W,289,Forecast
1274,2025-06-06,PLT-AL1,,CUST-006,FS7-500W,256,Forecast
1275,2025-06-09,PLT-AL1,,CUST-006,FS7-500W,290,Forecast
1276,2025-06-10,PLT-AL1,,CUST-006,FS7-500W,286,Forecast
1277,2025-06-11,PLT-AL1,,CUST-006,FS7-500W,261,Forecast
1278,2025-06-12,PLT-AL1,,CUST-006,FS7-500W,243,Forecast
1279,2025-06-13,PLT-AL1,,CUST-006,FS7-500W,291,Forecast
1280,2025-06-16,PLT-AL1,,CUST-006,FS7-500W,251,Forecast
1281,2025-06-17,PLT-AL1,,CUST-006,FS7-500W,271,Forecast
1282,2025-06-18,PLT-AL1,,CUST-006,FS7-500W,288,Forecast
1283,2025-06-19,PLT-AL1,,CUST-006,FS7-500W,236,Forecast
1284,2025-06-20,PLT-AL1,,CUST-006,FS7-500W,267,Forecast
1285,2025-06-23,PLT-AL1,,CUST-006,FS7-500W,264,Forecast
1286,2025-06-24,PLT-AL1,,CUST-006,FS7-500W,276,Forecast
1287,2025-06-25,PLT-AL1,,CUST-006,FS7-500W,290,Forecast
1288,2025-06-26,PLT-AL1,,CUST-006,FS7-500W,288,Forecast
1289,2025-06-27,PLT-AL1,,CUST-006,FS7-500W,242,Forecast
1290,2025-06-30,PLT-AL1,,CUST-006,FS7-500W,286,Forecast
1291,2025-01-01,PLT-LA1,,CUST-006,FS6-450W,356,Customer Order
1292,2025-01-02,PLT-LA1,,CUST-006,FS6-450W,425,Customer Order
1293,2025-01-03,PLT-LA1,,CUST-006,FS6-450W,432,Customer Order
1294,2025-01-06,PLT-LA1,,CUST-006,FS6-450W,377,Customer Order
1295,2025-01-07,PLT-LA1,,CUST-006,FS6-450W,386,Customer Order
1296,2025-01-08,PLT-LA1,,CUST-006,FS6-450W,427,Customer Order
1297,2025-01-09,PLT-LA1,,CUST-006,FS6-450W,429,Customer Order
1298,2025-01-10,PLT-LA1,,CUST-006,FS6-450W,426,Customer Order
1299,2025-01-13,PLT-LA1,,CUST-006,FS6-450W,421,Customer Order
1300,2025-01-14,PLT-LA1,,CUST-006,FS6-450W,341,Customer Order
1301,2025-01-15,PLT-LA1,,CUST-006,FS6-450W,392,Customer Order
1302,2025-01-16,PLT-LA1,,CUST-006,FS6-450W,350,Customer Order
1303,2025-01-17,PLT-LA1,,CUST-006,FS6-450W,431,Customer Order
1304,2025-01-20,PLT-LA1,,CUST-006,FS6-450W,366,Customer Order
1305,2025-01-21,PLT-LA1,,CUST-006,FS6-450W,431,Customer Order
1306,2025-01-22,PLT-LA1,,CUST-006,FS6-450W,390,Customer Order
1307,2025-01-23,PLT-LA1,,CUST-006,FS6-450W,386,Customer Order
1308,2025-01-24,PLT-LA1,,CUST-006,FS6-450W,427,Customer Order
1309,2025-01-27,PLT-LA1,,CUST-006,FS6-450W,419,Customer Order
1310,2025-01-28,PLT-LA1,,CUST-006,FS6-450W,383,Customer Order
1311,2025-01-29,PLT-LA1,,CUST-006,FS6-450W,358,Customer Order
1312,2025-01-30,PLT-LA1,,CUST-006,FS6-450W,350,Customer Order
1313,2025-01-31,PLT-LA1,,CUST-006,FS6-450W,355,Customer Order
1314,2025-02-03,PLT-LA1,,CUST-006,FS6-450W,399,Customer Order
1315,2025-02-04,PLT-LA1,,CUST-006,FS6-450W,379,Customer Order
1316,2025-02-05,PLT-LA1,,CUST-006,FS6-450W,372,Customer Order
1317,2025-02-06,PLT-LA1,,CUST-006,FS6-450W,426,Customer Order
1318,2025-02-07,PLT-LA1,,CUST-006,FS6-450W,431,Customer Order
1319,2025-02-10,PLT-LA1,,CUST-006,FS6-450W,409,Customer Order
1320,2025-02-11,PLT-LA1,,CUST-006,FS6-450W,428,Customer Order
1321,2025-02-12,PLT-LA1,,CUST-006,FS6-450W,371,Customer Order
1322,2025-02-13,PLT-LA1,,CUST-006,FS6-450W,437,Customer Order
1323,2025-02-14,PLT-LA1,,CUST-006,FS6-450W,441,Customer Order
1324,2025-02-17,PLT-LA1,,CUST-006,FS6-450W,434,Customer Order
1325,2025-02-18,PLT-LA1,,CUST-006,FS6-450W,404,Customer Order
1326,2025-02-19,PLT-LA1,,CUST-006,FS6-450W,363,Customer Order
1327,2025-02-20,PLT-LA1,,CUST-006,FS6-450W,419,Customer Order
1328,2025-02-21,PLT-LA1,,CUST-006,FS6-450W,372,Customer Order
1329,2025-02-24,PLT-LA1,,CUST-006,FS6-450W,368,Customer Order
1330,2025-02-25,PLT-LA1,,CUST-006,FS6-450W,386,Customer Order
1331,2025-02-26,PLT-LA1,,CUST-006,FS6-450W,378,Customer Order
1332,2025-02-27,PLT-LA1,,CUST-006,FS6-450W,380,Customer Order
1333,2025-02-28,PLT-LA1,,CUST-006,FS6-450W,377,Customer Order
1334,2025-03-03,PLT-LA1,,CUST-006,FS6-450W,440,Customer Order
1335,2025-03-04,PLT-LA1,,CUST-006,FS6-450W,460,Customer Order
1336,2025-03-05,PLT-LA1,,CUST-006,FS6-450W,395,Customer Order
1337,2025-03-06,PLT-LA1,,CUST-006,FS6-450W,437,Customer Order
1338,2025-03-07,PLT-LA1,,CUST-006,FS6-450W,366,Customer Order
1339,2025-03-10,PLT-LA1,,CUST-006,FS6-450W,430,Customer Order
1340,2025-03-11,PLT-LA1,,CUST-006,FS6-450W,434,Customer Order
1341,2025-03-12,PLT-LA1,,CUST-006,FS6-450W,372,Customer Order
1342,2025-03-13,PLT-LA1,,CUST-006,FS6-450W,377,Customer Order
1343,2025-03-14,PLT-LA1,,CUST-006,FS6-450W,396,Customer Order
1344,2025-03-17,PLT-LA1,,CUST-006,FS6-450W,406,Customer Order
1345,2025-03-18,PLT-LA1,,CUST-006,FS6-450W,415,Customer Order
1346,2025-03-19,PLT-LA1,,CUST-006,FS6-450W,455,Customer Order
1347,2025-03-20,PLT-LA1,,CUST-006,FS6-450W,435,Customer Order
1348,2025-03-21,PLT-LA1,,CUST-006,FS6-450W,396,Customer Order
1349,2025-03-24,PLT-LA1,,CUST-006,FS6-450W,377,Customer Order
1350,2025-03-25,PLT-LA1,,CUST-006,FS6-450W,457,Customer Order
1351,2025-03-26,PLT-LA1,,CUST-006,FS6-450W,395,Customer Order
1352,2025-03-27,PLT-LA1,,CUST-006,FS6-450W,427,Customer Order
1353,2025-03-28,PLT-LA1,,CUST-006,FS6-450W,387,Customer Order
1354,2025-03-31,PLT-LA1,,CUST-006,FS6-450W,379,Customer Order
1355,2025-04-01,PLT-LA1,,CUST-006,FS6-450W,419,Customer Order
1356,2025-04-02,PLT-LA1,,CUST-006,FS6-450W,484,Forecast
1357,2025-04-03,PLT-LA1,,CUST-006,FS6-450W,468,Forecast
1358,2025-04-04,PLT-LA1,,CUST-006,FS6-450W,447,Forecast
1359,2025-04-07,PLT-LA1,,CUST-006,FS6-450W,462,Forecast
1360,2025-04-08,PLT-LA1,,CUST-006,FS6-450W,453,Forecast
1361,2025-04-09,PLT-LA1,,CUST-006,FS6-450W,461,Forecast
1362,2025-04-10,PLT-LA1,,CUST-006,FS6-450W,475,Forecast
1363,2025-04-11,PLT-LA1,,CUST-006,FS6-450W,426,Forecast
1364,2025-04-14,PLT-LA1,,CUST-006,FS6-450W,429,Forecast
1365,2025-04-15,PLT-LA1,,CUST-006,FS6-450W,485,Forecast
1366,2025-04-16,PLT-LA1,,CUST-006,FS6-450W,498,Forecast
1367,2025-04-17,PLT-LA1,,CUST-006,FS6-450W,411,Forecast
1368,2025-04-18,PLT-LA1,,CUST-006,FS6-450W,451,Forecast
1369,2025-04-21,PLT-LA1,,CUST-006,FS6-450W,479,Forecast
1370,2025-04-22,PLT-LA1,,CUST-006,FS6-450W,410,Forecast
1371,2025-04-23,PLT-LA1,,CUST-006,FS6-450W,464,Forecast
1372,2025-04-24,PLT-LA1,,CUST-006,FS6-450W,409,Forecast
1373,2025-04-25,PLT-LA1,,CUST-006,FS6-450W,462,Forecast
1374,2025-04-28,PLT-LA1,,CUST-006,FS6-450W,457,Forecast
1375,2025-04-29,PLT-LA1,,CUST-006,FS6-450W,465,Forecast
1376,2025-04-30,PLT-LA1,,CUST-006,FS6-450W,418,Forecast
1377,2025-05-01,PLT-LA1,,CUST-006,FS6-450W,438,Forecast
1378,2025-05-02,PLT-LA1,,CUST-006,FS6-450W,459,Forecast
1379,2025-05-05,PLT-LA1,,CUST-006,FS6-450W,415,Forecast
1380,2025-05-06,PLT-LA1,,CUST-006,FS6-450W,424,Forecast
1381,2025-05-07,PLT-LA1,,CUST-006,FS6-450W,466,Forecast
1382,2025-05-08,PLT-LA1,,CUST-006,FS6-450W,412,Forecast
1383,2025-05-09,PLT-LA1,,CUST-006,FS6-450W,458,Forecast
1384,2025-05-12,PLT-LA1,,CUST-006,FS6-450W,490,Forecast
1385,2025-05-13,PLT-LA1,,CUST-006,FS6-450W,452,Forecast
1386,2025-05-14,PLT-LA1,,CUST-006,FS6-450W,458,Forecast
1387,2025-05-15,PLT-LA1,,CUST-006,FS6-450W,452,Forecast
1388,2025-05-16,PLT-LA1,,CUST-006,FS6-450W,408,Forecast
1389,2025-05-19,PLT-LA1,,CUST-006,FS6-450W,453,Forecast
1390,2025-05-20,PLT-LA1,,CUST-006,FS6-450W,490,Forecast
1391,2025-05-21,PLT-LA1,,CUST-006,FS6-450W,481,Forecast
1392,2025-05-22,PLT-LA1,,CUST-006,FS6-450W,445,Forecast
1393,2025-05-23,PLT-LA1,,CUST-006,FS6-450W,491,Forecast
1394,2025-05-26,PLT-LA1,,CUST-006,FS6-450W,484,Forecast
1395,2025-05-27,PLT-LA1,,CUST-006,FS6-450W,465,Forecast
1396,2025-05-28,PLT-LA1,,CUST-006,FS6-450W,407,Forecast
1397,2025-05-29,PLT-LA1,,CUST-006,FS6-450W,440,Forecast
1398,2025-05-30,PLT-LA1,,CUST-006,FS6-450W,409,Forecast
1399,2025-06-02,PLT-LA1,,CUST-006,FS6-450W,483,Forecast
1400,2025-06-03,PLT-LA1,,CUST-006,FS6-450W,477,Forecast
1401,2025-06-04,PLT-LA1,,CUST-006,FS6-450W,387,Forecast
1402,2025-06-05,PLT-LA1,,CUST-006,FS6-450W,477,Forecast
1403,2025-06-06,PLT-LA1,,CUST-006,FS6-450W,383,Forecast
1404,2025-06-09,PLT-LA1,,CUST-006,FS6-450W,422,Forecast
1405,2025-06-10,PLT-LA1,,CUST-006,FS6-450W,460,Forecast
1406,2025-06-11,PLT-LA1,,CUST-006,FS6-450W,459,Forecast
1407,2025-06-12,PLT-LA1,,CUST-006,FS6-450W,481,Forecast
1408,2025-06-13,PLT-LA1,,CUST-006,FS6-450W,447,Forecast
1409,2025-06-16,PLT-LA1,,CUST-006,FS6-450W,423,Forecast
1410,2025-06-17,PLT-LA1,,CUST-006,FS6-450W,483,Forecast
1411,2025-06-18,PLT-LA1,,CUST-006,FS6-450W,420,Forecast
1412,2025-06-19,PLT-LA1,,CUST-006,FS6-450W,470,Forecast
1413,2025-06-20,PLT-LA1,,CUST-006,FS6-450W,474,Forecast
1414,2025-06-23,PLT-LA1,,CUST-006,FS6-450W,419,Forecast
1415,2025-06-24,PLT-LA1,,CUST-006,FS6-450W,451,Forecast
1416,2025-06-25,PLT-LA1,,CUST-006,FS6-450W,449,Forecast
1417,2025-06-26,PLT-LA1,,CUST-006,FS6-450W,436,Forecast
1418,2025-06-27,PLT-LA1,,CUST-006,FS6-450W,448,Forecast
1419,2025-06-30,PLT-LA1,,CUST-006,FS6-450W,416,Forecast
1420,2025-01-01,PLT-AL1,,CUST-007,FS6-450W,382,Customer Order
1421,2025-01-02,PLT-AL1,,CUST-007,FS6-450W,418,Customer Order
1422,2025-01-03,PLT-AL1,,CUST-007,FS6-450W,417,Customer Order
1423,2025-01-06,PLT-AL1,,CUST-007,FS6-450W,437,Customer Order
1424,2025-01-07,PLT-AL1,,CUST-007,FS6-450W,386,Customer Order
1425,2025-01-08,PLT-AL1,,CUST-007,FS6-450W,365,Customer Order
1426,2025-01-09,PLT-AL1,,CUST-007,FS6-450W,367,Customer Order
1427,2025-01-10,PLT-AL1,,CUST-007,FS6-450W,394,Customer Order
1428,2025-01-13,PLT-AL1,,CUST-007,FS6-450W,431,Customer Order
1429,2025-01-14,PLT-AL1,,CUST-007,FS6-450W,418,Customer Order
1430,2025-01-15,PLT-AL1,,CUST-007,FS6-450W,417,Customer Order
1431,2025-01-16,PLT-AL1,,CUST-007,FS6-450W,446,Customer Order
1432,2025-01-17,PLT-AL1,,CUST-007,FS6-450W,389,Customer Order
1433,2025-01-20,PLT-AL1,,CUST-007,FS6-450W,399,Customer Order
1434,2025-01-21,PLT-AL1,,CUST-007,FS6-450W,392,Customer Order
1435,2025-01-22,PLT-AL1,,CUST-007,FS6-450W,457,Customer Order
1436,2025-01-23,PLT-AL1,,CUST-007,FS6-450W,436,Customer Order
1437,2025-01-24,PLT-AL1,,CUST-007,FS6-450W,376,Customer Order
1438,2025-01-27,PLT-AL1,,CUST-007,FS6-450W,445,Customer Order
1439,2025-01-28,PLT-AL1,,CUST-007,FS6-450W,406,Customer Order
1440,2025-01-29,PLT-AL1,,CUST-007,FS6-450W,440,Customer Order
1441,2025-01-30,PLT-AL1,,CUST-007,FS6-450W,452,Customer Order
1442,2025-01-31,PLT-AL1,,CUST-007,FS6-450W,366,Customer Order
1443,2025-02-03,PLT-AL1,,CUST-007,FS6-450W,401,Customer Order
1444,2025-02-04,PLT-AL1,,CUST-007,FS6-450W,390,Customer Order
1445,2025-02-05,PLT-AL1,,CUST-007,FS6-450W,383,Customer Order
1446,2025-02-06,PLT-AL1,,CUST-007,FS6-450W,442,Customer Order
1447,2025-02-07,PLT-AL1,,CUST-007,FS6-450W,453,Customer Order
1448,2025-02-10,PLT-AL1,,CUST-007,FS6-450W,385,Customer Order
1449,2025-02-11,PLT-AL1,,CUST-007,FS6-450W,457,Customer Order
1450,2025-02-12,PLT-AL1,,CUST-007,FS6-450W,422,Customer Order
1451,2025-02-13,PLT-AL1,,CUST-007,FS6-450W,404,Customer Order
1452,2025-02-14,PLT-AL1,,CUST-007,FS6-450W,402,Customer Order
1453,2025-02-17,PLT-AL1,,CUST-007,FS6-450W,469,Customer Order
1454,2025-02-18,PLT-AL1,,CUST-007,FS6-450W,386,Customer Order
1455,2025-02-19,PLT-AL1,,CUST-007,FS6-450W,432,Customer Order
1456,2025-02-20,PLT-AL1,,CUST-007,FS6-450W,410,Customer Order
1457,2025-02-21,PLT-AL1,,CUST-007,FS6-450W,465,Customer Order
1458,2025-02-24,PLT-AL1,,CUST-007,FS6-450W,456,Customer Order
1459,2025-02-25,PLT-AL1,,CUST-007,FS6-450W,413,Customer Order
1460,2025-02-26,PLT-AL1,,CUST-007,FS6-450W,442,Customer Order
1461,2025-02-27,PLT-AL1,,CUST-007,FS6-450W,450,Customer Order
1462,2025-02-28,PLT-AL1,,CUST-007,FS6-450W,413,Customer Order
1463,2025-03-03,PLT-AL1,,CUST-007,FS6-450W,424,Customer Order
1464,2025-03-04,PLT-AL1,,CUST-007,FS6-450W,407,Customer Order
1465,2025-03-05,PLT-AL1,,CUST-007,FS6-450W,462,Customer Order
1466,2025-03-06,PLT-AL1,,CUST-007,FS6-450W,415,Customer Order
1467,2025-03-07,PLT-AL1,,CUST-007,FS6-450W,424,Customer Order
1468,2025-03-10,PLT-AL1,,CUST-007,FS6-450W,398,Customer Order
1469,2025-03-11,PLT-AL1,,CUST-007,FS6-450W,493,Customer Order
1470,2025-03-12,PLT-AL1,,CUST-007,FS6-450W,486,Customer Order
1471,2025-03-13,PLT-AL1,,CUST-007,FS6-450W,489,Customer Order
1472,2025-03-14,PLT-AL1,,CUST-007,FS6-450W,459,Customer Order
1473,2025-03-17,PLT-AL1,,CUST-007,FS6-450W,437,Customer Order
1474,2025-03-18,PLT-AL1,,CUST-007,FS6-450W,445,Customer Order
1475,2025-03-19,PLT-AL1,,CUST-007,FS6-450W,496,Customer Order
1476,2025-03-20,PLT-AL1,,CUST-007,FS6-450W,492,Customer Order
1477,2025-03-21,PLT-AL1,,CUST-007,FS6-450W,463,Customer Order
1478,2025-03-24,PLT-AL1,,CUST-007,FS6-450W,476,Customer Order
1479,2025-03-25,PLT-AL1,,CUST-007,FS6-450W,426,Customer Order
1480,2025-03-26,PLT-AL1,,CUST-007,FS6-450W,436,Customer Order
1481,2025-03-27,PLT-AL1,,CUST-007,FS6-450W,408,Customer Order
1482,2025-03-28,PLT-AL1,,CUST-007,FS6-450W,432,Customer Order
1483,2025-03-31,PLT-AL1,,CUST-007,FS6-450W,472,Customer Order
1484,2025-04-01,PLT-AL1,,CUST-007,FS6-450W,487,Customer Order
1485,2025-04-02,PLT-AL1,,CUST-007,FS6-450W,531,Forecast
1486,2025-04-03,PLT-AL1,,CUST-007,FS6-450W,466,Forecast
1487,2025-04-04,PLT-AL1,,CUST-007,FS6-450W,514,Forecast
1488,2025-04-07,PLT-AL1,,CUST-007,FS6-450W,526,Forecast
1489,2025-04-08,PLT-AL1,,CUST-007,FS6-450W,538,Forecast
1490,2025-04-09,PLT-AL1,,CUST-007,FS6-450W,497,Forecast
1491,2025-04-10,PLT-AL1,,CUST-007,FS6-450W,545,Forecast
1492,2025-04-11,PLT-AL1,,CUST-007,FS6-450W,496,Forecast
1493,2025-04-14,PLT-AL1,,CUST-007,FS6-450W,447,Forecast
1494,2025-04-15,PLT-AL1,,CUST-007,FS6-450W,459,Forecast
1495,2025-04-16,PLT-AL1,,CUST-007,FS6-450W,455,Forecast
1496,2025-04-17,PLT-AL1,,CUST-007,FS6-450W,507,Forecast
1497,2025-04-18,PLT-AL1,,CUST-007,FS6-450W,539,Forecast
1498,2025-04-21,PLT-AL1,,CUST-007,FS6-450W,530,Forecast
1499,2025-04-22,PLT-AL1,,CUST-007,FS6-450W,442,Forecast
1500,2025-04-23,PLT-AL1,,CUST-007,FS6-450W,516,Forecast
1501,2025-04-24,PLT-AL1,,CUST-007,FS6-450W,453,Forecast
1502,2025-04-25,PLT-AL1,,CUST-007,FS6-450W,462,Forecast
1503,2025-04-28,PLT-AL1,,CUST-007,FS6-450W,510,Forecast
1504,2025-04-29,PLT-AL1,,CUST-007,FS6-450W,502,Forecast
1505,2025-04-30,PLT-AL1,,CUST-007,FS6-450W,534,Forecast
1506,2025-05-01,PLT-AL1,,CUST-007,FS6-450W,453,Forecast
1507,2025-05-02,PLT-AL1,,CUST-007,FS6-450W,520,Forecast
1508,2025-05-05,PLT-AL1,,CUST-007,FS6-450W,516,Forecast
1509,2025-05-06,PLT-AL1,,CUST-007,FS6-450W,497,Forecast
1510,2025-05-07,PLT-AL1,,CUST-007,FS6-450W,487,Forecast
1511,2025-05-08,PLT-AL1,,CUST-007,FS6-450W,533,Forecast
1512,2025-05-09,PLT-AL1,,CUST-007,FS6-450W,470,Forecast
1513,2025-05-12,PLT-AL1,,CUST-007,FS6-450W,543,Forecast
1514,2025-05-13,PLT-AL1,,CUST-007,FS6-450W,433,Forecast
1515,2025-05-14,PLT-AL1,,CUST-007,FS6-450W,541,Forecast
1516,2025-05-15,PLT-AL1,,CUST-007,FS6-450W,544,Forecast
1517,2025-05-16,PLT-AL1,,CUST-007,FS6-450W,445,Forecast
1518,2025-05-19,PLT-AL1,,CUST-007,FS6-450W,548,Forecast
1519,2025-05-20,PLT-AL1,,CUST-007,FS6-450W,487,Forecast
1520,2025-05-21,PLT-AL1,,CUST-007,FS6-450W,459,Forecast
1521,2025-05-22,PLT-AL1,,CUST-007,FS6-450W,502,Forecast
1522,2025-05-23,PLT-AL1,,CUST-007,FS6-450W,455,Forecast
1523,2025-05-26,PLT-AL1,,CUST-007,FS6-450W,538,Forecast
1524,2025-05-27,PLT-AL1,,CUST-007,FS6-450W,496,Forecast
1525,2025-05-28,PLT-AL1,,CUST-007,FS6-450W,522,Forecast
1526,2025-05-29,PLT-AL1,,CUST-007,FS6-450W,476,Forecast
1527,2025-05-30,PLT-AL1,,CUST-007,FS6-450W,494,Forecast
1528,2025-06-02,PLT-AL1,,CUST-007,FS6-450W,447,Forecast
1529,2025-06-03,PLT-AL1,,CUST-007,FS6-450W,436,Forecast
1530,2025-06-04,PLT-AL1,,CUST-007,FS6-450W,464,Forecast
1531,2025-06-05,PLT-AL1,,CUST-007,FS6-450W,463,Forecast
1532,2025-06-06,PLT-AL1,,CUST-007,FS6-450W,418,Forecast
1533,2025-06-09,PLT-AL1,,CUST-007,FS6-450W,516,Forecast
1534,2025-06-10,PLT-AL1,,CUST-007,FS6-450W,460,Forecast
1535,2025-06-11,PLT-AL1,,CUST-007,FS6-450W,501,Forecast
1536,2025-06-12,PLT-AL1,,CUST-007,FS6-450W,509,Forecast
1537,2025-06-13,PLT-AL1,,CUST-007,FS6-450W,449,Forecast
1538,2025-06-16,PLT-AL1,,CUST-007,FS6-450W,453,Forecast
1539,2025-06-17,PLT-AL1,,CUST-007,FS6-450W,470,Forecast
1540,2025-06-18,PLT-AL1,,CUST-007,FS6-450W,432,Forecast
1541,2025-06-19,PLT-AL1,,CUST-007,FS6-450W,424,Forecast
1542,2025-06-20,PLT-AL1,,CUST-007,FS6-450W,436,Forecast
1543,2025-06-23,PLT-AL1,,CUST-007,FS6-450W,511,Forecast
1544,2025-06-24,PLT-AL1,,CUST-007,FS6-450W,472,Forecast
1545,2025-06-25,PLT-AL1,,CUST-007,FS6-450W,454,Forecast
1546,2025-06-26,PLT-AL1,,CUST-007,FS6-450W,424,Forecast
1547,2025-06-27,PLT-AL1,,CUST-007,FS6-450W,444,Forecast
1548,2025-06-30,PLT-AL1,,CUST-007,FS6-450W,450,Forecast
1549,2025-01-01,PLT-AL1,,CUST-007,FS7-500W,416,Customer Order
1550,2025-01-02,PLT-AL1,,CUST-007,FS7-500W,385,Customer Order
1551,2025-01-03,PLT-AL1,,CUST-007,FS7-500W,399,Customer Order
1552,2025-01-06,PLT-AL1,,CUST-007,FS7-500W,402,Customer Order
1553,2025-01-07,PLT-AL1,,CUST-007,FS7-500W,363,Customer Order
1554,2025-01-08,PLT-AL1,,CUST-007,FS7-500W,415,Customer Order
1555,2025-01-09,PLT-AL1,,CUST-007,FS7-500W,428,Customer Order
1556,2025-01-10,PLT-AL1,,CUST-007,FS7-500W,398,Customer Order
1557,2025-01-13,PLT-AL1,,CUST-007,FS7-500W,384,Customer Order
1558,2025-01-14,PLT-AL1,,CUST-007,FS7-500W,354,Customer Order
1559,2025-01-15,PLT-AL1,,CUST-007,FS7-500W,412,Customer Order
1560,2025-01-16,PLT-AL1,,CUST-007,FS7-500W,354,Customer Order
1561,2025-01-17,PLT-AL1,,CUST-007,FS7-500W,405,Customer Order
1562,2025-01-20,PLT-AL1,,CUST-007,FS7-500W,384,Customer Order
1563,2025-01-21,PLT-AL1,,CUST-007,FS7-500W,424,Customer Order
1564,2025-01-22,PLT-AL1,,CUST-007,FS7-500W,389,Customer Order
1565,2025-01-23,PLT-AL1,,CUST-007,FS7-500W,398,Customer Order
1566,2025-01-24,PLT-AL1,,CUST-007,FS7-500W,344,Customer Order
1567,2025-01-27,PLT-AL1,,CUST-007,FS7-500W,342,Customer Order
1568,2025-01-28,PLT-AL1,,CUST-007,FS7-500W,417,Customer Order
1569,2025-01-29,PLT-AL1,,CUST-007,FS7-500W,426,Customer Order
1570,2025-01-30,PLT-AL1,,CUST-007,FS7-500W,401,Customer Order
1571,2025-01-31,PLT-AL1,,CUST-007,FS7-500W,409,Customer Order
1572,2025-02-03,PLT-AL1,,CUST-007,FS7-500W,393,Customer Order
1573,2025-02-04,PLT-AL1,,CUST-007,FS7-500W,435,Customer Order
1574,2025-02-05,PLT-AL1,,CUST-007,FS7-500W,376,Customer Order
1575,2025-02-06,PLT-AL1,,CUST-007,FS7-500W,422,Customer Order
1576,2025-02-07,PLT-AL1,,CUST-007,FS7-500W,354,Customer Order
1577,2025-02-10,PLT-AL1,,CUST-007,FS7-500W,402,Customer Order
1578,2025-02-11,PLT-AL1,,CUST-007,FS7-500W,389,Customer Order
1579,2025-02-12,PLT-AL1,,CUST-007,FS7-500W,413,Customer Order
1580,2025-02-13,PLT-AL1,,CUST-007,FS7-500W,418,Customer Order
1581,2025-02-14,PLT-AL1,,CUST-007,FS7-500W,413,Customer Order
1582,2025-02-17,PLT-AL1,,CUST-007,FS7-500W,400,Customer Order
1583,2025-02-18,PLT-AL1,,CUST-007,FS7-500W,400,Customer Order
1584,2025-02-19,PLT-AL1,,CUST-007,FS7-500W,354,Customer Order
1585,2025-02-20,PLT-AL1,,CUST-007,FS7-500W,407,Customer Order
1586,2025-02-21,PLT-AL1,,CUST-007,FS7-500W,355,Customer Order
1587,2025-02-24,PLT-AL1,,CUST-007,FS7-500W,404,Customer Order
1588,2025-02-25,PLT-AL1,,CUST-007,FS7-500W,380,Customer Order
1589,2025-02-26,PLT-AL1,,CUST-007,FS7-500W,448,Customer Order
1590,2025-02-27,PLT-AL1,,CUST-007,FS7-500W,355,Customer Order
1591,2025-02-28,PLT-AL1,,CUST-007,FS7-500W,432,Customer Order
1592,2025-03-03,PLT-AL1,,CUST-007,FS7-500W,431,Customer Order
1593,2025-03-04,PLT-AL1,,CUST-007,FS7-500W,444,Customer Order
1594,2025-03-05,PLT-AL1,,CUST-007,FS7-500W,455,Customer Order
1595,2025-03-06,PLT-AL1,,CUST-007,FS7-500W,375,Customer Order
1596,2025-03-07,PLT-AL1,,CUST-007,FS7-500W,374,Customer Order
1597,2025-03-10,PLT-AL1,,CUST-007,FS7-500W,379,Customer Order
1598,2025-03-11,PLT-AL1,,CUST-007,FS7-500W,383,Customer Order
1599,2025-03-12,PLT-AL1,,CUST-007,FS7-500W,417,Customer Order
1600,2025-03-13,PLT-AL1,,CUST-007,FS7-500W,445,Customer Order
1601,2025-03-14,PLT-AL1,,CUST-007,FS7-500W,391,Customer Order
1602,2025-03-17,PLT-AL1,,CUST-007,FS7-500W,404,Customer Order
1603,2025-03-18,PLT-AL1,,CUST-007,FS7-500W,401,Customer Order
1604,2025-03-19,PLT-AL1,,CUST-007,FS7-500W,405,Customer Order
1605,2025-03-20,PLT-AL1,,CUST-007,FS7-500W,420,Customer Order
1606,2025-03-21,PLT-AL1,,CUST-007,FS7-500W,463,Customer Order
1607,2025-03-24,PLT-AL1,,CUST-007,FS7-500W,387,Customer Order
1608,2025-03-25,PLT-AL1,,CUST-007,FS7-500W,432,Customer Order
1609,2025-03-26,PLT-AL1,,CUST-007,FS7-500W,449,Customer Order
1610,2025-03-27,PLT-AL1,,CUST-007,FS7-500W,429,Customer Order
1611,2025-03-28,PLT-AL1,,CUST-007,FS7-500W,450,Customer Order
1612,2025-03-31,PLT-AL1,,CUST-007,FS7-500W,440,Customer Order
1613,2025-04-01,PLT-AL1,,CUST-007,FS7-500W,411,Customer Order
1614,2025-04-02,PLT-AL1,,CUST-007,FS7-500W,442,Forecast
1615,2025-04-03,PLT-AL1,,CUST-007,FS7-500W,461,Forecast
1616,2025-04-04,PLT-AL1,,CUST-007,FS7-500W,407,Forecast
1617,2025-04-07,PLT-AL1,,CUST-007,FS7-500W,402,Forecast
1618,2025-04-08,PLT-AL1,,CUST-007,FS7-500W,419,Forecast
1619,2025-04-09,PLT-AL1,,CUST-007,FS7-500W,455,Forecast
1620,2025-04-10,PLT-AL1,,CUST-007,FS7-500W,448,Forecast
1621,2025-04-11,PLT-AL1,,CUST-007,FS7-500W,486,Forecast
1622,2025-04-14,PLT-AL1,,CUST-007,FS7-500W,463,Forecast
1623,2025-04-15,PLT-AL1,,CUST-007,FS7-500W,495,Forecast
1624,2025-04-16,PLT-AL1,,CUST-007,FS7-500W,411,Forecast
1625,2025-04-17,PLT-AL1,,CUST-007,FS7-500W,458,Forecast
1626,2025-04-18,PLT-AL1,,CUST-007,FS7-500W,405,Forecast
1627,2025-04-21,PLT-AL1,,CUST-007,FS7-500W,424,Forecast
1628,2025-04-22,PLT-AL1,,CUST-007,FS7-500W,496,Forecast
1629,2025-04-23,PLT-AL1,,CUST-007,FS7-500W,498,Forecast
1630,2025-04-24,PLT-AL1,,CUST-007,FS7-500W,453,Forecast
1631,2025-04-25,PLT-AL1,,CUST-007,FS7-500W,406,Forecast
1632,2025-04-28,PLT-AL1,,CUST-007,FS7-500W,409,Forecast
1633,2025-04-29,PLT-AL1,,CUST-007,FS7-500W,502,Forecast
1634,2025-04-30,PLT-AL1,,CUST-007,FS7-500W,499,Forecast
1635,2025-05-01,PLT-AL1,,CUST-007,FS7-500W,462,Forecast
1636,2025-05-02,PLT-AL1,,CUST-007,FS7-500W,404,Forecast
1637,2025-05-05,PLT-AL1,,CUST-007,FS7-500W,502,Forecast
1638,2025-05-06,PLT-AL1,,CUST-007,FS7-500W,435,Forecast
1639,2025-05-07,PLT-AL1,,CUST-007,FS7-500W,506,Forecast
1640,2025-05-08,PLT-AL1,,CUST-007,FS7-500W,465,Forecast
1641,2025-05-09,PLT-AL1,,CUST-007,FS7-500W,483,Forecast
1642,2025-05-12,PLT-AL1,,CUST-007,FS7-500W,479,Forecast
1643,2025-05-13,PLT-AL1,,CUST-007,FS7-500W,444,Forecast
1644,2025-05-14,PLT-AL1,,CUST-007,FS7-500W,409,Forecast
1645,2025-05-15,PLT-AL1,,CUST-007,FS7-500W,419,Forecast
1646,2025-05-16,PLT-AL1,,CUST-007,FS7-500W,427,Forecast
1647,2025-05-19,PLT-AL1,,CUST-007,FS7-500W,492,Forecast
1648,2025-05-20,PLT-AL1,,CUST-007,FS7-500W,443,Forecast
1649,2025-05-21,PLT-AL1,,CUST-007,FS7-500W,499,Forecast
1650,2025-05-22,PLT-AL1,,CUST-007,FS7-500W,437,Forecast
1651,2025-05-23,PLT-AL1,,CUST-007,FS7-500W,483,Forecast
1652,2025-05-26,PLT-AL1,,CUST-007,FS7-500W,416,Forecast
1653,2025-05-27,PLT-AL1,,CUST-007,FS7-500W,509,Forecast
1654,2025-05-28,PLT-AL1,,CUST-007,FS7-500W,480,Forecast
1655,2025-05-29,PLT-AL1,,CUST-007,FS7-500W,455,Forecast
1656,2025-05-30,PLT-AL1,,CUST-007,FS7-500W,507,Forecast
1657,2025-06-02,PLT-AL1,,CUST-007,FS7-500W,384,Forecast
1658,2025-06-03,PLT-AL1,,CUST-007,FS7-500W,424,Forecast
1659,2025-06-04,PLT-AL1,,CUST-007,FS7-500W,466,Forecast
1660,2025-06-05,PLT-AL1,,CUST-007,FS7-500W,414,Forecast
1661,2025-06-06,PLT-AL1,,CUST-007,FS7-500W,458,Forecast
1662,2025-06-09,PLT-AL1,,CUST-007,FS7-500W,478,Forecast
1663,2025-06-10,PLT-AL1,,CUST-007,FS7-500W,420,Forecast
1664,2025-06-11,PLT-AL1,,CUST-007,FS7-500W,459,Forecast
1665,2025-06-12,PLT-AL1,,CUST-007,FS7-500W,382,Forecast
1666,2025-06-13,PLT-AL1,,CUST-007,FS7-500W,407,Forecast
1667,2025-06-16,PLT-AL1,,CUST-007,FS7-500W,481,Forecast
1668,2025-06-17,PLT-AL1,,CUST-007,FS7-500W,430,Forecast
1669,2025-06-18,PLT-AL1,,CUST-007,FS7-500W,416,Forecast
1670,2025-06-19,PLT-AL1,,CUST-007,FS7-500W,476,Forecast
1671,2025-06-20,PLT-AL1,,CUST-007,FS7-500W,424,Forecast
1672,2025-06-23,PLT-AL1,,CUST-007,FS7-500W,449,Forecast
1673,2025-06-24,PLT-AL1,,CUST-007,FS7-500W,447,Forecast
1674,2025-06-25,PLT-AL1,,CUST-007,FS7-500W,388,Forecast
1675,2025-06-26,PLT-AL1,,CUST-007,FS7-500W,443,Forecast
1676,2025-06-27,PLT-AL1,,CUST-007,FS7-500W,461,Forecast
1677,2025-06-30,PLT-AL1,,CUST-007,FS7-500W,453,Forecast
1678,2025-01-01,PLT-LA1,,CUST-007,FS7-500W,254,Customer Order
1679,2025-01-02,PLT-LA1,,CUST-007,FS7-500W,259,Customer Order
1680,2025-01-03,PLT-LA1,,CUST-007,FS7-500W,297,Customer Order
1681,2025-01-06,PLT-LA1,,CUST-007,FS7-500W,292,Customer Order
1682,2025-01-07,PLT-LA1,,CUST-007,FS7-500W,299,Customer Order
1683,2025-01-08,PLT-LA1,,CUST-007,FS7-500W,270,Customer Order
1684,2025-01-09,PLT-LA1,,CUST-007,FS7-500W,256,Customer Order
1685,2025-01-10,PLT-LA1,,CUST-007,FS7-500W,249,Customer Order
1686,2025-01-13,PLT-LA1,,CUST-007,FS7-500W,270,Customer Order
1687,2025-01-14,PLT-LA1,,CUST-007,FS7-500W,273,Customer Order
1688,2025-01-15,PLT-LA1,,CUST-007,FS7-500W,267,Customer Order
1689,2025-01-16,PLT-LA1,,CUST-007,FS7-500W,258,Customer Order
1690,2025-01-17,PLT-LA1,,CUST-007,FS7-500W,262,Customer Order
1691,2025-01-20,PLT-LA1,,CUST-007,FS7-500W,279,Customer Order
1692,2025-01-21,PLT-LA1,,CUST-007,FS7-500W,286,Customer Order
1693,2025-01-22,PLT-LA1,,CUST-007,FS7-500W,277,Customer Order
1694,2025-01-23,PLT-LA1,,CUST-007,FS7-500W,251,Customer Order
1695,2025-01-24,PLT-LA1,,CUST-007,FS7-500W,273,Customer Order
1696,2025-01-27,PLT-LA1,,CUST-007,FS7-500W,255,Customer Order
1697,2025-01-28,PLT-LA1,,CUST-007,FS7-500W,289,Customer Order
1698,2025-01-29,PLT-LA1,,CUST-007,FS7-500W,271,Customer Order
1699,2025-01-30,PLT-LA1,,CUST-007,FS7-500W,275,Customer Order
1700,2025-01-31,PLT-LA1,,CUST-007,FS7-500W,269,Customer Order
1701,2025-02-03,PLT-LA1,,CUST-007,FS7-500W,287,Customer Order
1702,2025-02-04,PLT-LA1,,CUST-007,FS7-500W,266,Customer Order
1703,2025-02-05,PLT-LA1,,CUST-007,FS7-500W,323,Customer Order
1704,2025-02-06,PLT-LA1,,CUST-007,FS7-500W,324,Customer Order
1705,2025-02-07,PLT-LA1,,CUST-007,FS7-500W,329,Customer Order
1706,2025-02-10,PLT-LA1,,CUST-007,FS7-500W,300,Customer Order
1707,2025-02-11,PLT-LA1,,CUST-007,FS7-500W,272,Customer Order
1708,2025-02-12,PLT-LA1,,CUST-007,FS7-500W,286,Customer Order
1709,2025-02-13,PLT-LA1,,CUST-007,FS7-500W,269,Customer Order
1710,2025-02-14,PLT-LA1,,CUST-007,FS7-500W,281,Customer Order
1711,2025-02-17,PLT-LA1,,CUST-007,FS7-500W,294,Customer Order
1712,2025-02-18,PLT-LA1,,CUST-007,FS7-500W,264,Customer Order
1713,2025-02-19,PLT-LA1,,CUST-007,FS7-500W,290,Customer Order
1714,2025-02-20,PLT-LA1,,CUST-007,FS7-500W,289,Customer Order
1715,2025-02-21,PLT-LA1,,CUST-007,FS7-500W,294,Customer Order
1716,2025-02-24,PLT-LA1,,CUST-007,FS7-500W,265,Customer Order
1717,2025-02-25,PLT-LA1,,CUST-007,FS7-500W,277,Customer Order
1718,2025-02-26,PLT-LA1,,CUST-007,FS7-500W,277,Customer Order
1719,2025-02-27,PLT-LA1,,CUST-007,FS7-500W,304,Customer Order
1720,2025-02-28,PLT-LA1,,CUST-007,FS7-500W,302,Customer Order
1721,2025-03-03,PLT-LA1,,CUST-007,FS7-500W,282,Customer Order
1722,2025-03-04,PLT-LA1,,CUST-007,FS7-500W,275,Customer Order
1723,2025-03-05,PLT-LA1,,CUST-007,FS7-500W,290,Customer Order
1724,2025-03-06,PLT-LA1,,CUST-007,FS7-500W,337,Customer Order
1725,2025-03-07,PLT-LA1,,CUST-007,FS7-500W,292,Customer Order
1726,2025-03-10,PLT-LA1,,CUST-007,FS7-500W,313,Customer Order
1727,2025-03-11,PLT-LA1,,CUST-007,FS7-500W,326,Customer Order
1728,2025-03-12,PLT-LA1,,CUST-007,FS7-500W,292,Customer Order
1729,2025-03-13,PLT-LA1,,CUST-007,FS7-500W,292,Customer Order
1730,2025-03-14,PLT-LA1,,CUST-007,FS7-500W,327,Customer Order
1731,2025-03-17,PLT-LA1,,CUST-007,FS7-500W,330,Customer Order
1732,2025-03-18,PLT-LA1,,CUST-007,FS7-500W,339,Customer Order
1733,2025-03-19,PLT-LA1,,CUST-007,FS7-500W,277,Customer Order
1734,2025-03-20,PLT-LA1,,CUST-007,FS7-500W,291,Customer Order
1735,2025-03-21,PLT-LA1,,CUST-007,FS7-500W,337,Customer Order
1736,2025-03-24,PLT-LA1,,CUST-007,FS7-500W,282,Customer Order
1737,2025-03-25,PLT-LA1,,CUST-007,FS7-500W,290,Customer Order
1738,2025-03-26,PLT-LA1,,CUST-007,FS7-500W,338,Customer Order
1739,2025-03-27,PLT-LA1,,CUST-007,FS7-500W,338,Customer Order
1740,2025-03-28,PLT-LA1,,CUST-007,FS7-500W,289,Customer Order
1741,2025-03-31,PLT-LA1,,CUST-007,FS7-500W,318,Customer Order
1742,2025-04-01,PLT-LA1,,CUST-007,FS7-500W,334,Customer Order
1743,2025-04-02,PLT-LA1,,CUST-007,FS7-500W,341,Forecast
1744,2025-04-03,PLT-LA1,,CUST-007,FS7-500W,314,Forecast
1745,2025-04-04,PLT-LA1,,CUST-007,FS7-500W,324,Forecast
1746,2025-04-07,PLT-LA1,,CUST-007,FS7-500W,360,Forecast
1747,2025-04-08,PLT-LA1,,CUST-007,FS7-500W,326,Forecast
1748,2025-04-09,PLT-LA1,,CUST-007,FS7-500W,303,Forecast
1749,2025-04-10,PLT-LA1,,CUST-007,FS7-500W,340,Forecast
1750,2025-04-11,PLT-LA1,,CUST-007,FS7-500W,342,Forecast
1751,2025-04-14,PLT-LA1,,CUST-007,FS7-500W,338,Forecast
1752,2025-04-15,PLT-LA1,,CUST-007,FS7-500W,349,Forecast
1753,2025-04-16,PLT-LA1,,CUST-007,FS7-500W,338,Forecast
1754,2025-04-17,PLT-LA1,,CUST-007,FS7-500W,371,Forecast
1755,2025-04-18,PLT-LA1,,CUST-007,FS7-500W,331,Forecast
1756,2025-04-21,PLT-LA1,,CUST-007,FS7-500W,351,Forecast
1757,2025-04-22,PLT-LA1,,CUST-007,FS7-500W,329,Forecast
1758,2025-04-23,PLT-LA1,,CUST-007,FS7-500W,318,Forecast
1759,2025-04-24,PLT-LA1,,CUST-007,FS7-500W,350,Forecast
1760,2025-04-25,PLT-LA1,,CUST-007,FS7-500W,360,Forecast
1761,2025-04-28,PLT-LA1,,CUST-007,FS7-500W,358,Forecast
1762,2025-04-29,PLT-LA1,,CUST-007,FS7-500W,327,Forecast
1763,2025-04-30,PLT-LA1,,CUST-007,FS7-500W,334,Forecast
1764,2025-05-01,PLT-LA1,,CUST-007,FS7-500W,345,Forecast
1765,2025-05-02,PLT-LA1,,CUST-007,FS7-500W,314,Forecast
1766,2025-05-05,PLT-LA1,,CUST-007,FS7-500W,347,Forecast
1767,2025-05-06,PLT-LA1,,CUST-007,FS7-500W,352,Forecast
1768,2025-05-07,PLT-LA1,,CUST-007,FS7-500W,358,Forecast
1769,2025-05-08,PLT-LA1,,CUST-007,FS7-500W,300,Forecast
1770,2025-05-09,PLT-LA1,,CUST-007,FS7-500W,374,Forecast
1771,2025-05-12,PLT-LA1,,CUST-007,FS7-500W,333,Forecast
1772,2025-05-13,PLT-LA1,,CUST-007,FS7-500W,326,Forecast
1773,2025-05-14,PLT-LA1,,CUST-007,FS7-500W,335,Forecast
1774,2025-05-15,PLT-LA1,,CUST-007,FS7-500W,368,Forecast
1775,2025-05-16,PLT-LA1,,CUST-007,FS7-500W,350,Forecast
1776,2025-05-19,PLT-LA1,,CUST-007,FS7-500W,338,Forecast
1777,2025-05-20,PLT-LA1,,CUST-007,FS7-500W,358,Forecast
1778,2025-05-21,PLT-LA1,,CUST-007,FS7-500W,323,Forecast
1779,2025-05-22,PLT-LA1,,CUST-007,FS7-500W,366,Forecast
1780,2025-05-23,PLT-LA1,,CUST-007,FS7-500W,337,Forecast
1781,2025-05-26,PLT-LA1,,CUST-007,FS7-500W,346,Forecast
1782,2025-05-27,PLT-LA1,,CUST-007,FS7-500W,301,Forecast
1783,2025-05-28,PLT-LA1,,CUST-007,FS7-500W,356,Forecast
1784,2025-05-29,PLT-LA1,,CUST-007,FS7-500W,347,Forecast
1785,2025-05-30,PLT-LA1,,CUST-007,FS7-500W,323,Forecast
1786,2025-06-02,PLT-LA1,,CUST-007,FS7-500W,327,Forecast
1787,2025-06-03,PLT-LA1,,CUST-007,FS7-500W,282,Forecast
1788,2025-06-04,PLT-LA1,,CUST-007,FS7-500W,353,Forecast
1789,2025-06-05,PLT-LA1,,CUST-007,FS7-500W,330,Forecast
1790,2025-06-06,PLT-LA1,,CUST-007,FS7-500W,309,Forecast
1791,2025-06-09,PLT-LA1,,CUST-007,FS7-500W,335,Forecast
1792,2025-06-10,PLT-LA1,,CUST-007,FS7-500W,352,Forecast
1793,2025-06-11,PLT-LA1,,CUST-007,FS7-500W,311,Forecast
1794,2025-06-12,PLT-LA1,,CUST-007,FS7-500W,279,Forecast
1795,2025-06-13,PLT-LA1,,CUST-007,FS7-500W,298,Forecast
1796,2025-06-16,PLT-LA1,,CUST-007,FS7-500W,317,Forecast
1797,2025-06-17,PLT-LA1,,CUST-007,FS7-500W,318,Forecast
1798,2025-06-18,PLT-LA1,,CUST-007,FS7-500W,322,Forecast
1799,2025-06-19,PLT-LA1,,CUST-007,FS7-500W,322,Forecast
1800,2025-06-20,PLT-LA1,,CUST-007,FS7-500W,312,Forecast
1801,2025-06-23,PLT-LA1,,CUST-007,FS7-500W,308,Forecast
1802,2025-06-24,PLT-LA1,,CUST-007,FS7-500W,337,Forecast
1803,2025-06-25,PLT-LA1,,CUST-007,FS7-500W,323,Forecast
1804,2025-06-26,PLT-LA1,,CUST-007,FS7-500W,316,Forecast
1805,2025-06-27,PLT-LA1,,CUST-007,FS7-500W,304,Forecast
1806,2025-06-30,PLT-LA1,,CUST-007,FS7-500W,280,Forecast
1807,2025-01-01,PLT-OH1,,CUST-008,FS6-450W,241,Customer Order
1808,2025-01-02,PLT-OH1,,CUST-008,FS6-450W,261,Customer Order
1809,2025-01-03,PLT-OH1,,CUST-008,FS6-450W,296,Customer Order
1810,2025-01-06,PLT-OH1,,CUST-008,FS6-450W,242,Customer Order
1811,2025-01-07,PLT-OH1,,CUST-008,FS6-450W,295,Customer Order
1812,2025-01-08,PLT-OH1,,CUST-008,FS6-450W,244,Customer Order
1813,2025-01-09,PLT-OH1,,CUST-008,FS6-450W,254,Customer Order
1814,2025-01-10,PLT-OH1,,CUST-008,FS6-450W,264,Customer Order
1815,2025-01-13,PLT-OH1,,CUST-008,FS6-450W,248,Customer Order
1816,2025-01-14,PLT-OH1,,CUST-008,FS6-450W,265,Customer Order
1817,2025-01-15,PLT-OH1,,CUST-008,FS6-450W,265,Customer Order
1818,2025-01-16,PLT-OH1,,CUST-008,FS6-450W,263,Customer Order
1819,2025-01-17,PLT-OH1,,CUST-008,FS6-450W,279,Customer Order
1820,2025-01-20,PLT-OH1,,CUST-008,FS6-450W,255,Customer Order
1821,2025-01-21,PLT-OH1,,CUST-008,FS6-450W,254,Customer Order
1822,2025-01-22,PLT-OH1,,CUST-008,FS6-450W,286,Customer Order
1823,2025-01-23,PLT-OH1,,CUST-008,FS6-450W,242,Customer Order
1824,2025-01-24,PLT-OH1,,CUST-008,FS6-450W,289,Customer Order
1825,2025-01-27,PLT-OH1,,CUST-008,FS6-450W,276,Customer Order
1826,2025-01-28,PLT-OH1,,CUST-008,FS6-450W,278,Customer Order
1827,2025-01-29,PLT-OH1,,CUST-008,FS6-450W,245,Customer Order
1828,2025-01-30,PLT-OH1,,CUST-008,FS6-450W,297,Customer Order
1829,2025-01-31,PLT-OH1,,CUST-008,FS6-450W,250,Customer Order
1830,2025-02-03,PLT-OH1,,CUST-008,FS6-450W,256,Customer Order
1831,2025-02-04,PLT-OH1,,CUST-008,FS6-450W,255,Customer Order
1832,2025-02-05,PLT-OH1,,CUST-008,FS6-450W,282,Customer Order
1833,2025-02-06,PLT-OH1,,CUST-008,FS6-450W,309,Customer Order
1834,2025-02-07,PLT-OH1,,CUST-008,FS6-450W,260,Customer Order
1835,2025-02-10,PLT-OH1,,CUST-008,FS6-450W,272,Customer Order
1836,2025-02-11,PLT-OH1,,CUST-008,FS6-450W,257,Customer Order
1837,2025-02-12,PLT-OH1,,CUST-008,FS6-450W,287,Customer Order
1838,2025-02-13,PLT-OH1,,CUST-008,FS6-450W,273,Customer Order
1839,2025-02-14,PLT-OH1,,CUST-008,FS6-450W,247,Customer Order
1840,2025-02-17,PLT-OH1,,CUST-008,FS6-450W,286,Customer Order
1841,2025-02-18,PLT-OH1,,CUST-008,FS6-450W,258,Customer Order
1842,2025-02-19,PLT-OH1,,CUST-008,FS6-450W,284,Customer Order
1843,2025-02-20,PLT-OH1,,CUST-008,FS6-450W,271,Customer Order
1844,2025-02-21,PLT-OH1,,CUST-008,FS6-450W,292,Customer Order
1845,2025-02-24,PLT-OH1,,CUST-008,FS6-450W,258,Customer Order
1846,2025-02-25,PLT-OH1,,CUST-008,FS6-450W,295,Customer Order
1847,2025-02-26,PLT-OH1,,CUST-008,FS6-450W,299,Customer Order
1848,2025-02-27,PLT-OH1,,CUST-008,FS6-450W,249,Customer Order
1849,2025-02-28,PLT-OH1,,CUST-008,FS6-450W,251,Customer Order
1850,2025-03-03,PLT-OH1,,CUST-008,FS6-450W,312,Customer Order
1851,2025-03-04,PLT-OH1,,CUST-008,FS6-450W,265,Customer Order
1852,2025-03-05,PLT-OH1,,CUST-008,FS6-450W,275,Customer Order
1853,2025-03-06,PLT-OH1,,CUST-008,FS6-450W,284,Customer Order
1854,2025-03-07,PLT-OH1,,CUST-008,FS6-450W,270,Customer Order
1855,2025-03-10,PLT-OH1,,CUST-008,FS6-450W,312,Customer Order
1856,2025-03-11,PLT-OH1,,CUST-008,FS6-450W,288,Customer Order
1857,2025-03-12,PLT-OH1,,CUST-008,FS6-450W,296,Customer Order
1858,2025-03-13,PLT-OH1,,CUST-008,FS6-450W,293,Customer Order
1859,2025-03-14,PLT-OH1,,CUST-008,FS6-450W,294,Customer Order
1860,2025-03-17,PLT-OH1,,CUST-008,FS6-450W,293,Customer Order
1861,2025-03-18,PLT-OH1,,CUST-008,FS6-450W,276,Customer Order
1862,2025-03-19,PLT-OH1,,CUST-008,FS6-450W,310,Customer Order
1863,2025-03-20,PLT-OH1,,CUST-008,FS6-450W,295,Customer Order
1864,2025-03-21,PLT-OH1,,CUST-008,FS6-450W,308,Customer Order
1865,2025-03-24,PLT-OH1,,CUST-008,FS6-450W,301,Customer Order
1866,2025-03-25,PLT-OH1,,CUST-008,FS6-450W,273,Customer Order
1867,2025-03-26,PLT-OH1,,CUST-008,FS6-450W,294,Customer Order
1868,2025-03-27,PLT-OH1,,CUST-008,FS6-450W,258,Customer Order
1869,2025-03-28,PLT-OH1,,CUST-008,FS6-450W,261,Customer Order
1870,2025-03-31,PLT-OH1,,CUST-008,FS6-450W,260,Customer Order
1871,2025-04-01,PLT-OH1,,CUST-008,FS6-450W,301,Customer Order
1872,2025-04-02,PLT-OH1,,CUST-008,FS6-450W,291,Forecast
1873,2025-04-03,PLT-OH1,,CUST-008,FS6-450W,330,Forecast
1874,2025-04-04,PLT-OH1,,CUST-008,FS6-450W,316,Forecast
1875,2025-04-07,PLT-OH1,,CUST-008,FS6-450W,309,Forecast
1876,2025-04-08,PLT-OH1,,CUST-008,FS6-450W,288,Forecast
1877,2025-04-09,PLT-OH1,,CUST-008,FS6-450W,306,Forecast
1878,2025-04-10,PLT-OH1,,CUST-008,FS6-450W,291,Forecast
1879,2025-04-11,PLT-OH1,,CUST-008,FS6-450W,326,Forecast
1880,2025-04-14,PLT-OH1,,CUST-008,FS6-450W,330,Forecast
1881,2025-04-15,PLT-OH1,,CUST-008,FS6-450W,326,Forecast
1882,2025-04-16,PLT-OH1,,CUST-008,FS6-450W,353,Forecast
1883,2025-04-17,PLT-OH1,,CUST-008,FS6-450W,319,Forecast
1884,2025-04-18,PLT-OH1,,CUST-008,FS6-450W,314,Forecast
1885,2025-04-21,PLT-OH1,,CUST-008,FS6-450W,288,Forecast
1886,2025-04-22,PLT-OH1,,CUST-008,FS6-450W,301,Forecast
1887,2025-04-23,PLT-OH1,,CUST-008,FS6-450W,312,Forecast
1888,2025-04-24,PLT-OH1,,CUST-008,FS6-450W,281,Forecast
1889,2025-04-25,PLT-OH1,,CUST-008,FS6-450W,305,Forecast
1890,2025-04-28,PLT-OH1,,CUST-008,FS6-450W,278,Forecast
1891,2025-04-29,PLT-OH1,,CUST-008,FS6-450W,288,Forecast
1892,2025-04-30,PLT-OH1,,CUST-008,FS6-450W,339,Forecast
1893,2025-05-01,PLT-OH1,,CUST-008,FS6-450W,350,Forecast
1894,2025-05-02,PLT-OH1,,CUST-008,FS6-450W,316,Forecast
1895,2025-05-05,PLT-OH1,,CUST-008,FS6-450W,315,Forecast
1896,2025-05-06,PLT-OH1,,CUST-008,FS6-450W,329,Forecast
1897,2025-05-07,PLT-OH1,,CUST-008,FS6-450W,309,Forecast
1898,2025-05-08,PLT-OH1,,CUST-008,FS6-450W,341,Forecast
1899,2025-05-09,PLT-OH1,,CUST-008,FS6-450W,314,Forecast
1900,2025-05-12,PLT-OH1,,CUST-008,FS6-450W,284,Forecast
1901,2025-05-13,PLT-OH1,,CUST-008,FS6-450W,280,Forecast
1902,2025-05-14,PLT-OH1,,CUST-008,FS6-450W,335,Forecast
1903,2025-05-15,PLT-OH1,,CUST-008,FS6-450W,300,Forecast
1904,2025-05-16,PLT-OH1,,CUST-008,FS6-450W,298,Forecast
1905,2025-05-19,PLT-OH1,,CUST-008,FS6-450W,318,Forecast
1906,2025-05-20,PLT-OH1,,CUST-008,FS6-450W,290,Forecast
1907,2025-05-21,PLT-OH1,,CUST-008,FS6-450W,312,Forecast
1908,2025-05-22,PLT-OH1,,CUST-008,FS6-450W,334,Forecast
1909,2025-05-23,PLT-OH1,,CUST-008,FS6-450W,335,Forecast
1910,2025-05-26,PLT-OH1,,CUST-008,FS6-450W,319,Forecast
1911,2025-05-27,PLT-OH1,,CUST-008,FS6-450W,286,Forecast
1912,2025-05-28,PLT-OH1,,CUST-008,FS6-450W,286,Forecast
1913,2025-05-29,PLT-OH1,,CUST-008,FS6-450W,336,Forecast
1914,2025-05-30,PLT-OH1,,CUST-008,FS6-450W,340,Forecast
1915,2025-06-02,PLT-OH1,,CUST-008,FS6-450W,289,Forecast
1916,2025-06-03,PLT-OH1,,CUST-008,FS6-450W,321,Forecast
1917,2025-06-04,PLT-OH1,,CUST-008,FS6-450W,265,Forecast
1918,2025-06-05,PLT-OH1,,CUST-008,FS6-450W,314,Forecast
1919,2025-06-06,PLT-OH1,,CUST-008,FS6-450W,301,Forecast
1920,2025-06-09,PLT-OH1,,CUST-008,FS6-450W,333,Forecast
1921,2025-06-10,PLT-OH1,,CUST-008,FS6-450W,270,Forecast
1922,2025-06-11,PLT-OH1,,CUST-008,FS6-450W,322,Forecast
1923,2025-06-12,PLT-OH1,,CUST-008,FS6-450W,316,Forecast
1924,2025-06-13,PLT-OH1,,CUST-008,FS6-450W,284,Forecast
1925,2025-06-16,PLT-OH1,,CUST-008,FS6-450W,334,Forecast
1926,2025-06-17,PLT-OH1,,CUST-008,FS6-450W,294,Forecast
1927,2025-06-18,PLT-OH1,,CUST-008,FS6-450W,287,Forecast
1928,2025-06-19,PLT-OH1,,CUST-008,FS6-450W,321,Forecast
1929,2025-06-20,PLT-OH1,,CUST-008,FS6-450W,294,Forecast
1930,2025-06-23,PLT-OH1,,CUST-008,FS6-450W,333,Forecast
1931,2025-06-24,PLT-OH1,,CUST-008,FS6-450W,318,Forecast
1932,2025-06-25,PLT-OH1,,CUST-008,FS6-450W,279,Forecast
1933,2025-06-26,PLT-OH1,,CUST-008,FS6-450W,320,Forecast
1934,2025-06-27,PLT-OH1,,CUST-008,FS6-450W,304,Forecast
1935,2025-06-30,PLT-OH1,,CUST-008,FS6-450W,287,Forecast
1936,2025-01-01,PLT-AL1,,CUST-008,FS7-500W,124,Customer Order
1937,2025-01-02,PLT-AL1,,CUST-008,FS7-500W,121,Customer Order
1938,2025-01-03,PLT-AL1,,CUST-008,FS7-500W,108,Customer Order
1939,2025-01-06,PLT-AL1,,CUST-008,FS7-500W,107,Customer Order
1940,2025-01-07,PLT-AL1,,CUST-008,FS7-500W,109,Customer Order
1941,2025-01-08,PLT-AL1,,CUST-008,FS7-500W,109,Customer Order
1942,2025-01-09,PLT-AL1,,CUST-008,FS7-500W,105,Customer Order
1943,2025-01-10,PLT-AL1,,CUST-008,FS7-500W,113,Customer Order
1944,2025-01-13,PLT-AL1,,CUST-008,FS7-500W,111,Customer Order
1945,2025-01-14,PLT-AL1,,CUST-008,FS7-500W,119,Customer Order
1946,2025-01-15,PLT-AL1,,CUST-008,FS7-500W,113,Customer Order
1947,2025-01-16,PLT-AL1,,CUST-008,FS7-500W,123,Customer Order
1948,2025-01-17,PLT-AL1,,CUST-008,FS7-500W,112,Customer Order
1949,2025-01-20,PLT-AL1,,CUST-008,FS7-500W,111,Customer Order
1950,2025-01-21,PLT-AL1,,CUST-008,FS7-500W,128,Customer Order
1951,2025-01-22,PLT-AL1,,CUST-008,FS7-500W,131,Customer Order
1952,2025-01-23,PLT-AL1,,CUST-008,FS7-500W,123,Customer Order
1953,2025-01-24,PLT-AL1,,CUST-008,FS7-500W,106,Customer Order
1954,2025-01-27,PLT-AL1,,CUST-008,FS7-500W,131,Customer Order
1955,2025-01-28,PLT-AL1,,CUST-008,FS7-500W,126,Customer Order
1956,2025-01-29,PLT-AL1,,CUST-008,FS7-500W,129,Customer Order
1957,2025-01-30,PLT-AL1,,CUST-008,FS7-500W,131,Customer Order
1958,2025-01-31,PLT-AL1,,CUST-008,FS7-500W,128,Customer Order
1959,2025-02-03,PLT-AL1,,CUST-008,FS7-500W,112,Customer Order
1960,2025-02-04,PLT-AL1,,CUST-008,FS7-500W,133,Customer Order
1961,2025-02-05,PLT-AL1,,CUST-008,FS7-500W,115,Customer Order
1962,2025-02-06,PLT-AL1,,CUST-008,FS7-500W,129,Customer Order
1963,2025-02-07,PLT-AL1,,CUST-008,FS7-500W,132,Customer Order
1964,2025-02-10,PLT-AL1,,CUST-008,FS7-500W,130,Customer Order
1965,2025-02-11,PLT-AL1,,CUST-008,FS7-500W,128,Customer Order
1966,2025-02-12,PLT-AL1,,CUST-008,FS7-500W,122,Customer Order
1967,2025-02-13,PLT-AL1,,CUST-008,FS7-500W,125,Customer Order
1968,2025-02-14,PLT-AL1,,CUST-008,FS7-500W,116,Customer Order
1969,2025-02-17,PLT-AL1,,CUST-008,FS7-500W,120,Customer Order
1970,2025-02-18,PLT-AL1,,CUST-008,FS7-500W,121,Customer Order
1971,2025-02-19,PLT-AL1,,CUST-008,FS7-500W,127,Customer Order
1972,2025-02-20,PLT-AL1,,CUST-008,FS7-500W,134,Customer Order
1973,2025-02-21,PLT-AL1,,CUST-008,FS7-500W,111,Customer Order
1974,2025-02-24,PLT-AL1,,CUST-008,FS7-500W,123,Customer Order
1975,2025-02-25,PLT-AL1,,CUST-008,FS7-500W,116,Customer Order
1976,2025-02-26,PLT-AL1,,CUST-008,FS7-500W,135,Customer Order
1977,2025-02-27,PLT-AL1,,CUST-008,FS7-500W,119,Customer Order
1978,2025-02-28,PLT-AL1,,CUST-008,FS7-500W,136,Customer Order
1979,2025-03-03,PLT-AL1,,CUST-008,FS7-500W,121,Customer Order
1980,2025-03-04,PLT-AL1,,CUST-008,FS7-500W,111,Customer Order
1981,2025-03-05,PLT-AL1,,CUST-008,FS7-500W,135,Customer Order
1982,2025-03-06,PLT-AL1,,CUST-008,FS7-500W,133,Customer Order
1983,2025-03-07,PLT-AL1,,CUST-008,FS7-500W,133,Customer Order
1984,2025-03-10,PLT-AL1,,CUST-008,FS7-500W,125,Customer Order
1985,2025-03-11,PLT-AL1,,CUST-008,FS7-500W,131,Customer Order
1986,2025-03-12,PLT-AL1,,CUST-008,FS7-500W,122,Customer Order
1987,2025-03-13,PLT-AL1,,CUST-008,FS7-500W,113,Customer Order
1988,2025-03-14,PLT-AL1,,CUST-008,FS7-500W,127,Customer Order
1989,2025-03-17,PLT-AL1,,CUST-008,FS7-500W,118,Customer Order
1990,2025-03-18,PLT-AL1,,CUST-008,FS7-500W,124,Customer Order
1991,2025-03-19,PLT-AL1,,CUST-008,FS7-500W,118,Customer Order
1992,2025-03-20,PLT-AL1,,CUST-008,FS7-500W,119,Customer Order
1993,2025-03-21,PLT-AL1,,CUST-008,FS7-500W,136,Customer Order
1994,2025-03-24,PLT-AL1,,CUST-008,FS7-500W,121,Customer Order
1995,2025-03-25,PLT-AL1,,CUST-008,FS7-500W,129,Customer Order
1996,2025-03-26,PLT-AL1,,CUST-008,FS7-500W,128,Customer Order
1997,2025-03-27,PLT-AL1,,CUST-008,FS7-500W,126,Customer Order
1998,2025-03-28,PLT-AL1,,CUST-008,FS7-500W,122,Customer Order
1999,2025-03-31,PLT-AL1,,CUST-008,FS7-500W,132,Customer Order
2000,2025-04-01,PLT-AL1,,CUST-008,FS7-500W,124,Customer Order
2001,2025-04-02,PLT-AL1,,CUST-008,FS7-500W,126,Forecast
2002,2025-04-03,PLT-AL1,,CUST-008,FS7-500W,149,Forecast
2003,2025-04-04,PLT-AL1,,CUST-008,FS7-500W,138,Forecast
2004,2025-04-07,PLT-AL1,,CUST-008,FS7-500W,127,Forecast
2005,2025-04-08,PLT-AL1,,CUST-008,FS7-500W,151,Forecast
2006,2025-04-09,PLT-AL1,,CUST-008,FS7-500W,137,Forecast
2007,2025-04-10,PLT-AL1,,CUST-008,FS7-500W,122,Forecast
2008,2025-04-11,PLT-AL1,,CUST-008,FS7-500W,154,Forecast
2009,2025-04-14,PLT-AL1,,CUST-008,FS7-500W,129,Forecast
2010,2025-04-15,PLT-AL1,,CUST-008,FS7-500W,145,Forecast
2011,2025-04-16,PLT-AL1,,CUST-008,FS7-500W,127,Forecast
2012,2025-04-17,PLT-AL1,,CUST-008,FS7-500W,144,Forecast
2013,2025-04-18,PLT-AL1,,CUST-008,FS7-500W,128,Forecast
2014,2025-04-21,PLT-AL1,,CUST-008,FS7-500W,153,Forecast
2015,2025-04-22,PLT-AL1,,CUST-008,FS7-500W,132,Forecast
2016,2025-04-23,PLT-AL1,,CUST-008,FS7-500W,144,Forecast
2017,2025-04-24,PLT-AL1,,CUST-008,FS7-500W,131,Forecast
2018,2025-04-25,PLT-AL1,,CUST-008,FS7-500W,135,Forecast
2019,2025-04-28,PLT-AL1,,CUST-008,FS7-500W,153,Forecast
2020,2025-04-29,PLT-AL1,,CUST-008,FS7-500W,128,Forecast
2021,2025-04-30,PLT-AL1,,CUST-008,FS7-500W,136,Forecast
2022,2025-05-01,PLT-AL1,,CUST-008,FS7-500W,133,Forecast
2023,2025-05-02,PLT-AL1,,CUST-008,FS7-500W,146,Forecast
2024,2025-05-05,PLT-AL1,,CUST-008,FS7-500W,130,Forecast
2025,2025-05-06,PLT-AL1,,CUST-008,FS7-500W,144,Forecast
2026,2025-05-07,PLT-AL1,,CUST-008,FS7-500W,146,Forecast
2027,2025-05-08,PLT-AL1,,CUST-008,FS7-500W,122,Forecast
2028,2025-05-09,PLT-AL1,,CUST-008,FS7-500W,138,Forecast
2029,2025-05-12,PLT-AL1,,CUST-008,FS7-500W,127,Forecast
2030,2025-05-13,PLT-AL1,,CUST-008,FS7-500W,130,Forecast
2031,2025-05-14,PLT-AL1,,CUST-008,FS7-500W,145,Forecast
2032,2025-05-15,PLT-AL1,,CUST-008,FS7-500W,123,Forecast
2033,2025-05-16,PLT-AL1,,CUST-008,FS7-500W,146,Forecast
2034,2025-05-19,PLT-AL1,,CUST-008,FS7-500W,150,Forecast
2035,2025-05-20,PLT-AL1,,CUST-008,FS7-500W,155,Forecast
2036,2025-05-21,PLT-AL1,,CUST-008,FS7-500W,136,Forecast
2037,2025-05-22,PLT-AL1,,CUST-008,FS7-500W,127,Forecast
2038,2025-05-23,PLT-AL1,,CUST-008,FS7-500W,125,Forecast
2039,2025-05-26,PLT-AL1,,CUST-008,FS7-500W,135,Forecast
2040,2025-05-27,PLT-AL1,,CUST-008,FS7-500W,147,Forecast
2041,2025-05-28,PLT-AL1,,CUST-008,FS7-500W,126,Forecast
2042,2025-05-29,PLT-AL1,,CUST-008,FS7-500W,133,Forecast
2043,2025-05-30,PLT-AL1,,CUST-008,FS7-500W,152,Forecast
2044,2025-06-02,PLT-AL1,,CUST-008,FS7-500W,120,Forecast
2045,2025-06-03,PLT-AL1,,CUST-008,FS7-500W,140,Forecast
2046,2025-06-04,PLT-AL1,,CUST-008,FS7-500W,139,Forecast
2047,2025-06-05,PLT-AL1,,CUST-008,FS7-500W,120,Forecast
2048,2025-06-06,PLT-AL1,,CUST-008,FS7-500W,147,Forecast
2049,2025-06-09,PLT-AL1,,CUST-008,FS7-500W,120,Forecast
2050,2025-06-10,PLT-AL1,,CUST-008,FS7-500W,132,Forecast
2051,2025-06-11,PLT-AL1,,CUST-008,FS7-500W,116,Forecast
2052,2025-06-12,PLT-AL1,,CUST-008,FS7-500W,136,Forecast
2053,2025-06-13,PLT-AL1,,CUST-008,FS7-500W,130,Forecast
2054,2025-06-16,PLT-AL1,,CUST-008,FS7-500W,138,Forecast
2055,2025-06-17,PLT-AL1,,CUST-008,FS7-500W,136,Forecast
2056,2025-06-18,PLT-AL1,,CUST-008,FS7-500W,120,Forecast
2057,2025-06-19,PLT-AL1,,CUST-008,FS7-500W,129,Forecast
2058,2025-06-20,PLT-AL1,,CUST-008,FS7-500W,137,Forecast
2059,2025-06-23,PLT-AL1,,CUST-008,FS7-500W,143,Forecast
2060,2025-06-24,PLT-AL1,,CUST-008,FS7-500W,118,Forecast
2061,2025-06-25,PLT-AL1,,CUST-008,FS7-500W,119,Forecast
2062,2025-06-26,PLT-AL1,,CUST-008,FS7-500W,139,Forecast
2063,2025-06-27,PLT-AL1,,CUST-008,FS7-500W,134,Forecast
2064,2025-06-30,PLT-AL1,,CUST-008,FS7-500W,128,Forecast
2065,2025-01-01,PLT-AL1,,CUST-008,FS7-500W,381,Customer Order
2066,2025-01-02,PLT-AL1,,CUST-008,FS7-500W,328,Customer Order
2067,2025-01-03,PLT-AL1,,CUST-008,FS7-500W,313,Customer Order
2068,2025-01-06,PLT-AL1,,CUST-008,FS7-500W,325,Customer Order
2069,2025-01-07,PLT-AL1,,CUST-008,FS7-500W,309,Customer Order
2070,2025-01-08,PLT-AL1,,CUST-008,FS7-500W,347,Customer Order
2071,2025-01-09,PLT-AL1,,CUST-008,FS7-500W,351,Customer Order
2072,2025-01-10,PLT-AL1,,CUST-008,FS7-500W,352,Customer Order
2073,2025-01-13,PLT-AL1,,CUST-008,FS7-500W,366,Customer Order
2074,2025-01-14,PLT-AL1,,CUST-008,FS7-500W,359,Customer Order
2075,2025-01-15,PLT-AL1,,CUST-008,FS7-500W,372,Customer Order
2076,2025-01-16,PLT-AL1,,CUST-008,FS7-500W,356,Customer Order
2077,2025-01-17,PLT-AL1,,CUST-008,FS7-500W,327,Customer Order
2078,2025-01-20,PLT-AL1,,CUST-008,FS7-500W,345,Customer Order
2079,2025-01-21,PLT-AL1,,CUST-008,FS7-500W,344,Customer Order
2080,2025-01-22,PLT-AL1,,CUST-008,FS7-500W,363,Customer Order
2081,2025-01-23,PLT-AL1,,CUST-008,FS7-500W,326,Customer Order
2082,2025-01-24,PLT-AL1,,CUST-008,FS7-500W,306,Customer Order
2083,2025-01-27,PLT-AL1,,CUST-008,FS7-500W,376,Customer Order
2084,2025-01-28,PLT-AL1,,CUST-008,FS7-500W,381,Customer Order
2085,2025-01-29,PLT-AL1,,CUST-008,FS7-500W,343,Customer Order
2086,2025-01-30,PLT-AL1,,CUST-008,FS7-500W,311,Customer Order
2087,2025-01-31,PLT-AL1,,CUST-008,FS7-500W,343,Customer Order
2088,2025-02-03,PLT-AL1,,CUST-008,FS7-500W,366,Customer Order
2089,2025-02-04,PLT-AL1,,CUST-008,FS7-500W,360,Customer Order
2090,2025-02-05,PLT-AL1,,CUST-008,FS7-500W,399,Customer Order
2091,2025-02-06,PLT-AL1,,CUST-008,FS7-500W,400,Customer Order
2092,2025-02-07,PLT-AL1,,CUST-008,FS7-500W,395,Customer Order
2093,2025-02-10,PLT-AL1,,CUST-008,FS7-500W,326,Customer Order
2094,2025-02-11,PLT-AL1,,CUST-008,FS7-500W,389,Customer Order
2095,2025-02-12,PLT-AL1,,CUST-008,FS7-500W,364,Customer Order
2096,2025-02-13,PLT-AL1,,CUST-008,FS7-500W,346,Customer Order
2097,2025-02-14,PLT-AL1,,CUST-008,FS7-500W,374,Customer Order
2098,2025-02-17,PLT-AL1,,CUST-008,FS7-500W,380,Customer Order
2099,2025-02-18,PLT-AL1,,CUST-008,FS7-500W,397,Customer Order
2100,2025-02-19,PLT-AL1,,CUST-008,FS7-500W,381,Customer Order
2101,2025-02-20,PLT-AL1,,CUST-008,FS7-500W,316,Customer Order
2102,2025-02-21,PLT-AL1,,CUST-008,FS7-500W,321,Customer Order
2103,2025-02-24,PLT-AL1,,CUST-008,FS7-500W,337,Customer Order
2104,2025-02-25,PLT-AL1,,CUST-008,FS7-500W,318,Customer Order
2105,2025-02-26,PLT-AL1,,CUST-008,FS7-500W,320,Customer Order
2106,2025-02-27,PLT-AL1,,CUST-008,FS7-500W,383,Customer Order
2107,2025-02-28,PLT-AL1,,CUST-008,FS7-500W,358,Customer Order
2108,2025-03-03,PLT-AL1,,CUST-008,FS7-500W,380,Customer Order
2109,2025-03-04,PLT-AL1,,CUST-008,FS7-500W,369,Customer Order
2110,2025-03-05,PLT-AL1,,CUST-008,FS7-500W,361,Customer Order
2111,2025-03-06,PLT-AL1,,CUST-008,FS7-500W,387,Customer Order
2112,2025-03-07,PLT-AL1,,CUST-008,FS7-500W,332,Customer Order
2113,2025-03-10,PLT-AL1,,CUST-008,FS7-500W,372,Customer Order
2114,2025-03-11,PLT-AL1,,CUST-008,FS7-500W,379,Customer Order
2115,2025-03-12,PLT-AL1,,CUST-008,FS7-500W,349,Customer Order
2116,2025-03-13,PLT-AL1,,CUST-008,FS7-500W,352,Customer Order
2117,2025-03-14,PLT-AL1,,CUST-008,FS7-500W,370,Customer Order
2118,2025-03-17,PLT-AL1,,CUST-008,FS7-500W,343,Customer Order
2119,2025-03-18,PLT-AL1,,CUST-008,FS7-500W,396,Customer Order
2120,2025-03-19,PLT-AL1,,CUST-008,FS7-500W,372,Customer Order
2121,2025-03-20,PLT-AL1,,CUST-008,FS7-500W,359,Customer Order
2122,2025-03-21,PLT-AL1,,CUST-008,FS7-500W,381,Customer Order
2123,2025-03-24,PLT-AL1,,CUST-008,FS7-500W,399,Customer Order
2124,2025-03-25,PLT-AL1,,CUST-008,FS7-500W,385,Customer Order
2125,2025-03-26,PLT-AL1,,CUST-008,FS7-500W,330,Customer Order
2126,2025-03-27,PLT-AL1,,CUST-008,FS7-500W,386,Customer Order
2127,2025-03-28,PLT-AL1,,CUST-008,FS7-500W,389,Customer Order
2128,2025-03-31,PLT-AL1,,CUST-008,FS7-500W,400,Customer Order
2129,2025-04-01,PLT-AL1,,CUST-008,FS7-500W,363,Customer Order
2130,2025-04-02,PLT-AL1,,CUST-008,FS7-500W,365,Forecast
2131,2025-04-03,PLT-AL1,,CUST-008,FS7-500W,399,Forecast
2132,2025-04-04,PLT-AL1,,CUST-008,FS7-500W,401,Forecast
2133,2025-04-07,PLT-AL1,,CUST-008,FS7-500W,416,Forecast
2134,2025-04-08,PLT-AL1,,CUST-008,FS7-500W,387,Forecast
2135,2025-04-09,PLT-AL1,,CUST-008,FS7-500W,429,Forecast
2136,2025-04-10,PLT-AL1,,CUST-008,FS7-500W,429,Forecast
2137,2025-04-11,PLT-AL1,,CUST-008,FS7-500W,369,Forecast
2138,2025-04-14,PLT-AL1,,CUST-008,FS7-500W,426,Forecast
2139,2025-04-15,PLT-AL1,,CUST-008,FS7-500W,425,Forecast
2140,2025-04-16,PLT-AL1,,CUST-008,FS7-500W,373,Forecast
2141,2025-04-17,PLT-AL1,,CUST-008,FS7-500W,450,Forecast
2142,2025-04-18,PLT-AL1,,CUST-008,FS7-500W,408,Forecast
2143,2025-04-21,PLT-AL1,,CUST-008,FS7-500W,433,Forecast
2144,2025-04-22,PLT-AL1,,CUST-008,FS7-500W,427,Forecast
2145,2025-04-23,PLT-AL1,,CUST-008,FS7-500W,373,Forecast
2146,2025-04-24,PLT-AL1,,CUST-008,FS7-500W,369,Forecast
2147,2025-04-25,PLT-AL1,,CUST-008,FS7-500W,433,Forecast
2148,2025-04-28,PLT-AL1,,CUST-008,FS7-500W,383,Forecast
2149,2025-04-29,PLT-AL1,,CUST-008,FS7-500W,443,Forecast
2150,2025-04-30,PLT-AL1,,CUST-008,FS7-500W,432,Forecast
2151,2025-05-01,PLT-AL1,,CUST-008,FS7-500W,360,Forecast
2152,2025-05-02,PLT-AL1,,CUST-008,FS7-500W,436,Forecast
2153,2025-05-05,PLT-AL1,,CUST-008,FS7-500W,384,Forecast
2154,2025-05-06,PLT-AL1,,CUST-008,FS7-500W,363,Forecast
2155,2025-05-07,PLT-AL1,,CUST-008,FS7-500W,426,Forecast
2156,2025-05-08,PLT-AL1,,CUST-008,FS7-500W,413,Forecast
2157,2025-05-09,PLT-AL1,,CUST-008,FS7-500W,365,Forecast
2158,2025-05-12,PLT-AL1,,CUST-008,FS7-500W,401,Forecast
2159,2025-05-13,PLT-AL1,,CUST-008,FS7-500W,392,Forecast
2160,2025-05-14,PLT-AL1,,CUST-008,FS7-500W,406,Forecast
2161,2025-05-15,PLT-AL1,,CUST-008,FS7-500W,412,Forecast
2162,2025-05-16,PLT-AL1,,CUST-008,FS7-500W,393,Forecast
2163,2025-05-19,PLT-AL1,,CUST-008,FS7-500W,382,Forecast
2164,2025-05-20,PLT-AL1,,CUST-008,FS7-500W,367,Forecast
2165,2025-05-21,PLT-AL1,,CUST-008,FS7-500W,413,Forecast
2166,2025-05-22,PLT-AL1,,CUST-008,FS7-500W,427,Forecast
2167,2025-05-23,PLT-AL1,,CUST-008,FS7-500W,379,Forecast
2168,2025-05-26,PLT-AL1,,CUST-008,FS7-500W,407,Forecast
2169,2025-05-27,PLT-AL1,,CUST-008,FS7-500W,361,Forecast
2170,2025-05-28,PLT-AL1,,CUST-008,FS7-500W,441,Forecast
2171,2025-05-29,PLT-AL1,,CUST-008,FS7-500W,381,Forecast
2172,2025-05-30,PLT-AL1,,CUST-008,FS7-500W,403,Forecast
2173,2025-06-02,PLT-AL1,,CUST-008,FS7-500W,373,Forecast
2174,2025-06-03,PLT-AL1,,CUST-008,FS7-500W,351,Forecast
2175,2025-06-04,PLT-AL1,,CUST-008,FS7-500W,423,Forecast
2176,2025-06-05,PLT-AL1,,CUST-008,FS7-500W,417,Forecast
2177,2025-06-06,PLT-AL1,,CUST-008,FS7-500W,389,Forecast
2178,2025-06-09,PLT-AL1,,CUST-008,FS7-500W,422,Forecast
2179,2025-06-10,PLT-AL1,,CUST-008,FS7-500W,406,Forecast
2180,2025-06-11,PLT-AL1,,CUST-008,FS7-500W,376,Forecast
2181,2025-06-12,PLT-AL1,,CUST-008,FS7-500W,367,Forecast
2182,2025-06-13,PLT-AL1,,CUST-008,FS7-500W,376,Forecast
2183,2025-06-16,PLT-AL1,,CUST-008,FS7-500W,404,Forecast
2184,2025-06-17,PLT-AL1,,CUST-008,FS7-500W,363,Forecast
2185,2025-06-18,PLT-AL1,,CUST-008,FS7-500W,345,Forecast
2186,2025-06-19,PLT-AL1,,CUST-008,FS7-500W,372,Forecast
2187,2025-06-20,PLT-AL1,,CUST-008,FS7-500W,384,Forecast
2188,2025-06-23,PLT-AL1,,CUST-008,FS7-500W,421,Forecast
2189,2025-06-24,PLT-AL1,,CUST-008,FS7-500W,354,Forecast
2190,2025-06-25,PLT-AL1,,CUST-008,FS7-500W,412,Forecast
2191,2025-06-26,PLT-AL1,,CUST-008,FS7-500W,428,Forecast
2192,2025-06-27,PLT-AL1,,CUST-008,FS7-500W,425,Forecast
2193,2025-06-30,PLT-AL1,,CUST-008,FS7-500W,344,Forecast
2194,2025-01-01,PLT-LA1,,CUST-009,FS6-450W,399,Customer Order
2195,2025-01-02,PLT-LA1,,CUST-009,FS6-450W,381,Customer Order
2196,2025-01-03,PLT-LA1,,CUST-009,FS6-450W,436,Customer Order
2197,2025-01-06,PLT-LA1,,CUST-009,FS6-450W,386,Customer Order
2198,2025-01-07,PLT-LA1,,CUST-009,FS6-450W,407,Customer Order
2199,2025-01-08,PLT-LA1,,CUST-009,FS6-450W,355,Customer Order
2200,2025-01-09,PLT-LA1,,CUST-009,FS6-450W,373,Customer Order
2201,2025-01-10,PLT-LA1,,CUST-009,FS6-450W,409,Customer Order
2202,2025-01-13,PLT-LA1,,CUST-009,FS6-450W,383,Customer Order
2203,2025-01-14,PLT-LA1,,CUST-009,FS6-450W,414,Customer Order
2204,2025-01-15,PLT-LA1,,CUST-009,FS6-450W,399,Customer Order
2205,2025-01-16,PLT-LA1,,CUST-009,FS6-450W,411,Customer Order
2206,2025-01-17,PLT-LA1,,CUST-009,FS6-450W,402,Customer Order
2207,2025-01-20,PLT-LA1,,CUST-009,FS6-450W,429,Customer Order
2208,2025-01-21,PLT-LA1,,CUST-009,FS6-450W,373,Customer Order
2209,2025-01-22,PLT-LA1,,CUST-009,FS6-450W,441,Customer Order
2210,2025-01-23,PLT-LA1,,CUST-009,FS6-450W,428,Customer Order
2211,2025-01-24,PLT-LA1,,CUST-009,FS6-450W,378,Customer Order
2212,2025-01-27,PLT-LA1,,CUST-009,FS6-450W,355,Customer Order
2213,2025-01-28,PLT-LA1,,CUST-009,FS6-450W,394,Customer Order
2214,2025-01-29,PLT-LA1,,CUST-009,FS6-450W,377,Customer Order
2215,2025-01-30,PLT-LA1,,CUST-009,FS6-450W,388,Customer Order
2216,2025-01-31,PLT-LA1,,CUST-009,FS6-450W,435,Customer Order
2217,2025-02-03,PLT-LA1,,CUST-009,FS6-450W,458,Customer Order
2218,2025-02-04,PLT-LA1,,CUST-009,FS6-450W,465,Customer Order
2219,2025-02-05,PLT-LA1,,CUST-009,FS6-450W,369,Customer Order
2220,2025-02-06,PLT-LA1,,CUST-009,FS6-450W,436,Customer Order
2221,2025-02-07,PLT-LA1,,CUST-009,FS6-450W,455,Customer Order
2222,2025-02-10,PLT-LA1,,CUST-009,FS6-450W,443,Customer Order
2223,2025-02-11,PLT-LA1,,CUST-009,FS6-450W,380,Customer Order
2224,2025-02-12,PLT-LA1,,CUST-009,FS6-450W,423,Customer Order
2225,2025-02-13,PLT-LA1,,CUST-009,FS6-450W,393,Customer Order
2226,2025-02-14,PLT-LA1,,CUST-009,FS6-450W,419,Customer Order
2227,2025-02-17,PLT-LA1,,CUST-009,FS6-450W,375,Customer Order
2228,2025-02-18,PLT-LA1,,CUST-009,FS6-450W,470,Customer Order
2229,2025-02-19,PLT-LA1,,CUST-009,FS6-450W,441,Customer Order
2230,2025-02-20,PLT-LA1,,CUST-009,FS6-450W,379,Customer Order
2231,2025-02-21,PLT-LA1,,CUST-009,FS6-450W,462,Customer Order
2232,2025-02-24,PLT-LA1,,CUST-009,FS6-450W,460,Customer Order
2233,2025-02-25,PLT-LA1,,CUST-009,FS6-450W,422,Customer Order
2234,2025-02-26,PLT-LA1,,CUST-009,FS6-450W,440,Customer Order
2235,2025-02-27,PLT-LA1,,CUST-009,FS6-450W,407,Customer Order
2236,2025-02-28,PLT-LA1,,CUST-009,FS6-450W,467,Customer Order
2237,2025-03-03,PLT-LA1,,CUST-009,FS6-450W,390,Customer Order
2238,2025-03-04,PLT-LA1,,CUST-009,FS6-450W,391,Customer Order
2239,2025-03-05,PLT-LA1,,CUST-009,FS6-450W,395,Customer Order
2240,2025-03-06,PLT-LA1,,CUST-009,FS6-450W,466,Customer Order
2241,2025-03-07,PLT-LA1,,CUST-009,FS6-450W,389,Customer Order
2242,2025-03-10,PLT-LA1,,CUST-009,FS6-450W,440,Customer Order
2243,2025-03-11,PLT-LA1,,CUST-009,FS6-450W,426,Customer Order
2244,2025-03-12,PLT-LA1,,CUST-009,FS6-450W,481,Customer Order
2245,2025-03-13,PLT-LA1,,CUST-009,FS6-450W,405,Customer Order
2246,2025-03-14,PLT-LA1,,CUST-009,FS6-450W,408,Customer Order
2247,2025-03-17,PLT-LA1,,CUST-009,FS6-450W,413,Customer Order
2248,2025-03-18,PLT-LA1,,CUST-009,FS6-450W,464,Customer Order
2249,2025-03-19,PLT-LA1,,CUST-009,FS6-450W,453,Customer Order
2250,2025-03-20,PLT-LA1,,CUST-009,FS6-450W,457,Customer Order
2251,2025-03-21,PLT-LA1,,CUST-009,FS6-450W,414,Customer Order
2252,2025-03-24,PLT-LA1,,CUST-009,FS6-450W,409,Customer Order
2253,2025-03-25,PLT-LA1,,CUST-009,FS6-450W,388,Customer Order
2254,2025-03-26,PLT-LA1,,CUST-009,FS6-450W,402,Customer Order
2255,2025-03-27,PLT-LA1,,CUST-009,FS6-450W,462,Customer Order
2256,2025-03-28,PLT-LA1,,CUST-009,FS6-450W,441,Customer Order
2257,2025-03-31,PLT-LA1,,CUST-009,FS6-450W,397,Customer Order
2258,2025-04-01,PLT-LA1,,CUST-009,FS6-450W,438,Customer Order
2259,2025-04-02,PLT-LA1,,CUST-009,FS6-450W,472,Forecast
2260,2025-04-03,PLT-LA1,,CUST-009,FS6-450W,465,Forecast
2261,2025-04-04,PLT-LA1,,CUST-009,FS6-450W,480,Forecast
2262,2025-04-07,PLT-LA1,,CUST-009,FS6-450W,529,Forecast
2263,2025-04-08,PLT-LA1,,CUST-009,FS6-450W,443,Forecast
2264,2025-04-09,PLT-LA1,,CUST-009,FS6-450W,454,Forecast
2265,2025-04-10,PLT-LA1,,CUST-009,FS6-450W,449,Forecast
2266,2025-04-11,PLT-LA1,,CUST-009,FS6-450W,433,Forecast
2267,2025-04-14,PLT-LA1,,CUST-009,FS6-450W,437,Forecast
2268,2025-04-15,PLT-LA1,,CUST-009,FS6-450W,497,Forecast
2269,2025-04-16,PLT-LA1,,CUST-009,FS6-450W,513,Forecast
2270,2025-04-17,PLT-LA1,,CUST-009,FS6-450W,498,Forecast
2271,2025-04-18,PLT-LA1,,CUST-009,FS6-450W,423,Forecast
2272,2025-04-21,PLT-LA1,,CUST-009,FS6-450W,514,Forecast
2273,2025-04-22,PLT-LA1,,CUST-009,FS6-450W,456,Forecast
2274,2025-04-23,PLT-LA1,,CUST-009,FS6-450W,429,Forecast
2275,2025-04-24,PLT-LA1,,CUST-009,FS6-450W,447,Forecast
2276,2025-04-25,PLT-LA1,,CUST-009,FS6-450W,459,Forecast
2277,2025-04-28,PLT-LA1,,CUST-009,FS6-450W,477,Forecast
2278,2025-04-29,PLT-LA1,,CUST-009,FS6-450W,496,Forecast
2279,2025-04-30,PLT-LA1,,CUST-009,FS6-450W,449,Forecast
2280,2025-05-01,PLT-LA1,,CUST-009,FS6-450W,532,Forecast
2281,2025-05-02,PLT-LA1,,CUST-009,FS6-450W,422,Forecast
2282,2025-05-05,PLT-LA1,,CUST-009,FS6-450W,465,Forecast
2283,2025-05-06,PLT-LA1,,CUST-009,FS6-450W,470,Forecast
2284,2025-05-07,PLT-LA1,,CUST-009,FS6-450W,504,Forecast
2285,2025-05-08,PLT-LA1,,CUST-009,FS6-450W,447,Forecast
2286,2025-05-09,PLT-LA1,,CUST-009,FS6-450W,472,Forecast
2287,2025-05-12,PLT-LA1,,CUST-009,FS6-450W,511,Forecast
2288,2025-05-13,PLT-LA1,,CUST-009,FS6-450W,435,Forecast
2289,2025-05-14,PLT-LA1,,CUST-009,FS6-450W,420,Forecast
2290,2025-05-15,PLT-LA1,,CUST-009,FS6-450W,514,Forecast
2291,2025-05-16,PLT-LA1,,CUST-009,FS6-450W,531,Forecast
2292,2025-05-19,PLT-LA1,,CUST-009,FS6-450W,434,Forecast
2293,2025-05-20,PLT-LA1,,CUST-009,FS6-450W,513,Forecast
2294,2025-05-21,PLT-LA1,,CUST-009,FS6-450W,461,Forecast
2295,2025-05-22,PLT-LA1,,CUST-009,FS6-450W,491,Forecast
2296,2025-05-23,PLT-LA1,,CUST-009,FS6-450W,492,Forecast
2297,2025-05-26,PLT-LA1,,CUST-009,FS6-450W,485,Forecast
2298,2025-05-27,PLT-LA1,,CUST-009,FS6-450W,448,Forecast
2299,2025-05-28,PLT-LA1,,CUST-009,FS6-450W,512,Forecast
2300,2025-05-29,PLT-LA1,,CUST-009,FS6-450W,421,Forecast
2301,2025-05-30,PLT-LA1,,CUST-009,FS6-450W,426,Forecast
2302,2025-06-02,PLT-LA1,,CUST-009,FS6-450W,493,Forecast
2303,2025-06-03,PLT-LA1,,CUST-009,FS6-450W,444,Forecast
2304,2025-06-04,PLT-LA1,,CUST-009,FS6-450W,410,Forecast
2305,2025-06-05,PLT-LA1,,CUST-009,FS6-450W,494,Forecast
2306,2025-06-06,PLT-LA1,,CUST-009,FS6-450W,486,Forecast
2307,2025-06-09,PLT-LA1,,CUST-009,FS6-450W,432,Forecast
2308,2025-06-10,PLT-LA1,,CUST-009,FS6-450W,401,Forecast
2309,2025-06-11,PLT-LA1,,CUST-009,FS6-450W,446,Forecast
2310,2025-06-12,PLT-LA1,,CUST-009,FS6-450W,414,Forecast
2311,2025-06-13,PLT-LA1,,CUST-009,FS6-450W,458,Forecast
2312,2025-06-16,PLT-LA1,,CUST-009,FS6-450W,485,Forecast
2313,2025-06-17,PLT-LA1,,CUST-009,FS6-450W,439,Forecast
2314,2025-06-18,PLT-LA1,,CUST-009,FS6-450W,399,Forecast
2315,2025-06-19,PLT-LA1,,CUST-009,FS6-450W,470,Forecast
2316,2025-06-20,PLT-LA1,,CUST-009,FS6-450W,415,Forecast
2317,2025-06-23,PLT-LA1,,CUST-009,FS6-450W,419,Forecast
2318,2025-06-24,PLT-LA1,,CUST-009,FS6-450W,416,Forecast
2319,2025-06-25,PLT-LA1,,CUST-009,FS6-450W,426,Forecast
2320,2025-06-26,PLT-LA1,,CUST-009,FS6-450W,491,Forecast
2321,2025-06-27,PLT-LA1,,CUST-009,FS6-450W,400,Forecast
2322,2025-06-30,PLT-LA1,,CUST-009,FS6-450W,463,Forecast
2323,2025-01-01,PLT-OH1,,CUST-009,FS6-450W,127,Customer Order
2324,2025-01-02,PLT-OH1,,CUST-009,FS6-450W,129,Customer Order
2325,2025-01-03,PLT-OH1,,CUST-009,FS6-450W,133,Customer Order
2326,2025-01-06,PLT-OH1,,CUST-009,FS6-450W,137,Customer Order
2327,2025-01-07,PLT-OH1,,CUST-009,FS6-450W,121,Customer Order
2328,2025-01-08,PLT-OH1,,CUST-009,FS6-450W,128,Customer Order
2329,2025-01-09,PLT-OH1,,CUST-009,FS6-450W,124,Customer Order
2330,2025-01-10,PLT-OH1,,CUST-009,FS6-450W,126,Customer Order
2331,2025-01-13,PLT-OH1,,CUST-009,FS6-450W,148,Customer Order
2332,2025-01-14,PLT-OH1,,CUST-009,FS6-450W,136,Customer Order
2333,2025-01-15,PLT-OH1,,CUST-009,FS6-450W,140,Customer Order
2334,2025-01-16,PLT-OH1,,CUST-009,FS6-450W,145,Customer Order
2335,2025-01-17,PLT-OH1,,CUST-009,FS6-450W,145,Customer Order
2336,2025-01-20,PLT-OH1,,CUST-009,FS6-450W,151,Customer Order
2337,2025-01-21,PLT-OH1,,CUST-009,FS6-450W,145,Customer Order
2338,2025-01-22,PLT-OH1,,CUST-009,FS6-450W,131,Customer Order
2339,2025-01-23,PLT-OH1,,CUST-009,FS6-450W,137,Customer Order
2340,2025-01-24,PLT-OH1,,CUST-009,FS6-450W,135,Customer Order
2341,2025-01-27,PLT-OH1,,CUST-009,FS6-450W,149,Customer Order
2342,2025-01-28,PLT-OH1,,CUST-009,FS6-450W,135,Customer Order
2343,2025-01-29,PLT-OH1,,CUST-009,FS6-450W,132,Customer Order
2344,2025-01-30,PLT-OH1,,CUST-009,FS6-450W,125,Customer Order
2345,2025-01-31,PLT-OH1,,CUST-009,FS6-450W,129,Customer Order
2346,2025-02-03,PLT-OH1,,CUST-009,FS6-450W,132,Customer Order
2347,2025-02-04,PLT-OH1,,CUST-009,FS6-450W,155,Customer Order
2348,2025-02-05,PLT-OH1,,CUST-009,FS6-450W,151,Customer Order
2349,2025-02-06,PLT-OH1,,CUST-009,FS6-450W,126,Customer Order
2350,2025-02-07,PLT-OH1,,CUST-009,FS6-450W,158,Customer Order
2351,2025-02-10,PLT-OH1,,CUST-009,FS6-450W,142,Customer Order
2352,2025-02-11,PLT-OH1,,CUST-009,FS6-450W,150,Customer Order
2353,2025-02-12,PLT-OH1,,CUST-009,FS6-450W,158,Customer Order
2354,2025-02-13,PLT-OH1,,CUST-009,FS6-450W,157,Customer Order
2355,2025-02-14,PLT-OH1,,CUST-009,FS6-450W,128,Customer Order
2356,2025-02-17,PLT-OH1,,CUST-009,FS6-450W,147,Customer Order
2357,2025-02-18,PLT-OH1,,CUST-009,FS6-450W,133,Customer Order
2358,2025-02-19,PLT-OH1,,CUST-009,FS6-450W,152,Customer Order
2359,2025-02-20,PLT-OH1,,CUST-009,FS6-450W,155,Customer Order
2360,2025-02-21,PLT-OH1,,CUST-009,FS6-450W,126,Customer Order
2361,2025-02-24,PLT-OH1,,CUST-009,FS6-450W,158,Customer Order
2362,2025-02-25,PLT-OH1,,CUST-009,FS6-450W,132,Customer Order
2363,2025-02-26,PLT-OH1,,CUST-009,FS6-450W,153,Customer Order
2364,2025-02-27,PLT-OH1,,CUST-009,FS6-450W,151,Customer Order
2365,2025-02-28,PLT-OH1,,CUST-009,FS6-450W,136,Customer Order
2366,2025-03-03,PLT-OH1,,CUST-009,FS6-450W,157,Customer Order
2367,2025-03-04,PLT-OH1,,CUST-009,FS6-450W,158,Customer Order
2368,2025-03-05,PLT-OH1,,CUST-009,FS6-450W,134,Customer Order
2369,2025-03-06,PLT-OH1,,CUST-009,FS6-450W,149,Customer Order
2370,2025-03-07,PLT-OH1,,CUST-009,FS6-450W,156,Customer Order
2371,2025-03-10,PLT-OH1,,CUST-009,FS6-450W,152,Customer Order
2372,2025-03-11,PLT-OH1,,CUST-009,FS6-450W,160,Customer Order
2373,2025-03-12,PLT-OH1,,CUST-009,FS6-450W,129,Customer Order
2374,2025-03-13,PLT-OH1,,CUST-009,FS6-450W,153,Customer Order
2375,2025-03-14,PLT-OH1,,CUST-009,FS6-450W,161,Customer Order
2376,2025-03-17,PLT-OH1,,CUST-009,FS6-450W,148,Customer Order
2377,2025-03-18,PLT-OH1,,CUST-009,FS6-450W,148,Customer Order
2378,2025-03-19,PLT-OH1,,CUST-009,FS6-450W,135,Customer Order
2379,2025-03-20,PLT-OH1,,CUST-009,FS6-450W,163,Customer Order
2380,2025-03-21,PLT-OH1,,CUST-009,FS6-450W,159,Customer Order
2381,2025-03-24,PLT-OH1,,CUST-009,FS6-450W,145,Customer Order
2382,2025-03-25,PLT-OH1,,CUST-009,FS6-450W,139,Customer Order
2383,2025-03-26,PLT-OH1,,CUST-009,FS6-450W,145,Customer Order
2384,2025-03-27,PLT-OH1,,CUST-009,FS6-450W,131,Customer Order
2385,2025-03-28,PLT-OH1,,CUST-009,FS6-450W,136,Customer Order
2386,2025-03-31,PLT-OH1,,CUST-009,FS6-450W,136,Customer Order
2387,2025-04-01,PLT-OH1,,CUST-009,FS6-450W,161,Customer Order
2388,2025-04-02,PLT-OH1,,CUST-009,FS6-450W,141,Forecast
2389,2025-04-03,PLT-OH1,,CUST-009,FS6-450W,176,Forecast
2390,2025-04-04,PLT-OH1,,CUST-009,FS6-450W,149,Forecast
2391,2025-04-07,PLT-OH1,,CUST-009,FS6-450W,146,Forecast
2392,2025-04-08,PLT-OH1,,CUST-009,FS6-450W,168,Forecast
2393,2025-04-09,PLT-OH1,,CUST-009,FS6-450W,176,Forecast
2394,2025-04-10,PLT-OH1,,CUST-009,FS6-450W,173,Forecast
2395,2025-04-11,PLT-OH1,,CUST-009,FS6-450W,153,Forecast
2396,2025-04-14,PLT-OH1,,CUST-009,FS6-450W,142,Forecast
2397,2025-04-15,PLT-OH1,,CUST-009,FS6-450W,163,Forecast
2398,2025-04-16,PLT-OH1,,CUST-009,FS6-450W,176,Forecast
2399,2025-04-17,PLT-OH1,,CUST-009,FS6-450W,171,Forecast
2400,2025-04-18,PLT-OH1,,CUST-009,FS6-450W,173,Forecast
2401,2025-04-21,PLT-OH1,,CUST-009,FS6-450W,174,Forecast
2402,2025-04-22,PLT-OH1,,CUST-009,FS6-450W,178,Forecast
2403,2025-04-23,PLT-OH1,,CUST-009,FS6-450W,155,Forecast
2404,2025-04-24,PLT-OH1,,CUST-009,FS6-450W,177,Forecast
2405,2025-04-25,PLT-OH1,,CUST-009,FS6-450W,156,Forecast
2406,2025-04-28,PLT-OH1,,CUST-009,FS6-450W,145,Forecast
2407,2025-04-29,PLT-OH1,,CUST-009,FS6-450W,153,Forecast
2408,2025-04-30,PLT-OH1,,CUST-009,FS6-450W,146,Forecast
2409,2025-05-01,PLT-OH1,,CUST-009,FS6-450W,147,Forecast
2410,2025-05-02,PLT-OH1,,CUST-009,FS6-450W,177,Forecast
2411,2025-05-05,PLT-OH1,,CUST-009,FS6-450W,171,Forecast
2412,2025-05-06,PLT-OH1,,CUST-009,FS6-450W,178,Forecast
2413,2025-05-07,PLT-OH1,,CUST-009,FS6-450W,166,Forecast
2414,2025-05-08,PLT-OH1,,CUST-009,FS6-450W,148,Forecast
2415,2025-05-09,PLT-OH1,,CUST-009,FS6-450W,178,Forecast
2416,2025-05-12,PLT-OH1,,CUST-009,FS6-450W,168,Forecast
2417,2025-05-13,PLT-OH1,,CUST-009,FS6-450W,177,Forecast
2418,2025-05-14,PLT-OH1,,CUST-009,FS6-450W,171,Forecast
2419,2025-05-15,PLT-OH1,,CUST-009,FS6-450W,149,Forecast
2420,2025-05-16,PLT-OH1,,CUST-009,FS6-450W,164,Forecast
2421,2025-05-19,PLT-OH1,,CUST-009,FS6-450W,148,Forecast
2422,2025-05-20,PLT-OH1,,CUST-009,FS6-450W,153,Forecast
2423,2025-05-21,PLT-OH1,,CUST-009,FS6-450W,167,Forecast
2424,2025-05-22,PLT-OH1,,CUST-009,FS6-450W,146,Forecast
2425,2025-05-23,PLT-OH1,,CUST-009,FS6-450W,169,Forecast
2426,2025-05-26,PLT-OH1,,CUST-009,FS6-450W,177,Forecast
2427,2025-05-27,PLT-OH1,,CUST-009,FS6-450W,177,Forecast
2428,2025-05-28,PLT-OH1,,CUST-009,FS6-450W,156,Forecast
2429,2025-05-29,PLT-OH1,,CUST-009,FS6-450W,179,Forecast
2430,2025-05-30,PLT-OH1,,CUST-009,FS6-450W,178,Forecast
2431,2025-06-02,PLT-OH1,,CUST-009,FS6-450W,134,Forecast
2432,2025-06-03,PLT-OH1,,CUST-009,FS6-450W,155,Forecast
2433,2025-06-04,PLT-OH1,,CUST-009,FS6-450W,167,Forecast
2434,2025-06-05,PLT-OH1,,CUST-009,FS6-450W,168,Forecast
2435,2025-06-06,PLT-OH1,,CUST-009,FS6-450W,141,Forecast
2436,2025-06-09,PLT-OH1,,CUST-009,FS6-450W,154,Forecast
2437,2025-06-10,PLT-OH1,,CUST-009,FS6-450W,167,Forecast
2438,2025-06-11,PLT-OH1,,CUST-009,FS6-450W,138,Forecast
2439,2025-06-12,PLT-OH1,,CUST-009,FS6-450W,160,Forecast
2440,2025-06-13,PLT-OH1,,CUST-009,FS6-450W,142,Forecast
2441,2025-06-16,PLT-OH1,,CUST-009,FS6-450W,169,Forecast
2442,2025-06-17,PLT-OH1,,CUST-009,FS6-450W,139,Forecast
2443,2025-06-18,PLT-OH1,,CUST-009,FS6-450W,165,Forecast
2444,2025-06-19,PLT-OH1,,CUST-009,FS6-450W,136,Forecast
2445,2025-06-20,PLT-OH1,,CUST-009,FS6-450W,159,Forecast
2446,2025-06-23,PLT-OH1,,CUST-009,FS6-450W,156,Forecast
2447,2025-06-24,PLT-OH1,,CUST-009,FS6-450W,165,Forecast
2448,2025-06-25,PLT-OH1,,CUST-009,FS6-450W,149,Forecast
2449,2025-06-26,PLT-OH1,,CUST-009,FS6-450W,143,Forecast
2450,2025-06-27,PLT-OH1,,CUST-009,FS6-450W,142,Forecast
2451,2025-06-30,PLT-OH1,,CUST-009,FS6-450W,136,Forecast
2452,2025-01-01,PLT-AL1,,CUST-010,FS7-500W,157,Customer Order
2453,2025-01-02,PLT-AL1,,CUST-010,FS7-500W,151,Customer Order
2454,2025-01-03,PLT-AL1,,CUST-010,FS7-500W,147,Customer Order
2455,2025-01-06,PLT-AL1,,CUST-010,FS7-500W,163,Customer Order
2456,2025-01-07,PLT-AL1,,CUST-010,FS7-500W,176,Customer Order
2457,2025-01-08,PLT-AL1,,CUST-010,FS7-500W,186,Customer Order
2458,2025-01-09,PLT-AL1,,CUST-010,FS7-500W,183,Customer Order
2459,2025-01-10,PLT-AL1,,CUST-010,FS7-500W,167,Customer Order
2460,2025-01-13,PLT-AL1,,CUST-010,FS7-500W,162,Customer Order
2461,2025-01-14,PLT-AL1,,CUST-010,FS7-500W,169,Customer Order
2462,2025-01-15,PLT-AL1,,CUST-010,FS7-500W,151,Customer Order
2463,2025-01-16,PLT-AL1,,CUST-010,FS7-500W,166,Customer Order
2464,2025-01-17,PLT-AL1,,CUST-010,FS7-500W,182,Customer Order
2465,2025-01-20,PLT-AL1,,CUST-010,FS7-500W,173,Customer Order
2466,2025-01-21,PLT-AL1,,CUST-010,FS7-500W,175,Customer Order
2467,2025-01-22,PLT-AL1,,CUST-010,FS7-500W,154,Customer Order
2468,2025-01-23,PLT-AL1,,CUST-010,FS7-500W,150,Customer Order
2469,2025-01-24,PLT-AL1,,CUST-010,FS7-500W,181,Customer Order
2470,2025-01-27,PLT-AL1,,CUST-010,FS7-500W,159,Customer Order
2471,2025-01-28,PLT-AL1,,CUST-010,FS7-500W,160,Customer Order
2472,2025-01-29,PLT-AL1,,CUST-010,FS7-500W,185,Customer Order
2473,2025-01-30,PLT-AL1,,CUST-010,FS7-500W,150,Customer Order
2474,2025-01-31,PLT-AL1,,CUST-010,FS7-500W,154,Customer Order
2475,2025-02-03,PLT-AL1,,CUST-010,FS7-500W,169,Customer Order
2476,2025-02-04,PLT-AL1,,CUST-010,FS7-500W,184,Customer Order
2477,2025-02-05,PLT-AL1,,CUST-010,FS7-500W,176,Customer Order
2478,2025-02-06,PLT-AL1,,CUST-010,FS7-500W,191,Customer Order
2479,2025-02-07,PLT-AL1,,CUST-010,FS7-500W,157,Customer Order
2480,2025-02-10,PLT-AL1,,CUST-010,FS7-500W,178,Customer Order
2481,2025-02-11,PLT-AL1,,CUST-010,FS7-500W,179,Customer Order
2482,2025-02-12,PLT-AL1,,CUST-010,FS7-500W,174,Customer Order
2483,2025-02-13,PLT-AL1,,CUST-010,FS7-500W,155,Customer Order
2484,2025-02-14,PLT-AL1,,CUST-010,FS7-500W,193,Customer Order
2485,2025-02-17,PLT-AL1,,CUST-010,FS7-500W,160,Customer Order
2486,2025-02-18,PLT-AL1,,CUST-010,FS7-500W,191,Customer Order
2487,2025-02-19,PLT-AL1,,CUST-010,FS7-500W,160,Customer Order
2488,2025-02-20,PLT-AL1,,CUST-010,FS7-500W,158,Customer Order
2489,2025-02-21,PLT-AL1,,CUST-010,FS7-500W,162,Customer Order
2490,2025-02-24,PLT-AL1,,CUST-010,FS7-500W,161,Customer Order
2491,2025-02-25,PLT-AL1,,CUST-010,FS7-500W,183,Customer Order
2492,2025-02-26,PLT-AL1,,CUST-010,FS7-500W,184,Customer Order
2493,2025-02-27,PLT-AL1,,CUST-010,FS7-500W,184,Customer Order
2494,2025-02-28,PLT-AL1,,CUST-010,FS7-500W,164,Customer Order
2495,2025-03-03,PLT-AL1,,CUST-010,FS7-500W,170,Customer Order
2496,2025-03-04,PLT-AL1,,CUST-010,FS7-500W,168,Customer Order
2497,2025-03-05,PLT-AL1,,CUST-010,FS7-500W,160,Customer Order
2498,2025-03-06,PLT-AL1,,CUST-010,FS7-500W,183,Customer Order
2499,2025-03-07,PLT-AL1,,CUST-010,FS7-500W,194,Customer Order
2500,2025-03-10,PLT-AL1,,CUST-010,FS7-500W,165,Customer Order
2501,2025-03-11,PLT-AL1,,CUST-010,FS7-500W,174,Customer Order
2502,2025-03-12,PLT-AL1,,CUST-010,FS7-500W,177,Customer Order
2503,2025-03-13,PLT-AL1,,CUST-010,FS7-500W,171,Customer Order
2504,2025-03-14,PLT-AL1,,CUST-010,FS7-500W,187,Customer Order
2505,2025-03-17,PLT-AL1,,CUST-010,FS7-500W,184,Customer Order
2506,2025-03-18,PLT-AL1,,CUST-010,FS7-500W,167,Customer Order
2507,2025-03-19,PLT-AL1,,CUST-010,FS7-500W,159,Customer Order
2508,2025-03-20,PLT-AL1,,CUST-010,FS7-500W,165,Customer Order
2509,2025-03-21,PLT-AL1,,CUST-010,FS7-500W,171,Customer Order
2510,2025-03-24,PLT-AL1,,CUST-010,FS7-500W,162,Customer Order
2511,2025-03-25,PLT-AL1,,CUST-010,FS7-500W,194,Customer Order
2512,2025-03-26,PLT-AL1,,CUST-010,FS7-500W,171,Customer Order
2513,2025-03-27,PLT-AL1,,CUST-010,FS7-500W,175,Customer Order
2514,2025-03-28,PLT-AL1,,CUST-010,FS7-500W,179,Customer Order
2515,2025-03-31,PLT-AL1,,CUST-010,FS7-500W,187,Customer Order
2516,2025-04-01,PLT-AL1,,CUST-010,FS7-500W,178,Customer Order
2517,2025-04-02,PLT-AL1,,CUST-010,FS7-500W,200,Forecast
2518,2025-04-03,PLT-AL1,,CUST-010,FS7-500W,183,Forecast
2519,2025-04-04,PLT-AL1,,CUST-010,FS7-500W,216,Forecast
2520,2025-04-07,PLT-AL1,,CUST-010,FS7-500W,191,Forecast
2521,2025-04-08,PLT-AL1,,CUST-010,FS7-500W,195,Forecast
2522,2025-04-09,PLT-AL1,,CUST-010,FS7-500W,186,Forecast
2523,2025-04-10,PLT-AL1,,CUST-010,FS7-500W,196,Forecast
2524,2025-04-11,PLT-AL1,,CUST-010,FS7-500W,185,Forecast
2525,2025-04-14,PLT-AL1,,CUST-010,FS7-500W,187,Forecast
2526,2025-04-15,PLT-AL1,,CUST-010,FS7-500W,177,Forecast
2527,2025-04-16,PLT-AL1,,CUST-010,FS7-500W,210,Forecast
2528,2025-04-17,PLT-AL1,,CUST-010,FS7-500W,206,Forecast
2529,2025-04-18,PLT-AL1,,CUST-010,FS7-500W,178,Forecast
2530,2025-04-21,PLT-AL1,,CUST-010,FS7-500W,190,Forecast
2531,2025-04-22,PLT-AL1,,CUST-010,FS7-500W,200,Forecast
2532,2025-04-23,PLT-AL1,,CUST-010,FS7-500W,220,Forecast
2533,2025-04-24,PLT-AL1,,CUST-010,FS7-500W,202,Forecast
2534,2025-04-25,PLT-AL1,,CUST-010,FS7-500W,200,Forecast
2535,2025-04-28,PLT-AL1,,CUST-010,FS7-500W,214,Forecast
2536,2025-04-29,PLT-AL1,,CUST-010,FS7-500W,213,Forecast
2537,2025-04-30,PLT-AL1,,CUST-010,FS7-500W,194,Forecast
2538,2025-05-01,PLT-AL1,,CUST-010,FS7-500W,199,Forecast
2539,2025-05-02,PLT-AL1,,CUST-010,FS7-500W,215,Forecast
2540,2025-05-05,PLT-AL1,,CUST-010,FS7-500W,196,Forecast
2541,2025-05-06,PLT-AL1,,CUST-010,FS7-500W,216,Forecast
2542,2025-05-07,PLT-AL1,,CUST-010,FS7-500W,197,Forecast
2543,2025-05-08,PLT-AL1,,CUST-010,FS7-500W,178,Forecast
2544,2025-05-09,PLT-AL1,,CUST-010,FS7-500W,217,Forecast
2545,2025-05-12,PLT-AL1,,CUST-010,FS7-500W,208,Forecast
2546,2025-05-13,PLT-AL1,,CUST-010,FS7-500W,198,Forecast
2547,2025-05-14,PLT-AL1,,CUST-010,FS7-500W,217,Forecast
2548,2025-05-15,PLT-AL1,,CUST-010,FS7-500W,212,Forecast
2549,2025-05-16,PLT-AL1,,CUST-010,FS7-500W,206,Forecast
2550,2025-05-19,PLT-AL1,,CUST-010,FS7-500W,203,Forecast
2551,2025-05-20,PLT-AL1,,CUST-010,FS7-500W,180,Forecast
2552,2025-05-21,PLT-AL1,,CUST-010,FS7-500W,210,Forecast
2553,2025-05-22,PLT-AL1,,CUST-010,FS7-500W,182,Forecast
2554,2025-05-23,PLT-AL1,,CUST-010,FS7-500W,221,Forecast
2555,2025-05-26,PLT-AL1,,CUST-010,FS7-500W,220,Forecast
2556,2025-05-27,PLT-AL1,,CUST-010,FS7-500W,212,Forecast
2557,2025-05-28,PLT-AL1,,CUST-010,FS7-500W,180,Forecast
2558,2025-05-29,PLT-AL1,,CUST-010,FS7-500W,194,Forecast
2559,2025-05-30,PLT-AL1,,CUST-010,FS7-500W,221,Forecast
2560,2025-06-02,PLT-AL1,,CUST-010,FS7-500W,184,Forecast
2561,2025-06-03,PLT-AL1,,CUST-010,FS7-500W,209,Forecast
2562,2025-06-04,PLT-AL1,,CUST-010,FS7-500W,193,Forecast
2563,2025-06-05,PLT-AL1,,CUST-010,FS7-500W,202,Forecast
2564,2025-06-06,PLT-AL1,,CUST-010,FS7-500W,176,Forecast
2565,2025-06-09,PLT-AL1,,CUST-010,FS7-500W,205,Forecast
2566,2025-06-10,PLT-AL1,,CUST-010,FS7-500W,205,Forecast
2567,2025-06-11,PLT-AL1,,CUST-010,FS7-500W,167,Forecast
2568,2025-06-12,PLT-AL1,,CUST-010,FS7-500W,182,Forecast
2569,2025-06-13,PLT-AL1,,CUST-010,FS7-500W,182,Forecast
2570,2025-06-16,PLT-AL1,,CUST-010,FS7-500W,179,Forecast
2571,2025-06-17,PLT-AL1,,CUST-010,FS7-500W,177,Forecast
2572,2025-06-18,PLT-AL1,,CUST-010,FS7-500W,185,Forecast
2573,2025-06-19,PLT-AL1,,CUST-010,FS7-500W,204,Forecast
2574,2025-06-20,PLT-AL1,,CUST-010,FS7-500W,200,Forecast
2575,2025-06-23,PLT-AL1,,CUST-010,FS7-500W,192,Forecast
2576,2025-06-24,PLT-AL1,,CUST-010,FS7-500W,188,Forecast
2577,2025-06-25,PLT-AL1,,CUST-010,FS7-500W,183,Forecast
2578,2025-06-26,PLT-AL1,,CUST-010,FS7-500W,183,Forecast
2579,2025-06-27,PLT-AL1,,CUST-010,FS7-500W,171,Forecast
2580,2025-06-30,PLT-AL1,,CUST-010,FS7-500W,191,Forecast
2581,2025-01-01,PLT-AL1,,CUST-010,FS7-500W,188,Customer Order
2582,2025-01-02,PLT-AL1,,CUST-010,FS7-500W,195,Customer Order
2583,2025-01-03,PLT-AL1,,CUST-010,FS7-500W,195,Customer Order
2584,2025-01-06,PLT-AL1,,CUST-010,FS7-500W,179,Customer Order
2585,2025-01-07,PLT-AL1,,CUST-010,FS7-500W,160,Customer Order
2586,2025-01-08,PLT-AL1,,CUST-010,FS7-500W,168,Customer Order
2587,2025-01-09,PLT-AL1,,CUST-010,FS7-500W,178,Customer Order
2588,2025-01-10,PLT-AL1,,CUST-010,FS7-500W,170,Customer Order
2589,2025-01-13,PLT-AL1,,CUST-010,FS7-500W,173,Customer Order
2590,2025-01-14,PLT-AL1,,CUST-010,FS7-500W,172,Customer Order
2591,2025-01-15,PLT-AL1,,CUST-010,FS7-500W,176,Customer Order
2592,2025-01-16,PLT-AL1,,CUST-010,FS7-500W,181,Customer Order
2593,2025-01-17,PLT-AL1,,CUST-010,FS7-500W,157,Customer Order
2594,2025-01-20,PLT-AL1,,CUST-010,FS7-500W,167,Customer Order
2595,2025-01-21,PLT-AL1,,CUST-010,FS7-500W,162,Customer Order
2596,2025-01-22,PLT-AL1,,CUST-010,FS7-500W,181,Customer Order
2597,2025-01-23,PLT-AL1,,CUST-010,FS7-500W,185,Customer Order
2598,2025-01-24,PLT-AL1,,CUST-010,FS7-500W,157,Customer Order
2599,2025-01-27,PLT-AL1,,CUST-010,FS7-500W,193,Customer Order
2600,2025-01-28,PLT-AL1,,CUST-010,FS7-500W,170,Customer Order
2601,2025-01-29,PLT-AL1,,CUST-010,FS7-500W,166,Customer Order
2602,2025-01-30,PLT-AL1,,CUST-010,FS7-500W,187,Customer Order
2603,2025-01-31,PLT-AL1,,CUST-010,FS7-500W,195,Customer Order
2604,2025-02-03,PLT-AL1,,CUST-010,FS7-500W,202,Customer Order
2605,2025-02-04,PLT-AL1,,CUST-010,FS7-500W,163,Customer Order
2606,2025-02-05,PLT-AL1,,CUST-010,FS7-500W,198,Customer Order
2607,2025-02-06,PLT-AL1,,CUST-010,FS7-500W,176,Customer Order
2608,2025-02-07,PLT-AL1,,CUST-010,FS7-500W,175,Customer Order
2609,2025-02-10,PLT-AL1,,CUST-010,FS7-500W,184,Customer Order
2610,2025-02-11,PLT-AL1,,CUST-010,FS7-500W,193,Customer Order
2611,2025-02-12,PLT-AL1,,CUST-010,FS7-500W,167,Customer Order
2612,2025-02-13,PLT-AL1,,CUST-010,FS7-500W,201,Customer Order
2613,2025-02-14,PLT-AL1,,CUST-010,FS7-500W,168,Customer Order
2614,2025-02-17,PLT-AL1,,CUST-010,FS7-500W,205,Customer Order
2615,2025-02-18,PLT-AL1,,CUST-010,FS7-500W,182,Customer Order
2616,2025-02-19,PLT-AL1,,CUST-010,FS7-500W,199,Customer Order
2617,2025-02-20,PLT-AL1,,CUST-010,FS7-500W,174,Customer Order
2618,2025-02-21,PLT-AL1,,CUST-010,FS7-500W,181,Customer Order
2619,2025-02-24,PLT-AL1,,CUST-010,FS7-500W,191,Customer Order
2620,2025-02-25,PLT-AL1,,CUST-010,FS7-500W,171,Customer Order
2621,2025-02-26,PLT-AL1,,CUST-010,FS7-500W,172,Customer Order
2622,2025-02-27,PLT-AL1,,CUST-010,FS7-500W,199,Customer Order
2623,2025-02-28,PLT-AL1,,CUST-010,FS7-500W,195,Customer Order
2624,2025-03-03,PLT-AL1,,CUST-010,FS7-500W,202,Customer Order
2625,2025-03-04,PLT-AL1,,CUST-010,FS7-500W,207,Customer Order
2626,2025-03-05,PLT-AL1,,CUST-010,FS7-500W,205,Customer Order
2627,2025-03-06,PLT-AL1,,CUST-010,FS7-500W,191,Customer Order
2628,2025-03-07,PLT-AL1,,CUST-010,FS7-500W,175,Customer Order
2629,2025-03-10,PLT-AL1,,CUST-010,FS7-500W,181,Customer Order
2630,2025-03-11,PLT-AL1,,CUST-010,FS7-500W,190,Customer Order
2631,2025-03-12,PLT-AL1,,CUST-010,FS7-500W,173,Customer Order
2632,2025-03-13,PLT-AL1,,CUST-010,FS7-500W,206,Customer Order
2633,2025-03-14,PLT-AL1,,CUST-010,FS7-500W,207,Customer Order
2634,2025-03-17,PLT-AL1,,CUST-010,FS7-500W,169,Customer Order
2635,2025-03-18,PLT-AL1,,CUST-010,FS7-500W,176,Customer Order
2636,2025-03-19,PLT-AL1,,CUST-010,FS7-500W,205,Customer Order
2637,2025-03-20,PLT-AL1,,CUST-010,FS7-500W,205,Customer Order
2638,2025-03-21,PLT-AL1,,CUST-010,FS7-500W,179,Customer Order
2639,2025-03-24,PLT-AL1,,CUST-010,FS7-500W,188,Customer Order
2640,2025-03-25,PLT-AL1,,CUST-010,FS7-500W,209,Customer Order
2641,2025-03-26,PLT-AL1,,CUST-010,FS7-500W,199,Customer Order
2642,2025-03-27,PLT-AL1,,CUST-010,FS7-500W,180,Customer Order
2643,2025-03-28,PLT-AL1,,CUST-010,FS7-500W,205,Customer Order
2644,2025-03-31,PLT-AL1,,CUST-010,FS7-500W,190,Customer Order
2645,2025-04-01,PLT-AL1,,CUST-010,FS7-500W,216,Customer Order
2646,2025-04-02,PLT-AL1,,CUST-010,FS7-500W,190,Forecast
2647,2025-04-03,PLT-AL1,,CUST-010,FS7-500W,186,Forecast
2648,2025-04-04,PLT-AL1,,CUST-010,FS7-500W,203,Forecast
2649,2025-04-07,PLT-AL1,,CUST-010,FS7-500W,214,Forecast
2650,2025-04-08,PLT-AL1,,CUST-010,FS7-500W,193,Forecast
2651,2025-04-09,PLT-AL1,,CUST-010,FS7-500W,228,Forecast
2652,2025-04-10,PLT-AL1,,CUST-010,FS7-500W,213,Forecast
2653,2025-04-11,PLT-AL1,,CUST-010,FS7-500W,202,Forecast
2654,2025-04-14,PLT-AL1,,CUST-010,FS7-500W,192,Forecast
2655,2025-04-15,PLT-AL1,,CUST-010,FS7-500W,229,Forecast
2656,2025-04-16,PLT-AL1,,CUST-010,FS7-500W,222,Forecast
2657,2025-04-17,PLT-AL1,,CUST-010,FS7-500W,219,Forecast
2658,2025-04-18,PLT-AL1,,CUST-010,FS7-500W,198,Forecast
2659,2025-04-21,PLT-AL1,,CUST-010,FS7-500W,203,Forecast
2660,2025-04-22,PLT-AL1,,CUST-010,FS7-500W,192,Forecast
2661,2025-04-23,PLT-AL1,,CUST-010,FS7-500W,213,Forecast
2662,2025-04-24,PLT-AL1,,CUST-010,FS7-500W,232,Forecast
2663,2025-04-25,PLT-AL1,,CUST-010,FS7-500W,227,Forecast
2664,2025-04-28,PLT-AL1,,CUST-010,FS7-500W,217,Forecast
2665,2025-04-29,PLT-AL1,,CUST-010,FS7-500W,218,Forecast
2666,2025-04-30,PLT-AL1,,CUST-010,FS7-500W,198,Forecast
2667,2025-05-01,PLT-AL1,,CUST-010,FS7-500W,205,Forecast
2668,2025-05-02,PLT-AL1,,CUST-010,FS7-500W,185,Forecast
2669,2025-05-05,PLT-AL1,,CUST-010,FS7-500W,223,Forecast
2670,2025-05-06,PLT-AL1,,CUST-010,FS7-500W,223,Forecast
2671,2025-05-07,PLT-AL1,,CUST-010,FS7-500W,184,Forecast
2672,2025-05-08,PLT-AL1,,CUST-010,FS7-500W,230,Forecast
2673,2025-05-09,PLT-AL1,,CUST-010,FS7-500W,217,Forecast
2674,2025-05-12,PLT-AL1,,CUST-010,FS7-500W,214,Forecast
2675,2025-05-13,PLT-AL1,,CUST-010,FS7-500W,184,Forecast
2676,2025-05-14,PLT-AL1,,CUST-010,FS7-500W,197,Forecast
2677,2025-05-15,PLT-AL1,,CUST-010,FS7-500W,224,Forecast
2678,2025-05-16,PLT-AL1,,CUST-010,FS7-500W,199,Forecast
2679,2025-05-19,PLT-AL1,,CUST-010,FS7-500W,233,Forecast
2680,2025-05-20,PLT-AL1,,CUST-010,FS7-500W,216,Forecast
2681,2025-05-21,PLT-AL1,,CUST-010,FS7-500W,205,Forecast
2682,2025-05-22,PLT-AL1,,CUST-010,FS7-500W,203,Forecast
2683,2025-05-23,PLT-AL1,,CUST-010,FS7-500W,202,Forecast
2684,2025-05-26,PLT-AL1,,CUST-010,FS7-500W,197,Forecast
2685,2025-05-27,PLT-AL1,,CUST-010,FS7-500W,207,Forecast
2686,2025-05-28,PLT-AL1,,CUST-010,FS7-500W,218,Forecast
2687,2025-05-29,PLT-AL1,,CUST-010,FS7-500W,225,Forecast
2688,2025-05-30,PLT-AL1,,CUST-010,FS7-500W,204,Forecast
2689,2025-06-02,PLT-AL1,,CUST-010,FS7-500W,179,Forecast
2690,2025-06-03,PLT-AL1,,CUST-010,FS7-500W,198,Forecast
2691,2025-06-04,PLT-AL1,,CUST-010,FS7-500W,205,Forecast
2692,2025-06-05,PLT-AL1,,CUST-010,FS7-500W,214,Forecast
2693,2025-06-06,PLT-AL1,,CUST-010,FS7-500W,192,Forecast
2694,2025-06-09,PLT-AL1,,CUST-010,FS7-500W,205,Forecast
2695,2025-06-10,PLT-AL1,,CUST-010,FS7-500W,203,Forecast
2696,2025-06-11,PLT-AL1,,CUST-010,FS7-500W,188,Forecast
2697,2025-06-12,PLT-AL1,,CUST-010,FS7-500W,179,Forecast
2698,2025-06-13,PLT-AL1,,CUST-010,FS7-500W,177,Forecast
2699,2025-06-16,PLT-AL1,,CUST-010,FS7-500W,221,Forecast
2700,2025-06-17,PLT-AL1,,CUST-010,FS7-500W,204,Forecast
2701,2025-06-18,PLT-AL1,,CUST-010,FS7-500W,215,Forecast
2702,2025-06-19,PLT-AL1,,CUST-010,FS7-500W,186,Forecast
2703,2025-06-20,PLT-AL1,,CUST-010,FS7-500W,208,Forecast
2704,2025-06-23,PLT-AL1,,CUST-010,FS7-500W,216,Forecast
2705,2025-06-24,PLT-AL1,,CUST-010,FS7-500W,188,Forecast
2706,2025-06-25,PLT-AL1,,CUST-010,FS7-500W,181,Forecast
2707,2025-06-26,PLT-AL1,,CUST-010,FS7-500W,210,Forecast
2708,2025-06-27,PLT-AL1,,CUST-010,FS7-500W,217,Forecast
2709,2025-06-30,PLT-AL1,,CUST-010,FS7-500W,212,Forecast
2710,2025-01-01,PLT-AL1,,CUST-011,FS7-500W,213,Customer Order
2711,2025-01-02,PLT-AL1,,CUST-011,FS7-500W,203,Customer Order
2712,2025-01-03,PLT-AL1,,CUST-011,FS7-500W,206,Customer Order
2713,2025-01-06,PLT-AL1,,CUST-011,FS7-500W,207,Customer Order
2714,2025-01-07,PLT-AL1,,CUST-011,FS7-500W,209,Customer Order
2715,2025-01-08,PLT-AL1,,CUST-011,FS7-500W,206,Customer Order
2716,2025-01-09,PLT-AL1,,CUST-011,FS7-500W,222,Customer Order
2717,2025-01-10,PLT-AL1,,CUST-011,FS7-500W,187,Customer Order
2718,2025-01-13,PLT-AL1,,CUST-011,FS7-500W,195,Customer Order
2719,2025-01-14,PLT-AL1,,CUST-011,FS7-500W,193,Customer Order
2720,2025-01-15,PLT-AL1,,CUST-011,FS7-500W,176,Customer Order
2721,2025-01-16,PLT-AL1,,CUST-011,FS7-500W,208,Customer Order
2722,2025-01-17,PLT-AL1,,CUST-011,FS7-500W,202,Customer Order
2723,2025-01-20,PLT-AL1,,CUST-011,FS7-500W,184,Customer Order
2724,2025-01-21,PLT-AL1,,CUST-011,FS7-500W,209,Customer Order
2725,2025-01-22,PLT-AL1,,CUST-011,FS7-500W,185,Customer Order
2726,2025-01-23,PLT-AL1,,CUST-011,FS7-500W,200,Customer Order
2727,2025-01-24,PLT-AL1,,CUST-011,FS7-500W,212,Customer Order
2728,2025-01-27,PLT-AL1,,CUST-011,FS7-500W,218,Customer Order
2729,2025-01-28,PLT-AL1,,CUST-011,FS7-500W,207,Customer Order
2730,2025-01-29,PLT-AL1,,CUST-011,FS7-500W,199,Customer Order
2731,2025-01-30,PLT-AL1,,CUST-011,FS7-500W,215,Customer Order
2732,2025-01-31,PLT-AL1,,CUST-011,FS7-500W,215,Customer Order
2733,2025-02-03,PLT-AL1,,CUST-011,FS7-500W,226,Customer Order
2734,2025-02-04,PLT-AL1,,CUST-011,FS7-500W,191,Customer Order
2735,2025-02-05,PLT-AL1,,CUST-011,FS7-500W,187,Customer Order
2736,2025-02-06,PLT-AL1,,CUST-011,FS7-500W,188,Customer Order
2737,2025-02-07,PLT-AL1,,CUST-011,FS7-500W,195,Customer Order
2738,2025-02-10,PLT-AL1,,CUST-011,FS7-500W,222,Customer Order
2739,2025-02-11,PLT-AL1,,CUST-011,FS7-500W,220,Customer Order
2740,2025-02-12,PLT-AL1,,CUST-011,FS7-500W,191,Customer Order
2741,2025-02-13,PLT-AL1,,CUST-011,FS7-500W,216,Customer Order
2742,2025-02-14,PLT-AL1,,CUST-011,FS7-500W,199,Customer Order
2743,2025-02-17,PLT-AL1,,CUST-011,FS7-500W,187,Customer Order
2744,2025-02-18,PLT-AL1,,CUST-011,FS7-500W,200,Customer Order
2745,2025-02-19,PLT-AL1,,CUST-011,FS7-500W,219,Customer Order
2746,2025-02-20,PLT-AL1,,CUST-011,FS7-500W,197,Customer Order
2747,2025-02-21,PLT-AL1,,CUST-011,FS7-500W,221,Customer Order
2748,2025-02-24,PLT-AL1,,CUST-011,FS7-500W,199,Customer Order
2749,2025-02-25,PLT-AL1,,CUST-011,FS7-500W,195,Customer Order
2750,2025-02-26,PLT-AL1,,CUST-011,FS7-500W,197,Customer Order
2751,2025-02-27,PLT-AL1,,CUST-011,FS7-500W,224,Customer Order
2752,2025-02-28,PLT-AL1,,CUST-011,FS7-500W,205,Customer Order
2753,2025-03-03,PLT-AL1,,CUST-011,FS7-500W,232,Customer Order
2754,2025-03-04,PLT-AL1,,CUST-011,FS7-500W,218,Customer Order
2755,2025-03-05,PLT-AL1,,CUST-011,FS7-500W,236,Customer Order
2756,2025-03-06,PLT-AL1,,CUST-011,FS7-500W,191,Customer Order
2757,2025-03-07,PLT-AL1,,CUST-011,FS7-500W,233,Customer Order
2758,2025-03-10,PLT-AL1,,CUST-011,FS7-500W,213,Customer Order
2759,2025-03-11,PLT-AL1,,CUST-011,FS7-500W,232,Customer Order
2760,2025-03-12,PLT-AL1,,CUST-011,FS7-500W,207,Customer Order
2761,2025-03-13,PLT-AL1,,CUST-011,FS7-500W,203,Customer Order
2762,2025-03-14,PLT-AL1,,CUST-011,FS7-500W,191,Customer Order
2763,2025-03-17,PLT-AL1,,CUST-011,FS7-500W,231,Customer Order
2764,2025-03-18,PLT-AL1,,CUST-011,FS7-500W,195,Customer Order
2765,2025-03-19,PLT-AL1,,CUST-011,FS7-500W,198,Customer Order
2766,2025-03-20,PLT-AL1,,CUST-011,FS7-500W,209,Customer Order
2767,2025-03-21,PLT-AL1,,CUST-011,FS7-500W,217,Customer Order
2768,2025-03-24,PLT-AL1,,CUST-011,FS7-500W,234,Customer Order
2769,2025-03-25,PLT-AL1,,CUST-011,FS7-500W,211,Customer Order
2770,2025-03-26,PLT-AL1,,CUST-011,FS7-500W,204,Customer Order
2771,2025-03-27,PLT-AL1,,CUST-011,FS7-500W,224,Customer Order
2772,2025-03-28,PLT-AL1,,CUST-011,FS7-500W,228,Customer Order
2773,2025-03-31,PLT-AL1,,CUST-011,FS7-500W,213,Customer Order
2774,2025-04-01,PLT-AL1,,CUST-011,FS7-500W,242,Customer Order
2775,2025-04-02,PLT-AL1,,CUST-011,FS7-500W,216,Forecast
2776,2025-04-03,PLT-AL1,,CUST-011,FS7-500W,242,Forecast
2777,2025-04-04,PLT-AL1,,CUST-011,FS7-500W,207,Forecast
2778,2025-04-07,PLT-AL1,,CUST-011,FS7-500W,222,Forecast
2779,2025-04-08,PLT-AL1,,CUST-011,FS7-500W,249,Forecast
2780,2025-04-09,PLT-AL1,,CUST-011,FS7-500W,216,Forecast
2781,2025-04-10,PLT-AL1,,CUST-011,FS7-500W,250,Forecast
2782,2025-04-11,PLT-AL1,,CUST-011,FS7-500W,234,Forecast
2783,2025-04-14,PLT-AL1,,CUST-011,FS7-500W,250,Forecast
2784,2025-04-15,PLT-AL1,,CUST-011,FS7-500W,211,Forecast
2785,2025-04-16,PLT-AL1,,CUST-011,FS7-500W,241,Forecast
2786,2025-04-17,PLT-AL1,,CUST-011,FS7-500W,242,Forecast
2787,2025-04-18,PLT-AL1,,CUST-011,FS7-500W,229,Forecast
2788,2025-04-21,PLT-AL1,,CUST-011,FS7-500W,261,Forecast
2789,2025-04-22,PLT-AL1,,CUST-011,FS7-500W,228,Forecast
2790,2025-04-23,PLT-AL1,,CUST-011,FS7-500W,209,Forecast
2791,2025-04-24,PLT-AL1,,CUST-011,FS7-500W,218,Forecast
2792,2025-04-25,PLT-AL1,,CUST-011,FS7-500W,228,Forecast
2793,2025-04-28,PLT-AL1,,CUST-011,FS7-500W,207,Forecast
2794,2025-04-29,PLT-AL1,,CUST-011,FS7-500W,225,Forecast
2795,2025-04-30,PLT-AL1,,CUST-011,FS7-500W,253,Forecast
2796,2025-05-01,PLT-AL1,,CUST-011,FS7-500W,217,Forecast
2797,2025-05-02,PLT-AL1,,CUST-011,FS7-500W,245,Forecast
2798,2025-05-05,PLT-AL1,,CUST-011,FS7-500W,242,Forecast
2799,2025-05-06,PLT-AL1,,CUST-011,FS7-500W,221,Forecast
2800,2025-05-07,PLT-AL1,,CUST-011,FS7-500W,246,Forecast
2801,2025-05-08,PLT-AL1,,CUST-011,FS7-500W,226,Forecast
2802,2025-05-09,PLT-AL1,,CUST-011,FS7-500W,214,Forecast
2803,2025-05-12,PLT-AL1,,CUST-011,FS7-500W,228,Forecast
2804,2025-05-13,PLT-AL1,,CUST-011,FS7-500W,240,Forecast
2805,2025-05-14,PLT-AL1,,CUST-011,FS7-500W,216,Forecast
2806,2025-05-15,PLT-AL1,,CUST-011,FS7-500W,253,Forecast
2807,2025-05-16,PLT-AL1,,CUST-011,FS7-500W,223,Forecast
2808,2025-05-19,PLT-AL1,,CUST-011,FS7-500W,223,Forecast
2809,2025-05-20,PLT-AL1,,CUST-011,FS7-500W,248,Forecast
2810,2025-05-21,PLT-AL1,,CUST-011,FS7-500W,240,Forecast
2811,2025-05-22,PLT-AL1,,CUST-011,FS7-500W,226,Forecast
2812,2025-05-23,PLT-AL1,,CUST-011,FS7-500W,257,Forecast
2813,2025-05-26,PLT-AL1,,CUST-011,FS7-500W,263,Forecast
2814,2025-05-27,PLT-AL1,,CUST-011,FS7-500W,226,Forecast
2815,2025-05-28,PLT-AL1,,CUST-011,FS7-500W,257,Forecast
2816,2025-05-29,PLT-AL1,,CUST-011,FS7-500W,227,Forecast
2817,2025-05-30,PLT-AL1,,CUST-011,FS7-500W,217,Forecast
2818,2025-06-02,PLT-AL1,,CUST-011,FS7-500W,246,Forecast
2819,2025-06-03,PLT-AL1,,CUST-011,FS7-500W,244,Forecast
2820,2025-06-04,PLT-AL1,,CUST-011,FS7-500W,217,Forecast
2821,2025-06-05,PLT-AL1,,CUST-011,FS7-500W,207,Forecast
2822,2025-06-06,PLT-AL1,,CUST-011,FS7-500W,234,Forecast
2823,2025-06-09,PLT-AL1,,CUST-011,FS7-500W,202,Forecast
2824,2025-06-10,PLT-AL1,,CUST-011,FS7-500W,234,Forecast
2825,2025-06-11,PLT-AL1,,CUST-011,FS7-500W,227,Forecast
2826,2025-06-12,PLT-AL1,,CUST-011,FS7-500W,204,Forecast
2827,2025-06-13,PLT-AL1,,CUST-011,FS7-500W,215,Forecast
2828,2025-06-16,PLT-AL1,,CUST-011,FS7-500W,230,Forecast
2829,2025-06-17,PLT-AL1,,CUST-011,FS7-500W,197,Forecast
2830,2025-06-18,PLT-AL1,,CUST-011,FS7-500W,242,Forecast
2831,2025-06-19,PLT-AL1,,CUST-011,FS7-500W,209,Forecast
2832,2025-06-20,PLT-AL1,,CUST-011,FS7-500W,224,Forecast
2833,2025-06-23,PLT-AL1,,CUST-011,FS7-500W,198,Forecast
2834,2025-06-24,PLT-AL1,,CUST-011,FS7-500W,248,Forecast
2835,2025-06-25,PLT-AL1,,CUST-011,FS7-500W,231,Forecast
2836,2025-06-26,PLT-AL1,,CUST-011,FS7-500W,230,Forecast
2837,2025-06-27,PLT-AL1,,CUST-011,FS7-500W,196,Forecast
2838,2025-06-30,PLT-AL1,,CUST-011,FS7-500W,232,Forecast
2839,2025-01-01,PLT-LA1,,CUST-011,FS7-500W,186,Customer Order
2840,2025-01-02,PLT-LA1,,CUST-011,FS7-500W,185,Customer Order
2841,2025-01-03,PLT-LA1,,CUST-011,FS7-500W,192,Customer Order
2842,2025-01-06,PLT-LA1,,CUST-011,FS7-500W,189,Customer Order
2843,2025-01-07,PLT-LA1,,CUST-011,FS7-500W,174,Customer Order
2844,2025-01-08,PLT-LA1,,CUST-011,FS7-500W,199,Customer Order
2845,2025-01-09,PLT-LA1,,CUST-011,FS7-500W,196,Customer Order
2846,2025-01-10,PLT-LA1,,CUST-011,FS7-500W,181,Customer Order
2847,2025-01-13,PLT-LA1,,CUST-011,FS7-500W,197,Customer Order
2848,2025-01-14,PLT-LA1,,CUST-011,FS7-500W,197,Customer Order
2849,2025-01-15,PLT-LA1,,CUST-011,FS7-500W,179,Customer Order
2850,2025-01-16,PLT-LA1,,CUST-011,FS7-500W,195,Customer Order
2851,2025-01-17,PLT-LA1,,CUST-011,FS7-500W,173,Customer Order
2852,2025-01-20,PLT-LA1,,CUST-011,FS7-500W,205,Customer Order
2853,2025-01-21,PLT-LA1,,CUST-011,FS7-500W,172,Customer Order
2854,2025-01-22,PLT-LA1,,CUST-011,FS7-500W,200,Customer Order
2855,2025-01-23,PLT-LA1,,CUST-011,FS7-500W,173,Customer Order
2856,2025-01-24,PLT-LA1,,CUST-011,FS7-500W,172,Customer Order
2857,2025-01-27,PLT-LA1,,CUST-011,FS7-500W,172,Customer Order
2858,2025-01-28,PLT-LA1,,CUST-011,FS7-500W,176,Customer Order
2859,2025-01-29,PLT-LA1,,CUST-011,FS7-500W,176,Customer Order
2860,2025-01-30,PLT-LA1,,CUST-011,FS7-500W,179,Customer Order
2861,2025-01-31,PLT-LA1,,CUST-011,FS7-500W,191,Customer Order
2862,2025-02-03,PLT-LA1,,CUST-011,FS7-500W,184,Customer Order
2863,2025-02-04,PLT-LA1,,CUST-011,FS7-500W,208,Customer Order
2864,2025-02-05,PLT-LA1,,CUST-011,FS7-500W,188,Customer Order
2865,2025-02-06,PLT-LA1,,CUST-011,FS7-500W,176,Customer Order
2866,2025-02-07,PLT-LA1,,CUST-011,FS7-500W,198,Customer Order
2867,2025-02-10,PLT-LA1,,CUST-011,FS7-500W,184,Customer Order
2868,2025-02-11,PLT-LA1,,CUST-011,FS7-500W,219,Customer Order
2869,2025-02-12,PLT-LA1,,CUST-011,FS7-500W,190,Customer Order
2870,2025-02-13,PLT-LA1,,CUST-011,FS7-500W,175,Customer Order
2871,2025-02-14,PLT-LA1,,CUST-011,FS7-500W,206,Customer Order
2872,2025-02-17,PLT-LA1,,CUST-011,FS7-500W,218,Customer Order
2873,2025-02-18,PLT-LA1,,CUST-011,FS7-500W,214,Customer Order
2874,2025-02-19,PLT-LA1,,CUST-011,FS7-500W,206,Customer Order
2875,2025-02-20,PLT-LA1,,CUST-011,FS7-500W,181,Customer Order
2876,2025-02-21,PLT-LA1,,CUST-011,FS7-500W,179,Customer Order
2877,2025-02-24,PLT-LA1,,CUST-011,FS7-500W,199,Customer Order
2878,2025-02-25,PLT-LA1,,CUST-011,FS7-500W,209,Customer Order
2879,2025-02-26,PLT-LA1,,CUST-011,FS7-500W,179,Customer Order
2880,2025-02-27,PLT-LA1,,CUST-011,FS7-500W,187,Customer Order
2881,2025-02-28,PLT-LA1,,CUST-011,FS7-500W,185,Customer Order
2882,2025-03-03,PLT-LA1,,CUST-011,FS7-500W,228,Customer Order
2883,2025-03-04,PLT-LA1,,CUST-011,FS7-500W,194,Customer Order
2884,2025-03-05,PLT-LA1,,CUST-011,FS7-500W,203,Customer Order
2885,2025-03-06,PLT-LA1,,CUST-011,FS7-500W,185,Customer Order
2886,2025-03-07,PLT-LA1,,CUST-011,FS7-500W,188,Customer Order
2887,2025-03-10,PLT-LA1,,CUST-011,FS7-500W,182,Customer Order
2888,2025-03-11,PLT-LA1,,CUST-011,FS7-500W,194,Customer Order
2889,2025-03-12,PLT-LA1,,CUST-011,FS7-500W,219,Customer Order
2890,2025-03-13,PLT-LA1,,CUST-011,FS7-500W,195,Customer Order
2891,2025-03-14,PLT-LA1,,CUST-011,FS7-500W,216,Customer Order
2892,2025-03-17,PLT-LA1,,CUST-011,FS7-500W,184,Customer Order
2893,2025-03-18,PLT-LA1,,CUST-011,FS7-500W,217,Customer Order
2894,2025-03-19,PLT-LA1,,CUST-011,FS7-500W,182,Customer Order
2895,2025-03-20,PLT-LA1,,CUST-011,FS7-500W,222,Customer Order
2896,2025-03-21,PLT-LA1,,CUST-011,FS7-500W,212,Customer Order
2897,2025-03-24,PLT-LA1,,CUST-011,FS7-500W,188,Customer Order
2898,2025-03-25,PLT-LA1,,CUST-011,FS7-500W,197,Customer Order
2899,2025-03-26,PLT-LA1,,CUST-011,FS7-500W,201,Customer Order
2900,2025-03-27,PLT-LA1,,CUST-011,FS7-500W,210,Customer Order
2901,2025-03-28,PLT-LA1,,CUST-011,FS7-500W,223,Customer Order
2902,2025-03-31,PLT-LA1,,CUST-011,FS7-500W,184,Customer Order
2903,2025-04-01,PLT-LA1,,CUST-011,FS7-500W,242,Customer Order
2904,2025-04-02,PLT-LA1,,CUST-011,FS7-500W,208,Forecast
2905,2025-04-03,PLT-LA1,,CUST-011,FS7-500W,219,Forecast
2906,2025-04-04,PLT-LA1,,CUST-011,FS7-500W,250,Forecast
2907,2025-04-07,PLT-LA1,,CUST-011,FS7-500W,212,Forecast
2908,2025-04-08,PLT-LA1,,CUST-011,FS7-500W,219,Forecast
2909,2025-04-09,PLT-LA1,,CUST-011,FS7-500W,244,Forecast
2910,2025-04-10,PLT-LA1,,CUST-011,FS7-500W,241,Forecast
2911,2025-04-11,PLT-LA1,,CUST-011,FS7-500W,233,Forecast
2912,2025-04-14,PLT-LA1,,CUST-011,FS7-500W,241,Forecast
2913,2025-04-15,PLT-LA1,,CUST-011,FS7-500W,204,Forecast
2914,2025-04-16,PLT-LA1,,CUST-011,FS7-500W,235,Forecast
2915,2025-04-17,PLT-LA1,,CUST-011,FS7-500W,201,Forecast
2916,2025-04-18,PLT-LA1,,CUST-011,FS7-500W,249,Forecast
2917,2025-04-21,PLT-LA1,,CUST-011,FS7-500W,206,Forecast
2918,2025-04-22,PLT-LA1,,CUST-011,FS7-500W,220,Forecast
2919,2025-04-23,PLT-LA1,,CUST-011,FS7-500W,230,Forecast
2920,2025-04-24,PLT-LA1,,CUST-011,FS7-500W,241,Forecast
2921,2025-04-25,PLT-LA1,,CUST-011,FS7-500W,234,Forecast
2922,2025-04-28,PLT-LA1,,CUST-011,FS7-500W,208,Forecast
2923,2025-04-29,PLT-LA1,,CUST-011,FS7-500W,218,Forecast
2924,2025-04-30,PLT-LA1,,CUST-011,FS7-500W,217,Forecast
2925,2025-05-01,PLT-LA1,,CUST-011,FS7-500W,199,Forecast
2926,2025-05-02,PLT-LA1,,CUST-011,FS7-500W,235,Forecast
2927,2025-05-05,PLT-LA1,,CUST-011,FS7-500W,243,Forecast
2928,2025-05-06,PLT-LA1,,CUST-011,FS7-500W,250,Forecast
2929,2025-05-07,PLT-LA1,,CUST-011,FS7-500W,205,Forecast
2930,2025-05-08,PLT-LA1,,CUST-011,FS7-500W,247,Forecast
2931,2025-05-09,PLT-LA1,,CUST-011,FS7-500W,204,Forecast
2932,2025-05-12,PLT-LA1,,CUST-011,FS7-500W,220,Forecast
2933,2025-05-13,PLT-LA1,,CUST-011,FS7-500W,200,Forecast
2934,2025-05-14,PLT-LA1,,CUST-011,FS7-500W,212,Forecast
2935,2025-05-15,PLT-LA1,,CUST-011,FS7-500W,215,Forecast
2936,2025-05-16,PLT-LA1,,CUST-011,FS7-500W,236,Forecast
2937,2025-05-19,PLT-LA1,,CUST-011,FS7-500W,234,Forecast
2938,2025-05-20,PLT-LA1,,CUST-011,FS7-500W,239,Forecast
2939,2025-05-21,PLT-LA1,,CUST-011,FS7-500W,229,Forecast
2940,2025-05-22,PLT-LA1,,CUST-011,FS7-500W,228,Forecast
2941,2025-05-23,PLT-LA1,,CUST-011,FS7-500W,250,Forecast
2942,2025-05-26,PLT-LA1,,CUST-011,FS7-500W,234,Forecast
2943,2025-05-27,PLT-LA1,,CUST-011,FS7-500W,216,Forecast
2944,2025-05-28,PLT-LA1,,CUST-011,FS7-500W,226,Forecast
2945,2025-05-29,PLT-LA1,,CUST-011,FS7-500W,236,Forecast
2946,2025-05-30,PLT-LA1,,CUST-011,FS7-500W,203,Forecast
2947,2025-06-02,PLT-LA1,,CUST-011,FS7-500W,221,Forecast
2948,2025-06-03,PLT-LA1,,CUST-011,FS7-500W,200,Forecast
2949,2025-06-04,PLT-LA1,,CUST-011,FS7-500W,205,Forecast
2950,2025-06-05,PLT-LA1,,CUST-011,FS7-500W,221,Forecast
2951,2025-06-06,PLT-LA1,,CUST-011,FS7-500W,207,Forecast
2952,2025-06-09,PLT-LA1,,CUST-011,FS7-500W,230,Forecast
2953,2025-06-10,PLT-LA1,,CUST-011,FS7-500W,215,Forecast
2954,2025-06-11,PLT-LA1,,CUST-011,FS7-500W,237,Forecast
2955,2025-06-12,PLT-LA1,,CUST-011,FS7-500W,190,Forecast
2956,2025-06-13,PLT-LA1,,CUST-011,FS7-500W,220,Forecast
2957,2025-06-16,PLT-LA1,,CUST-011,FS7-500W,195,Forecast
2958,2025-06-17,PLT-LA1,,CUST-011,FS7-500W,230,Forecast
2959,2025-06-18,PLT-LA1,,CUST-011,FS7-500W,230,Forecast
2960,2025-06-19,PLT-LA1,,CUST-011,FS7-500W,231,Forecast
2961,2025-06-20,PLT-LA1,,CUST-011,FS7-500W,191,Forecast
2962,2025-06-23,PLT-LA1,,CUST-011,FS7-500W,212,Forecast
2963,2025-06-24,PLT-LA1,,CUST-011,FS7-500W,199,Forecast
2964,2025-06-25,PLT-LA1,,CUST-011,FS7-500W,236,Forecast
2965,2025-06-26,PLT-LA1,,CUST-011,FS7-500W,190,Forecast
2966,2025-06-27,PLT-LA1,,CUST-011,FS7-500W,198,Forecast
2967,2025-06-30,PLT-LA1,,CUST-011,FS7-500W,220,Forecast
2968,2025-01-01,PLT-OH1,,CUST-012,FS6-450W,422,Customer Order
2969,2025-01-02,PLT-OH1,,CUST-012,FS6-450W,405,Customer Order
2970,2025-01-03,PLT-OH1,,CUST-012,FS6-450W,428,Customer Order
2971,2025-01-06,PLT-OH1,,CUST-012,FS6-450W,464,Customer Order
2972,2025-01-07,PLT-OH1,,CUST-012,FS6-450W,427,Customer Order
2973,2025-01-08,PLT-OH1,,CUST-012,FS6-450W,470,Customer Order
2974,2025-01-09,PLT-OH1,,CUST-012,FS6-450W,427,Customer Order
2975,2025-01-10,PLT-OH1,,CUST-012,FS6-450W,393,Customer Order
2976,2025-01-13,PLT-OH1,,CUST-012,FS6-450W,432,Customer Order
2977,2025-01-14,PLT-OH1,,CUST-012,FS6-450W,448,Customer Order
2978,2025-01-15,PLT-OH1,,CUST-012,FS6-450W,391,Customer Order
2979,2025-01-16,PLT-OH1,,CUST-012,FS6-450W,423,Customer Order
2980,2025-01-17,PLT-OH1,,CUST-012,FS6-450W,438,Customer Order
2981,2025-01-20,PLT-OH1,,CUST-012,FS6-450W,381,Customer Order
2982,2025-01-21,PLT-OH1,,CUST-012,FS6-450W,390,Customer Order
2983,2025-01-22,PLT-OH1,,CUST-012,FS6-450W,443,Customer Order
2984,2025-01-23,PLT-OH1,,CUST-012,FS6-450W,445,Customer Order
2985,2025-01-24,PLT-OH1,,CUST-012,FS6-450W,412,Customer Order
2986,2025-01-27,PLT-OH1,,CUST-012,FS6-450W,433,Customer Order
2987,2025-01-28,PLT-OH1,,CUST-012,FS6-450W,402,Customer Order
2988,2025-01-29,PLT-OH1,,CUST-012,FS6-450W,450,Customer Order
2989,2025-01-30,PLT-OH1,,CUST-012,FS6-450W,479,Customer Order
2990,2025-01-31,PLT-OH1,,CUST-012,FS6-450W,418,Customer Order
2991,2025-02-03,PLT-OH1,,CUST-012,FS6-450W,403,Customer Order
2992,2025-02-04,PLT-OH1,,CUST-012,FS6-450W,421,Customer Order
2993,2025-02-05,PLT-OH1,,CUST-012,FS6-450W,446,Customer Order
2994,2025-02-06,PLT-OH1,,CUST-012,FS6-450W,458,Customer Order
2995,2025-02-07,PLT-OH1,,CUST-012,FS6-450W,464,Customer Order
2996,2025-02-10,PLT-OH1,,CUST-012,FS6-450W,448,Customer Order
2997,2025-02-11,PLT-OH1,,CUST-012,FS6-450W,468,Customer Order
2998,2025-02-12,PLT-OH1,,CUST-012,FS6-450W,475,Customer Order
2999,2025-02-13,PLT-OH1,,CUST-012,FS6-450W,409,Customer Order
3000,2025-02-14,PLT-OH1,,CUST-012,FS6-450W,479,Customer Order
3001,2025-02-17,PLT-OH1,,CUST-012,FS6-450W,421,Customer Order
3002,2025-02-18,PLT-OH1,,CUST-012,FS6-450W,434,Customer Order
3003,2025-02-19,PLT-OH1,,CUST-012,FS6-450W,487,Customer Order
3004,2025-02-20,PLT-OH1,,CUST-012,FS6-450W,501,Customer Order
3005,2025-02-21,PLT-OH1,,CUST-012,FS6-450W,429,Customer Order
3006,2025-02-24,PLT-OH1,,CUST-012,FS6-450W,454,Customer Order
3007,2025-02-25,PLT-OH1,,CUST-012,FS6-450W,473,Customer Order
3008,2025-02-26,PLT-OH1,,CUST-012,FS6-450W,402,Customer Order
3009,2025-02-27,PLT-OH1,,CUST-012,FS6-450W,415,Customer Order
3010,2025-02-28,PLT-OH1,,CUST-012,FS6-450W,412,Customer Order
3011,2025-03-03,PLT-OH1,,CUST-012,FS6-450W,489,Customer Order
3012,2025-03-04,PLT-OH1,,CUST-012,FS6-450W,490,Customer Order
3013,2025-03-05,PLT-OH1,,CUST-012,FS6-450W,421,Customer Order
3014,2025-03-06,PLT-OH1,,CUST-012,FS6-450W,477,Customer Order
3015,2025-03-07,PLT-OH1,,CUST-012,FS6-450W,430,Customer Order
3016,2025-03-10,PLT-OH1,,CUST-012,FS6-450W,513,Customer Order
3017,2025-03-11,PLT-OH1,,CUST-012,FS6-450W,453,Customer Order
3018,2025-03-12,PLT-OH1,,CUST-012,FS6-450W,460,Customer Order
3019,2025-03-13,PLT-OH1,,CUST-012,FS6-450W,496,Customer Order
3020,2025-03-14,PLT-OH1,,CUST-012,FS6-450W,489,Customer Order
3021,2025-03-17,PLT-OH1,,CUST-012,FS6-450W,421,Customer Order
3022,2025-03-18,PLT-OH1,,CUST-012,FS6-450W,456,Customer Order
3023,2025-03-19,PLT-OH1,,CUST-012,FS6-450W,513,Customer Order
3024,2025-03-20,PLT-OH1,,CUST-012,FS6-450W,503,Customer Order
3025,2025-03-21,PLT-OH1,,CUST-012,FS6-450W,475,Customer Order
3026,2025-03-24,PLT-OH1,,CUST-012,FS6-450W,495,Customer Order
3027,2025-03-25,PLT-OH1,,CUST-012,FS6-450W,460,Customer Order
3028,2025-03-26,PLT-OH1,,CUST-012,FS6-450W,483,Customer Order
3029,2025-03-27,PLT-OH1,,CUST-012,FS6-450W,516,Customer Order
3030,2025-03-28,PLT-OH1,,CUST-012,FS6-450W,424,Customer Order
3031,2025-03-31,PLT-OH1,,CUST-012,FS6-450W,465,Customer Order
3032,2025-04-01,PLT-OH1,,CUST-012,FS6-450W,515,Customer Order
3033,2025-04-02,PLT-OH1,,CUST-012,FS6-450W,456,Forecast
3034,2025-04-03,PLT-OH1,,CUST-012,FS6-450W,565,Forecast
3035,2025-04-04,PLT-OH1,,CUST-012,FS6-450W,553,Forecast
3036,2025-04-07,PLT-OH1,,CUST-012,FS6-450W,509,Forecast
3037,2025-04-08,PLT-OH1,,CUST-012,FS6-450W,513,Forecast
3038,2025-04-09,PLT-OH1,,CUST-012,FS6-450W,563,Forecast
3039,2025-04-10,PLT-OH1,,CUST-012,FS6-450W,472,Forecast
3040,2025-04-11,PLT-OH1,,CUST-012,FS6-450W,521,Forecast
3041,2025-04-14,PLT-OH1,,CUST-012,FS6-450W,540,Forecast
3042,2025-04-15,PLT-OH1,,CUST-012,FS6-450W,466,Forecast
3043,2025-04-16,PLT-OH1,,CUST-012,FS6-450W,498,Forecast
3044,2025-04-17,PLT-OH1,,CUST-012,FS6-450W,524,Forecast
3045,2025-04-18,PLT-OH1,,CUST-012,FS6-450W,559,Forecast
3046,2025-04-21,PLT-OH1,,CUST-012,FS6-450W,512,Forecast
3047,2025-04-22,PLT-OH1,,CUST-012,FS6-450W,497,Forecast
3048,2025-04-23,PLT-OH1,,CUST-012,FS6-450W,570,Forecast
3049,2025-04-24,PLT-OH1,,CUST-012,FS6-450W,563,Forecast
3050,2025-04-25,PLT-OH1,,CUST-012,FS6-450W,544,Forecast
3051,2025-04-28,PLT-OH1,,CUST-012,FS6-450W,484,Forecast
3052,2025-04-29,PLT-OH1,,CUST-012,FS6-450W,569,Forecast
3053,2025-04-30,PLT-OH1,,CUST-012,FS6-450W,569,Forecast
3054,2025-05-01,PLT-OH1,,CUST-012,FS6-450W,506,Forecast
3055,2025-05-02,PLT-OH1,,CUST-012,FS6-450W,467,Forecast
3056,2025-05-05,PLT-OH1,,CUST-012,FS6-450W,501,Forecast
3057,2025-05-06,PLT-OH1,,CUST-012,FS6-450W,536,Forecast
3058,2025-05-07,PLT-OH1,,CUST-012,FS6-450W,542,Forecast
3059,2025-05-08,PLT-OH1,,CUST-012,FS6-450W,487,Forecast
3060,2025-05-09,PLT-OH1,,CUST-012,FS6-450W,536,Forecast
3061,2025-05-12,PLT-OH1,,CUST-012,FS6-450W,556,Forecast
3062,2025-05-13,PLT-OH1,,CUST-012,FS6-450W,538,Forecast
3063,2025-05-14,PLT-OH1,,CUST-012,FS6-450W,565,Forecast
3064,2025-05-15,PLT-OH1,,CUST-012,FS6-450W,528,Forecast
3065,2025-05-16,PLT-OH1,,CUST-012,FS6-450W,475,Forecast
3066,2025-05-19,PLT-OH1,,CUST-012,FS6-450W,527,Forecast
3067,2025-05-20,PLT-OH1,,CUST-012,FS6-450W,486,Forecast
3068,2025-05-21,PLT-OH1,,CUST-012,FS6-450W,493,Forecast
3069,2025-05-22,PLT-OH1,,CUST-012,FS6-450W,533,Forecast
3070,2025-05-23,PLT-OH1,,CUST-012,FS6-450W,571,Forecast
3071,2025-05-26,PLT-OH1,,CUST-012,FS6-450W,530,Forecast
3072,2025-05-27,PLT-OH1,,CUST-012,FS6-450W,568,Forecast
3073,2025-05-28,PLT-OH1,,CUST-012,FS6-450W,512,Forecast
3074,2025-05-29,PLT-OH1,,CUST-012,FS6-450W,535,Forecast
3075,2025-05-30,PLT-OH1,,CUST-012,FS6-450W,490,Forecast
3076,2025-06-02,PLT-OH1,,CUST-012,FS6-450W,439,Forecast
3077,2025-06-03,PLT-OH1,,CUST-012,FS6-450W,467,Forecast
3078,2025-06-04,PLT-OH1,,CUST-012,FS6-450W,481,Forecast
3079,2025-06-05,PLT-OH1,,CUST-012,FS6-450W,492,Forecast
3080,2025-06-06,PLT-OH1,,CUST-012,FS6-450W,503,Forecast
3081,2025-06-09,PLT-OH1,,CUST-012,FS6-450W,474,Forecast
3082,2025-06-10,PLT-OH1,,CUST-012,FS6-450W,512,Forecast
3083,2025-06-11,PLT-OH1,,CUST-012,FS6-450W,523,Forecast
3084,2025-06-12,PLT-OH1,,CUST-012,FS6-450W,459,Forecast
3085,2025-06-13,PLT-OH1,,CUST-012,FS6-450W,524,Forecast
3086,2025-06-16,PLT-OH1,,CUST-012,FS6-450W,519,Forecast
3087,2025-06-17,PLT-OH1,,CUST-012,FS6-450W,486,Forecast
3088,2025-06-18,PLT-OH1,,CUST-012,FS6-450W,429,Forecast
3089,2025-06-19,PLT-OH1,,CUST-012,FS6-450W,443,Forecast
3090,2025-06-20,PLT-OH1,,CUST-012,FS6-450W,503,Forecast
3091,2025-06-23,PLT-OH1,,CUST-012,FS6-450W,449,Forecast
3092,2025-06-24,PLT-OH1,,CUST-012,FS6-450W,513,Forecast
3093,2025-06-25,PLT-OH1,,CUST-012,FS6-450W,444,Forecast
3094,2025-06-26,PLT-OH1,,CUST-012,FS6-450W,459,Forecast
3095,2025-06-27,PLT-OH1,,CUST-012,FS6-450W,455,Forecast
3096,2025-06-30,PLT-OH1,,CUST-012,FS6-450W,523,Forecast
3097,2025-01-01,PLT-AL1,,CUST-013,FS6-450W,378,Customer Order
3098,2025-01-02,PLT-AL1,,CUST-013,FS6-450W,344,Customer Order
3099,2025-01-03,PLT-AL1,,CUST-013,FS6-450W,384,Customer Order
3100,2025-01-06,PLT-AL1,,CUST-013,FS6-450W,321,Customer Order
3101,2025-01-07,PLT-AL1,,CUST-013,FS6-450W,389,Customer Order
3102,2025-01-08,PLT-AL1,,CUST-013,FS6-450W,327,Customer Order
3103,2025-01-09,PLT-AL1,,CUST-013,FS6-450W,394,Customer Order
3104,2025-01-10,PLT-AL1,,CUST-013,FS6-450W,382,Customer Order
3105,2025-01-13,PLT-AL1,,CUST-013,FS6-450W,393,Customer Order
3106,2025-01-14,PLT-AL1,,CUST-013,FS6-450W,383,Customer Order
3107,2025-01-15,PLT-AL1,,CUST-013,FS6-450W,367,Customer Order
3108,2025-01-16,PLT-AL1,,CUST-013,FS6-450W,339,Customer Order
3109,2025-01-17,PLT-AL1,,CUST-013,FS6-450W,386,Customer Order
3110,2025-01-20,PLT-AL1,,CUST-013,FS6-450W,388,Customer Order
3111,2025-01-21,PLT-AL1,,CUST-013,FS6-450W,343,Customer Order
3112,2025-01-22,PLT-AL1,,CUST-013,FS6-450W,376,Customer Order
3113,2025-01-23,PLT-AL1,,CUST-013,FS6-450W,399,Customer Order
3114,2025-01-24,PLT-AL1,,CUST-013,FS6-450W,352,Customer Order
3115,2025-01-27,PLT-AL1,,CUST-013,FS6-450W,401,Customer Order
3116,2025-01-28,PLT-AL1,,CUST-013,FS6-450W,403,Customer Order
3117,2025-01-29,PLT-AL1,,CUST-013,FS6-450W,345,Customer Order
3118,2025-01-30,PLT-AL1,,CUST-013,FS6-450W,366,Customer Order
3119,2025-01-31,PLT-AL1,,CUST-013,FS6-450W,319,Customer Order
3120,2025-02-03,PLT-AL1,,CUST-013,FS6-450W,355,Customer Order
3121,2025-02-04,PLT-AL1,,CUST-013,FS6-450W,388,Customer Order
3122,2025-02-05,PLT-AL1,,CUST-013,FS6-450W,403,Customer Order
3123,2025-02-06,PLT-AL1,,CUST-013,FS6-450W,411,Customer Order
3124,2025-02-07,PLT-AL1,,CUST-013,FS6-450W,407,Customer Order
3125,2025-02-10,PLT-AL1,,CUST-013,FS6-450W,414,Customer Order
3126,2025-02-11,PLT-AL1,,CUST-013,FS6-450W,396,Customer Order
3127,2025-02-12,PLT-AL1,,CUST-013,FS6-450W,391,Customer Order
3128,2025-02-13,PLT-AL1,,CUST-013,FS6-450W,400,Customer Order
3129,2025-02-14,PLT-AL1,,CUST-013,FS6-450W,381,Customer Order
3130,2025-02-17,PLT-AL1,,CUST-013,FS6-450W,386,Customer Order
3131,2025-02-18,PLT-AL1,,CUST-013,FS6-450W,402,Customer Order
3132,2025-02-19,PLT-AL1,,CUST-013,FS6-450W,419,Customer Order
3133,2025-02-20,PLT-AL1,,CUST-013,FS6-450W,359,Customer Order
3134,2025-02-21,PLT-AL1,,CUST-013,FS6-450W,348,Customer Order
3135,2025-02-24,PLT-AL1,,CUST-013,FS6-450W,394,Customer Order
3136,2025-02-25,PLT-AL1,,CUST-013,FS6-450W,349,Customer Order
3137,2025-02-26,PLT-AL1,,CUST-013,FS6-450W,348,Customer Order
3138,2025-02-27,PLT-AL1,,CUST-013,FS6-450W,378,Customer Order
3139,2025-02-28,PLT-AL1,,CUST-013,FS6-450W,366,Customer Order
3140,2025-03-03,PLT-AL1,,CUST-013,FS6-450W,382,Customer Order
3141,2025-03-04,PLT-AL1,,CUST-013,FS6-450W,394,Customer Order
3142,2025-03-05,PLT-AL1,,CUST-013,FS6-450W,354,Customer Order
3143,2025-03-06,PLT-AL1,,CUST-013,FS6-450W,397,Customer Order
3144,2025-03-07,PLT-AL1,,CUST-013,FS6-450W,366,Customer Order
3145,2025-03-10,PLT-AL1,,CUST-013,FS6-450W,373,Customer Order
3146,2025-03-11,PLT-AL1,,CUST-013,FS6-450W,408,Customer Order
3147,2025-03-12,PLT-AL1,,CUST-013,FS6-450W,357,Customer Order
3148,2025-03-13,PLT-AL1,,CUST-013,FS6-450W,356,Customer Order
3149,2025-03-14,PLT-AL1,,CUST-013,FS6-450W,372,Customer Order
3150,2025-03-17,PLT-AL1,,CUST-013,FS6-450W,347,Customer Order
3151,2025-03-18,PLT-AL1,,CUST-013,FS6-450W,429,Customer Order
3152,2025-03-19,PLT-AL1,,CUST-013,FS6-450W,400,Customer Order
3153,2025-03-20,PLT-AL1,,CUST-013,FS6-450W,404,Customer Order
3154,2025-03-21,PLT-AL1,,CUST-013,FS6-450W,388,Customer Order
3155,2025-03-24,PLT-AL1,,CUST-013,FS6-450W,396,Customer Order
3156,2025-03-25,PLT-AL1,,CUST-013,FS6-450W,376,Customer Order
3157,2025-03-26,PLT-AL1,,CUST-013,FS6-450W,415,Customer Order
3158,2025-03-27,PLT-AL1,,CUST-013,FS6-450W,372,Customer Order
3159,2025-03-28,PLT-AL1,,CUST-013,FS6-450W,363,Customer Order
3160,2025-03-31,PLT-AL1,,CUST-013,FS6-450W,359,Customer Order
3161,2025-04-01,PLT-AL1,,CUST-013,FS6-450W,383,Customer Order
3162,2025-04-02,PLT-AL1,,CUST-013,FS6-450W,428,Forecast
3163,2025-04-03,PLT-AL1,,CUST-013,FS6-450W,419,Forecast
3164,2025-04-04,PLT-AL1,,CUST-013,FS6-450W,431,Forecast
3165,2025-04-07,PLT-AL1,,CUST-013,FS6-450W,386,Forecast
3166,2025-04-08,PLT-AL1,,CUST-013,FS6-450W,399,Forecast
3167,2025-04-09,PLT-AL1,,CUST-013,FS6-450W,398,Forecast
3168,2025-04-10,PLT-AL1,,CUST-013,FS6-450W,410,Forecast
3169,2025-04-11,PLT-AL1,,CUST-013,FS6-450W,413,Forecast
3170,2025-04-14,PLT-AL1,,CUST-013,FS6-450W,399,Forecast
3171,2025-04-15,PLT-AL1,,CUST-013,FS6-450W,454,Forecast
3172,2025-04-16,PLT-AL1,,CUST-013,FS6-450W,431,Forecast
3173,2025-04-17,PLT-AL1,,CUST-013,FS6-450W,479,Forecast
3174,2025-04-18,PLT-AL1,,CUST-013,FS6-450W,461,Forecast
3175,2025-04-21,PLT-AL1,,CUST-013,FS6-450W,477,Forecast
3176,2025-04-22,PLT-AL1,,CUST-013,FS6-450W,377,Forecast
3177,2025-04-23,PLT-AL1,,CUST-013,FS6-450W,445,Forecast
3178,2025-04-24,PLT-AL1,,CUST-013,FS6-450W,422,Forecast
3179,2025-04-25,PLT-AL1,,CUST-013,FS6-450W,469,Forecast
3180,2025-04-28,PLT-AL1,,CUST-013,FS6-450W,439,Forecast
3181,2025-04-29,PLT-AL1,,CUST-013,FS6-450W,440,Forecast
3182,2025-04-30,PLT-AL1,,CUST-013,FS6-450W,475,Forecast
3183,2025-05-01,PLT-AL1,,CUST-013,FS6-450W,446,Forecast
3184,2025-05-02,PLT-AL1,,CUST-013,FS6-450W,409,Forecast
3185,2025-05-05,PLT-AL1,,CUST-013,FS6-450W,470,Forecast
3186,2025-05-06,PLT-AL1,,CUST-013,FS6-450W,473,Forecast
3187,2025-05-07,PLT-AL1,,CUST-013,FS6-450W,416,Forecast
3188,2025-05-08,PLT-AL1,,CUST-013,FS6-450W,432,Forecast
3189,2025-05-09,PLT-AL1,,CUST-013,FS6-450W,405,Forecast
3190,2025-05-12,PLT-AL1,,CUST-013,FS6-450W,470,Forecast
3191,2025-05-13,PLT-AL1,,CUST-013,FS6-450W,461,Forecast
3192,2025-05-14,PLT-AL1,,CUST-013,FS6-450W,415,Forecast
3193,2025-05-15,PLT-AL1,,CUST-013,FS6-450W,459,Forecast
3194,2025-05-16,PLT-AL1,,CUST-013,FS6-450W,422,Forecast
3195,2025-05-19,PLT-AL1,,CUST-013,FS6-450W,381,Forecast
3196,2025-05-20,PLT-AL1,,CUST-013,FS6-450W,469,Forecast
3197,2025-05-21,PLT-AL1,,CUST-013,FS6-450W,396,Forecast
3198,2025-05-22,PLT-AL1,,CUST-013,FS6-450W,429,Forecast
3199,2025-05-23,PLT-AL1,,CUST-013,FS6-450W,474,Forecast
3200,2025-05-26,PLT-AL1,,CUST-013,FS6-450W,394,Forecast
3201,2025-05-27,PLT-AL1,,CUST-013,FS6-450W,475,Forecast
3202,2025-05-28,PLT-AL1,,CUST-013,FS6-450W,432,Forecast
3203,2025-05-29,PLT-AL1,,CUST-013,FS6-450W,377,Forecast
3204,2025-05-30,PLT-AL1,,CUST-013,FS6-450W,383,Forecast
3205,2025-06-02,PLT-AL1,,CUST-013,FS6-450W,421,Forecast
3206,2025-06-03,PLT-AL1,,CUST-013,FS6-450W,431,Forecast
3207,2025-06-04,PLT-AL1,,CUST-013,FS6-450W,440,Forecast
3208,2025-06-05,PLT-AL1,,CUST-013,FS6-450W,397,Forecast
3209,2025-06-06,PLT-AL1,,CUST-013,FS6-450W,366,Forecast
3210,2025-06-09,PLT-AL1,,CUST-013,FS6-450W,408,Forecast
3211,2025-06-10,PLT-AL1,,CUST-013,FS6-450W,424,Forecast
3212,2025-06-11,PLT-AL1,,CUST-013,FS6-450W,451,Forecast
3213,2025-06-12,PLT-AL1,,CUST-013,FS6-450W,431,Forecast
3214,2025-06-13,PLT-AL1,,CUST-013,FS6-450W,419,Forecast
3215,2025-06-16,PLT-AL1,,CUST-013,FS6-450W,447,Forecast
3216,2025-06-17,PLT-AL1,,CUST-013,FS6-450W,428,Forecast
3217,2025-06-18,PLT-AL1,,CUST-013,FS6-450W,371,Forecast
3218,2025-06-19,PLT-AL1,,CUST-013,FS6-450W,400,Forecast
3219,2025-06-20,PLT-AL1,,CUST-013,FS6-450W,388,Forecast
3220,2025-06-23,PLT-AL1,,CUST-013,FS6-450W,364,Forecast
3221,2025-06-24,PLT-AL1,,CUST-013,FS6-450W,361,Forecast
3222,2025-06-25,PLT-AL1,,CUST-013,FS6-450W,433,Forecast
3223,2025-06-26,PLT-AL1,,CUST-013,FS6-450W,410,Forecast
3224,2025-06-27,PLT-AL1,,CUST-013,FS6-450W,412,Forecast
3225,2025-06-30,PLT-AL1,,CUST-013,FS6-450W,378,Forecast
3226,2025-01-01,PLT-OH1,,CUST-013,FS6-450W,392,Customer Order
3227,2025-01-02,PLT-OH1,,CUST-013,FS6-450W,405,Customer Order
3228,2025-01-03,PLT-OH1,,CUST-013,FS6-450W,429,Customer Order
3229,2025-01-06,PLT-OH1,,CUST-013,FS6-450W,410,Customer Order
3230,2025-01-07,PLT-OH1,,CUST-013,FS6-450W,368,Customer Order
3231,2025-01-08,PLT-OH1,,CUST-013,FS6-450W,434,Customer Order
3232,2025-01-09,PLT-OH1,,CUST-013,FS6-450W,420,Customer Order
3233,2025-01-10,PLT-OH1,,CUST-013,FS6-450W,430,Customer Order
3234,2025-01-13,PLT-OH1,,CUST-013,FS6-450W,428,Customer Order
3235,2025-01-14,PLT-OH1,,CUST-013,FS6-450W,442,Customer Order
3236,2025-01-15,PLT-OH1,,CUST-013,FS6-450W,425,Customer Order
3237,2025-01-16,PLT-OH1,,CUST-013,FS6-450W,436,Customer Order
3238,2025-01-17,PLT-OH1,,CUST-013,FS6-450W,374,Customer Order
3239,2025-01-20,PLT-OH1,,CUST-013,FS6-450W,459,Customer Order
3240,2025-01-21,PLT-OH1,,CUST-013,FS6-450W,377,Customer Order
3241,2025-01-22,PLT-OH1,,CUST-013,FS6-450W,445,Customer Order
3242,2025-01-23,PLT-OH1,,CUST-013,FS6-450W,396,Customer Order
3243,2025-01-24,PLT-OH1,,CUST-013,FS6-450W,375,Customer Order
3244,2025-01-27,PLT-OH1,,CUST-013,FS6-450W,443,Customer Order
3245,2025-01-28,PLT-OH1,,CUST-013,FS6-450W,410,Customer Order
3246,2025-01-29,PLT-OH1,,CUST-013,FS6-450W,406,Customer Order
3247,2025-01-30,PLT-OH1,,CUST-013,FS6-450W,432,Customer Order
3248,2025-01-31,PLT-OH1,,CUST-013,FS6-450W,414,Customer Order
3249,2025-02-03,PLT-OH1,,CUST-013,FS6-450W,438,Customer Order
3250,2025-02-04,PLT-OH1,,CUST-013,FS6-450W,396,Customer Order
3251,2025-02-05,PLT-OH1,,CUST-013,FS6-450W,423,Customer Order
3252,2025-02-06,PLT-OH1,,CUST-013,FS6-450W,465,Customer Order
3253,2025-02-07,PLT-OH1,,CUST-013,FS6-450W,439,Customer Order
3254,2025-02-10,PLT-OH1,,CUST-013,FS6-450W,482,Customer Order
3255,2025-02-11,PLT-OH1,,CUST-013,FS6-450W,397,Customer Order
3256,2025-02-12,PLT-OH1,,CUST-013,FS6-450W,453,Customer Order
3257,2025-02-13,PLT-OH1,,CUST-013,FS6-450W,477,Customer Order
3258,2025-02-14,PLT-OH1,,CUST-013,FS6-450W,465,Customer Order
3259,2025-02-17,PLT-OH1,,CUST-013,FS6-450W,458,Customer Order
3260,2025-02-18,PLT-OH1,,CUST-013,FS6-450W,421,Customer Order
3261,2025-02-19,PLT-OH1,,CUST-013,FS6-450W,481,Customer Order
3262,2025-02-20,PLT-OH1,,CUST-013,FS6-450W,440,Customer Order
3263,2025-02-21,PLT-OH1,,CUST-013,FS6-450W,440,Customer Order
3264,2025-02-24,PLT-OH1,,CUST-013,FS6-450W,395,Customer Order
3265,2025-02-25,PLT-OH1,,CUST-013,FS6-450W,383,Customer Order
3266,2025-02-26,PLT-OH1,,CUST-013,FS6-450W,444,Customer Order
3267,2025-02-27,PLT-OH1,,CUST-013,FS6-450W,438,Customer Order
3268,2025-02-28,PLT-OH1,,CUST-013,FS6-450W,481,Customer Order
3269,2025-03-03,PLT-OH1,,CUST-013,FS6-450W,427,Customer Order
3270,2025-03-04,PLT-OH1,,CUST-013,FS6-450W,474,Customer Order
3271,2025-03-05,PLT-OH1,,CUST-013,FS6-450W,491,Customer Order
3272,2025-03-06,PLT-OH1,,CUST-013,FS6-450W,431,Customer Order
3273,2025-03-07,PLT-OH1,,CUST-013,FS6-450W,438,Customer Order
3274,2025-03-10,PLT-OH1,,CUST-013,FS6-450W,463,Customer Order
3275,2025-03-11,PLT-OH1,,CUST-013,FS6-450W,449,Customer Order
3276,2025-03-12,PLT-OH1,,CUST-013,FS6-450W,411,Customer Order
3277,2025-03-13,PLT-OH1,,CUST-013,FS6-450W,418,Customer Order
3278,2025-03-14,PLT-OH1,,CUST-013,FS6-450W,483,Customer Order
3279,2025-03-17,PLT-OH1,,CUST-013,FS6-450W,415,Customer Order
3280,2025-03-18,PLT-OH1,,CUST-013,FS6-450W,413,Customer Order
3281,2025-03-19,PLT-OH1,,CUST-013,FS6-450W,480,Customer Order
3282,2025-03-20,PLT-OH1,,CUST-013,FS6-450W,485,Customer Order
3283,2025-03-21,PLT-OH1,,CUST-013,FS6-450W,485,Customer Order
3284,2025-03-24,PLT-OH1,,CUST-013,FS6-450W,494,Customer Order
3285,2025-03-25,PLT-OH1,,CUST-013,FS6-450W,501,Customer Order
3286,2025-03-26,PLT-OH1,,CUST-013,FS6-450W,443,Customer Order
3287,2025-03-27,PLT-OH1,,CUST-013,FS6-450W,453,Customer Order
3288,2025-03-28,PLT-OH1,,CUST-013,FS6-450W,425,Customer Order
3289,2025-03-31,PLT-OH1,,CUST-013,FS6-450W,401,Customer Order
3290,2025-04-01,PLT-OH1,,CUST-013,FS6-450W,445,Customer Order
3291,2025-04-02,PLT-OH1,,CUST-013,FS6-450W,519,Forecast
3292,2025-04-03,PLT-OH1,,CUST-013,FS6-450W,491,Forecast
3293,2025-04-04,PLT-OH1,,CUST-013,FS6-450W,472,Forecast
3294,2025-04-07,PLT-OH1,,CUST-013,FS6-450W,448,Forecast
3295,2025-04-08,PLT-OH1,,CUST-013,FS6-450W,511,Forecast
3296,2025-04-09,PLT-OH1,,CUST-013,FS6-450W,445,Forecast
3297,2025-04-10,PLT-OH1,,CUST-013,FS6-450W,506,Forecast
3298,2025-04-11,PLT-OH1,,CUST-013,FS6-450W,540,Forecast
3299,2025-04-14,PLT-OH1,,CUST-013,FS6-450W,471,Forecast
3300,2025-04-15,PLT-OH1,,CUST-013,FS6-450W,486,Forecast
3301,2025-04-16,PLT-OH1,,CUST-013,FS6-450W,506,Forecast
3302,2025-04-17,PLT-OH1,,CUST-013,FS6-450W,469,Forecast
3303,2025-04-18,PLT-OH1,,CUST-013,FS6-450W,502,Forecast
3304,2025-04-21,PLT-OH1,,CUST-013,FS6-450W,500,Forecast
3305,2025-04-22,PLT-OH1,,CUST-013,FS6-450W,476,Forecast
3306,2025-04-23,PLT-OH1,,CUST-013,FS6-450W,471,Forecast
3307,2025-04-24,PLT-OH1,,CUST-013,FS6-450W,484,Forecast
3308,2025-04-25,PLT-OH1,,CUST-013,FS6-450W,434,Forecast
3309,2025-04-28,PLT-OH1,,CUST-013,FS6-450W,462,Forecast
3310,2025-04-29,PLT-OH1,,CUST-013,FS6-450W,459,Forecast
3311,2025-04-30,PLT-OH1,,CUST-013,FS6-450W,521,Forecast
3312,2025-05-01,PLT-OH1,,CUST-013,FS6-450W,485,Forecast
3313,2025-05-02,PLT-OH1,,CUST-013,FS6-450W,532,Forecast
3314,2025-05-05,PLT-OH1,,CUST-013,FS6-450W,449,Forecast
3315,2025-05-06,PLT-OH1,,CUST-013,FS6-450W,520,Forecast
3316,2025-05-07,PLT-OH1,,CUST-013,FS6-450W,537,Forecast
3317,2025-05-08,PLT-OH1,,CUST-013,FS6-450W,488,Forecast
3318,2025-05-09,PLT-OH1,,CUST-013,FS6-450W,476,Forecast
3319,2025-05-12,PLT-OH1,,CUST-013,FS6-450W,469,Forecast
3320,2025-05-13,PLT-OH1,,CUST-013,FS6-450W,498,Forecast
3321,2025-05-14,PLT-OH1,,CUST-013,FS6-450W,454,Forecast
3322,2025-05-15,PLT-OH1,,CUST-013,FS6-450W,505,Forecast
3323,2025-05-16,PLT-OH1,,CUST-013,FS6-450W,533,Forecast
3324,2025-05-19,PLT-OH1,,CUST-013,FS6-450W,535,Forecast
3325,2025-05-20,PLT-OH1,,CUST-013,FS6-450W,450,Forecast
3326,2025-05-21,PLT-OH1,,CUST-013,FS6-450W,497,Forecast
3327,2025-05-22,PLT-OH1,,CUST-013,FS6-450W,464,Forecast
3328,2025-05-23,PLT-OH1,,CUST-013,FS6-450W,538,Forecast
3329,2025-05-26,PLT-OH1,,CUST-013,FS6-450W,442,Forecast
3330,2025-05-27,PLT-OH1,,CUST-013,FS6-450W,442,Forecast
3331,2025-05-28,PLT-OH1,,CUST-013,FS6-450W,435,Forecast
3332,2025-05-29,PLT-OH1,,CUST-013,FS6-450W,493,Forecast
3333,2025-05-30,PLT-OH1,,CUST-013,FS6-450W,437,Forecast
3334,2025-06-02,PLT-OH1,,CUST-013,FS6-450W,475,Forecast
3335,2025-06-03,PLT-OH1,,CUST-013,FS6-450W,455,Forecast
3336,2025-06-04,PLT-OH1,,CUST-013,FS6-450W,475,Forecast
3337,2025-06-05,PLT-OH1,,CUST-013,FS6-450W,511,Forecast
3338,2025-06-06,PLT-OH1,,CUST-013,FS6-450W,471,Forecast
3339,2025-06-09,PLT-OH1,,CUST-013,FS6-450W,470,Forecast
3340,2025-06-10,PLT-OH1,,CUST-013,FS6-450W,521,Forecast
3341,2025-06-11,PLT-OH1,,CUST-013,FS6-450W,462,Forecast
3342,2025-06-12,PLT-OH1,,CUST-013,FS6-450W,496,Forecast
3343,2025-06-13,PLT-OH1,,CUST-013,FS6-450W,450,Forecast
3344,2025-06-16,PLT-OH1,,CUST-013,FS6-450W,435,Forecast
3345,2025-06-17,PLT-OH1,,CUST-013,FS6-450W,496,Forecast
3346,2025-06-18,PLT-OH1,,CUST-013,FS6-450W,491,Forecast
3347,2025-06-19,PLT-OH1,,CUST-013,FS6-450W,442,Forecast
3348,2025-06-20,PLT-OH1,,CUST-013,FS6-450W,461,Forecast
3349,2025-06-23,PLT-OH1,,CUST-013,FS6-450W,467,Forecast
3350,2025-06-24,PLT-OH1,,CUST-013,FS6-450W,454,Forecast
3351,2025-06-25,PLT-OH1,,CUST-013,FS6-450W,466,Forecast
3352,2025-06-26,PLT-OH1,,CUST-013,FS6-450W,484,Forecast
3353,2025-06-27,PLT-OH1,,CUST-013,FS6-450W,504,Forecast
3354,2025-06-30,PLT-OH1,,CUST-013,FS6-450W,500,Forecast
3355,2025-01-01,PLT-LA1,,CUST-014,FS6-450W,191,Customer Order
3356,2025-01-02,PLT-LA1,,CUST-014,FS6-450W,171,Customer Order
3357,2025-01-03,PLT-LA1,,CUST-014,FS6-450W,186,Customer Order
3358,2025-01-06,PLT-LA1,,CUST-014,FS6-450W,183,Customer Order
3359,2025-01-07,PLT-LA1,,CUST-014,FS6-450W,171,Customer Order
3360,2025-01-08,PLT-LA1,,CUST-014,FS6-450W,206,Customer Order
3361,2025-01-09,PLT-LA1,,CUST-014,FS6-450W,193,Customer Order
3362,2025-01-10,PLT-LA1,,CUST-014,FS6-450W,206,Customer Order
3363,2025-01-13,PLT-LA1,,CUST-014,FS6-450W,196,Customer Order
3364,2025-01-14,PLT-LA1,,CUST-014,FS6-450W,185,Customer Order
3365,2025-01-15,PLT-LA1,,CUST-014,FS6-450W,179,Customer Order
3366,2025-01-16,PLT-LA1,,CUST-014,FS6-450W,173,Customer Order
3367,2025-01-17,PLT-LA1,,CUST-014,FS6-450W,185,Customer Order
3368,2025-01-20,PLT-LA1,,CUST-014,FS6-450W,166,Customer Order
3369,2025-01-21,PLT-LA1,,CUST-014,FS6-450W,180,Customer Order
3370,2025-01-22,PLT-LA1,,CUST-014,FS6-450W,165,Customer Order
3371,2025-01-23,PLT-LA1,,CUST-014,FS6-450W,172,Customer Order
3372,2025-01-24,PLT-LA1,,CUST-014,FS6-450W,204,Customer Order
3373,2025-01-27,PLT-LA1,,CUST-014,FS6-450W,179,Customer Order
3374,2025-01-28,PLT-LA1,,CUST-014,FS6-450W,184,Customer Order
3375,2025-01-29,PLT-LA1,,CUST-014,FS6-450W,184,Customer Order
3376,2025-01-30,PLT-LA1,,CUST-014,FS6-450W,165,Customer Order
3377,2025-01-31,PLT-LA1,,CUST-014,FS6-450W,207,Customer Order
3378,2025-02-03,PLT-LA1,,CUST-014,FS6-450W,185,Customer Order
3379,2025-02-04,PLT-LA1,,CUST-014,FS6-450W,203,Customer Order
3380,2025-02-05,PLT-LA1,,CUST-014,FS6-450W,195,Customer Order
3381,2025-02-06,PLT-LA1,,CUST-014,FS6-450W,209,Customer Order
3382,2025-02-07,PLT-LA1,,CUST-014,FS6-450W,209,Customer Order
3383,2025-02-10,PLT-LA1,,CUST-014,FS6-450W,183,Customer Order
3384,2025-02-11,PLT-LA1,,CUST-014,FS6-450W,196,Customer Order
3385,2025-02-12,PLT-LA1,,CUST-014,FS6-450W,178,Customer Order
3386,2025-02-13,PLT-LA1,,CUST-014,FS6-450W,201,Customer Order
3387,2025-02-14,PLT-LA1,,CUST-014,FS6-450W,187,Customer Order
3388,2025-02-17,PLT-LA1,,CUST-014,FS6-450W,201,Customer Order
3389,2025-02-18,PLT-LA1,,CUST-014,FS6-450W,209,Customer Order
3390,2025-02-19,PLT-LA1,,CUST-014,FS6-450W,194,Customer Order
3391,2025-02-20,PLT-LA1,,CUST-014,FS6-450W,188,Customer Order
3392,2025-02-21,PLT-LA1,,CUST-014,FS6-450W,212,Customer Order
3393,2025-02-24,PLT-LA1,,CUST-014,FS6-450W,194,Customer Order
3394,2025-02-25,PLT-LA1,,CUST-014,FS6-450W,187,Customer Order
3395,2025-02-26,PLT-LA1,,CUST-014,FS6-450W,211,Customer Order
3396,2025-02-27,PLT-LA1,,CUST-014,FS6-450W,193,Customer Order
3397,2025-02-28,PLT-LA1,,CUST-014,FS6-450W,193,Customer Order
3398,2025-03-03,PLT-LA1,,CUST-014,FS6-450W,204,Customer Order
3399,2025-03-04,PLT-LA1,,CUST-014,FS6-450W,200,Customer Order
3400,2025-03-05,PLT-LA1,,CUST-014,FS6-450W,182,Customer Order
3401,2025-03-06,PLT-LA1,,CUST-014,FS6-450W,183,Customer Order
3402,2025-03-07,PLT-LA1,,CUST-014,FS6-450W,179,Customer Order
3403,2025-03-10,PLT-LA1,,CUST-014,FS6-450W,206,Customer Order
3404,2025-03-11,PLT-LA1,,CUST-014,FS6-450W,186,Customer Order
3405,2025-03-12,PLT-LA1,,CUST-014,FS6-450W,185,Customer Order
3406,2025-03-13,PLT-LA1,,CUST-014,FS6-450W,193,Customer Order
3407,2025-03-14,PLT-LA1,,CUST-014,FS6-450W,210,Customer Order
3408,2025-03-17,PLT-LA1,,CUST-014,FS6-450W,181,Customer Order
3409,2025-03-18,PLT-LA1,,CUST-014,FS6-450W,187,Customer Order
3410,2025-03-19,PLT-LA1,,CUST-014,FS6-450W,214,Customer Order
3411,2025-03-20,PLT-LA1,,CUST-014,FS6-450W,210,Customer Order
3412,2025-03-21,PLT-LA1,,CUST-014,FS6-450W,199,Customer Order
3413,2025-03-24,PLT-LA1,,CUST-014,FS6-450W,198,Customer Order
3414,2025-03-25,PLT-LA1,,CUST-014,FS6-450W,186,Customer Order
3415,2025-03-26,PLT-LA1,,CUST-014,FS6-450W,183,Customer Order
3416,2025-03-27,PLT-LA1,,CUST-014,FS6-450W,215,Customer Order
3417,2025-03-28,PLT-LA1,,CUST-014,FS6-450W,177,Customer Order
3418,2025-03-31,PLT-LA1,,CUST-014,FS6-450W,178,Customer Order
3419,2025-04-01,PLT-LA1,,CUST-014,FS6-450W,223,Customer Order
3420,2025-04-02,PLT-LA1,,CUST-014,FS6-450W,202,Forecast
3421,2025-04-03,PLT-LA1,,CUST-014,FS6-450W,226,Forecast
3422,2025-04-04,PLT-LA1,,CUST-014,FS6-450W,195,Forecast
3423,2025-04-07,PLT-LA1,,CUST-014,FS6-450W,223,Forecast
3424,2025-04-08,PLT-LA1,,CUST-014,FS6-450W,196,Forecast
3425,2025-04-09,PLT-LA1,,CUST-014,FS6-450W,207,Forecast
3426,2025-04-10,PLT-LA1,,CUST-014,FS6-450W,203,Forecast
3427,2025-04-11,PLT-LA1,,CUST-014,FS6-450W,244,Forecast
3428,2025-04-14,PLT-LA1,,CUST-014,FS6-450W,225,Forecast
3429,2025-04-15,PLT-LA1,,CUST-014,FS6-450W,223,Forecast
3430,2025-04-16,PLT-LA1,,CUST-014,FS6-450W,194,Forecast
3431,2025-04-17,PLT-LA1,,CUST-014,FS6-450W,231,Forecast
3432,2025-04-18,PLT-LA1,,CUST-014,FS6-450W,228,Forecast
3433,2025-04-21,PLT-LA1,,CUST-014,FS6-450W,208,Forecast
3434,2025-04-22,PLT-LA1,,CUST-014,FS6-450W,198,Forecast
3435,2025-04-23,PLT-LA1,,CUST-014,FS6-450W,217,Forecast
3436,2025-04-24,PLT-LA1,,CUST-014,FS6-450W,245,Forecast
3437,2025-04-25,PLT-LA1,,CUST-014,FS6-450W,239,Forecast
3438,2025-04-28,PLT-LA1,,CUST-014,FS6-450W,202,Forecast
3439,2025-04-29,PLT-LA1,,CUST-014,FS6-450W,237,Forecast
3440,2025-04-30,PLT-LA1,,CUST-014,FS6-450W,225,Forecast
3441,2025-05-01,PLT-LA1,,CUST-014,FS6-450W,235,Forecast
3442,2025-05-02,PLT-LA1,,CUST-014,FS6-450W,236,Forecast
3443,2025-05-05,PLT-LA1,,CUST-014,FS6-450W,203,Forecast
3444,2025-05-06,PLT-LA1,,CUST-014,FS6-450W,228,Forecast
3445,2025-05-07,PLT-LA1,,CUST-014,FS6-450W,207,Forecast
3446,2025-05-08,PLT-LA1,,CUST-014,FS6-450W,231,Forecast
3447,2025-05-09,PLT-LA1,,CUST-014,FS6-450W,211,Forecast
3448,2025-05-12,PLT-LA1,,CUST-014,FS6-450W,217,Forecast
3449,2025-05-13,PLT-LA1,,CUST-014,FS6-450W,224,Forecast
3450,2025-05-14,PLT-LA1,,CUST-014,FS6-450W,205,Forecast
3451,2025-05-15,PLT-LA1,,CUST-014,FS6-450W,213,Forecast
3452,2025-05-16,PLT-LA1,,CUST-014,FS6-450W,199,Forecast
3453,2025-05-19,PLT-LA1,,CUST-014,FS6-450W,204,Forecast
3454,2025-05-20,PLT-LA1,,CUST-014,FS6-450W,238,Forecast
3455,2025-05-21,PLT-LA1,,CUST-014,FS6-450W,220,Forecast
3456,2025-05-22,PLT-LA1,,CUST-014,FS6-450W,215,Forecast
3457,2025-05-23,PLT-LA1,,CUST-014,FS6-450W,201,Forecast
3458,2025-05-26,PLT-LA1,,CUST-014,FS6-450W,198,Forecast
3459,2025-05-27,PLT-LA1,,CUST-014,FS6-450W,218,Forecast
3460,2025-05-28,PLT-LA1,,CUST-014,FS6-450W,225,Forecast
3461,2025-05-29,PLT-LA1,,CUST-014,FS6-450W,195,Forecast
3462,2025-05-30,PLT-LA1,,CUST-014,FS6-450W,234,Forecast
3463,2025-06-02,PLT-LA1,,CUST-014,FS6-450W,208,Forecast
3464,2025-06-03,PLT-LA1,,CUST-014,FS6-450W,188,Forecast
3465,2025-06-04,PLT-LA1,,CUST-014,FS6-450W,207,Forecast
3466,2025-06-05,PLT-LA1,,CUST-014,FS6-450W,189,Forecast
3467,2025-06-06,PLT-LA1,,CUST-014,FS6-450W,213,Forecast
3468,2025-06-09,PLT-LA1,,CUST-014,FS6-450W,224,Forecast
3469,2025-06-10,PLT-LA1,,CUST-014,FS6-450W,227,Forecast
3470,2025-06-11,PLT-LA1,,CUST-014,FS6-450W,221,Forecast
3471,2025-06-12,PLT-LA1,,CUST-014,FS6-450W,215,Forecast
3472,2025-06-13,PLT-LA1,,CUST-014,FS6-450W,209,Forecast
3473,2025-06-16,PLT-LA1,,CUST-014,FS6-450W,201,Forecast
3474,2025-06-17,PLT-LA1,,CUST-014,FS6-450W,185,Forecast
3475,2025-06-18,PLT-LA1,,CUST-014,FS6-450W,209,Forecast
3476,2025-06-19,PLT-LA1,,CUST-014,FS6-450W,194,Forecast
3477,2025-06-20,PLT-LA1,,CUST-014,FS6-450W,223,Forecast
3478,2025-06-23,PLT-LA1,,CUST-014,FS6-450W,222,Forecast
3479,2025-06-24,PLT-LA1,,CUST-014,FS6-450W,202,Forecast
3480,2025-06-25,PLT-LA1,,CUST-014,FS6-450W,212,Forecast
3481,2025-06-26,PLT-LA1,,CUST-014,FS6-450W,219,Forecast
3482,2025-06-27,PLT-LA1,,CUST-014,FS6-450W,220,Forecast
3483,2025-06-30,PLT-LA1,,CUST-014,FS6-450W,217,Forecast
3484,2025-01-01,PLT-OH1,,CUST-015,FS6-450W,234,Customer Order
3485,2025-01-02,PLT-OH1,,CUST-015,FS6-450W,236,Customer Order
3486,2025-01-03,PLT-OH1,,CUST-015,FS6-450W,258,Customer Order
3487,2025-01-06,PLT-OH1,,CUST-015,FS6-450W,242,Customer Order
3488,2025-01-07,PLT-OH1,,CUST-015,FS6-450W,281,Customer Order
3489,2025-01-08,PLT-OH1,,CUST-015,FS6-450W,246,Customer Order
3490,2025-01-09,PLT-OH1,,CUST-015,FS6-450W,282,Customer Order
3491,2025-01-10,PLT-OH1,,CUST-015,FS6-450W,253,Customer Order
3492,2025-01-13,PLT-OH1,,CUST-015,FS6-450W,240,Customer Order
3493,2025-01-14,PLT-OH1,,CUST-015,FS6-450W,272,Customer Order
3494,2025-01-15,PLT-OH1,,CUST-015,FS6-450W,277,Customer Order
3495,2025-01-16,PLT-OH1,,CUST-015,FS6-450W,264,Customer Order
3496,2025-01-17,PLT-OH1,,CUST-015,FS6-450W,235,Customer Order
3497,2025-01-20,PLT-OH1,,CUST-015,FS6-450W,228,Customer Order
3498,2025-01-21,PLT-OH1,,CUST-015,FS6-450W,269,Customer Order
3499,2025-01-22,PLT-OH1,,CUST-015,FS6-450W,271,Customer Order
3500,2025-01-23,PLT-OH1,,CUST-015,FS6-450W,248,Customer Order
3501,2025-01-24,PLT-OH1,,CUST-015,FS6-450W,250,Customer Order
3502,2025-01-27,PLT-OH1,,CUST-015,FS6-450W,238,Customer Order
3503,2025-01-28,PLT-OH1,,CUST-015,FS6-450W,268,Customer Order
3504,2025-01-29,PLT-OH1,,CUST-015,FS6-450W,244,Customer Order
3505,2025-01-30,PLT-OH1,,CUST-015,FS6-450W,281,Customer Order
3506,2025-01-31,PLT-OH1,,CUST-015,FS6-450W,254,Customer Order
3507,2025-02-03,PLT-OH1,,CUST-015,FS6-450W,261,Customer Order
3508,2025-02-04,PLT-OH1,,CUST-015,FS6-450W,256,Customer Order
3509,2025-02-05,PLT-OH1,,CUST-015,FS6-450W,282,Customer Order
3510,2025-02-06,PLT-OH1,,CUST-015,FS6-450W,287,Customer Order
3511,2025-02-07,PLT-OH1,,CUST-015,FS6-450W,265,Customer Order
3512,2025-02-10,PLT-OH1,,CUST-015,FS6-450W,289,Customer Order
3513,2025-02-11,PLT-OH1,,CUST-015,FS6-450W,269,Customer Order
3514,2025-02-12,PLT-OH1,,CUST-015,FS6-450W,262,Customer Order
3515,2025-02-13,PLT-OH1,,CUST-015,FS6-450W,274,Customer Order
3516,2025-02-14,PLT-OH1,,CUST-015,FS6-450W,254,Customer Order
3517,2025-02-17,PLT-OH1,,CUST-015,FS6-450W,258,Customer Order
3518,2025-02-18,PLT-OH1,,CUST-015,FS6-450W,260,Customer Order
3519,2025-02-19,PLT-OH1,,CUST-015,FS6-450W,283,Customer Order
3520,2025-02-20,PLT-OH1,,CUST-015,FS6-450W,285,Customer Order
3521,2025-02-21,PLT-OH1,,CUST-015,FS6-450W,293,Customer Order
3522,2025-02-24,PLT-OH1,,CUST-015,FS6-450W,280,Customer Order
3523,2025-02-25,PLT-OH1,,CUST-015,FS6-450W,286,Customer Order
3524,2025-02-26,PLT-OH1,,CUST-015,FS6-450W,267,Customer Order
3525,2025-02-27,PLT-OH1,,CUST-015,FS6-450W,283,Customer Order
3526,2025-02-28,PLT-OH1,,CUST-015,FS6-450W,248,Customer Order
3527,2025-03-03,PLT-OH1,,CUST-015,FS6-450W,259,Customer Order
3528,2025-03-04,PLT-OH1,,CUST-015,FS6-450W,272,Customer Order
3529,2025-03-05,PLT-OH1,,CUST-015,FS6-450W,268,Customer Order
3530,2025-03-06,PLT-OH1,,CUST-015,FS6-450W,282,Customer Order
3531,2025-03-07,PLT-OH1,,CUST-015,FS6-450W,292,Customer Order
3532,2025-03-10,PLT-OH1,,CUST-015,FS6-450W,292,Customer Order
3533,2025-03-11,PLT-OH1,,CUST-015,FS6-450W,256,Customer Order
3534,2025-03-12,PLT-OH1,,CUST-015,FS6-450W,310,Customer Order
3535,2025-03-13,PLT-OH1,,CUST-015,FS6-450W,245,Customer Order
3536,2025-03-14,PLT-OH1,,CUST-015,FS6-450W,251,Customer Order
3537,2025-03-17,PLT-OH1,,CUST-015,FS6-450W,255,Customer Order
3538,2025-03-18,PLT-OH1,,CUST-015,FS6-450W,307,Customer Order
3539,2025-03-19,PLT-OH1,,CUST-015,FS6-450W,274,Customer Order
3540,2025-03-20,PLT-OH1,,CUST-015,FS6-450W,249,Customer Order
3541,2025-03-21,PLT-OH1,,CUST-015,FS6-450W,260,Customer Order
3542,2025-03-24,PLT-OH1,,CUST-015,FS6-450W,250,Customer Order
3543,2025-03-25,PLT-OH1,,CUST-015,FS6-450W,248,Customer Order
3544,2025-03-26,PLT-OH1,,CUST-015,FS6-450W,271,Customer Order
3545,2025-03-27,PLT-OH1,,CUST-015,FS6-450W,311,Customer Order
3546,2025-03-28,PLT-OH1,,CUST-015,FS6-450W,286,Customer Order
3547,2025-03-31,PLT-OH1,,CUST-015,FS6-450W,280,Customer Order
3548,2025-04-01,PLT-OH1,,CUST-015,FS6-450W,322,Customer Order
3549,2025-04-02,PLT-OH1,,CUST-015,FS6-450W,314,Forecast
3550,2025-04-03,PLT-OH1,,CUST-015,FS6-450W,339,Forecast
3551,2025-04-04,PLT-OH1,,CUST-015,FS6-450W,330,Forecast
3552,2025-04-07,PLT-OH1,,CUST-015,FS6-450W,317,Forecast
3553,2025-04-08,PLT-OH1,,CUST-015,FS6-450W,302,Forecast
3554,2025-04-09,PLT-OH1,,CUST-015,FS6-450W,284,Forecast
3555,2025-04-10,PLT-OH1,,CUST-015,FS6-450W,318,Forecast
3556,2025-04-11,PLT-OH1,,CUST-015,FS6-450W,329,Forecast
3557,2025-04-14,PLT-OH1,,CUST-015,FS6-450W,291,Forecast
3558,2025-04-15,PLT-OH1,,CUST-015,FS6-450W,272,Forecast
3559,2025-04-16,PLT-OH1,,CUST-015,FS6-450W,314,Forecast
3560,2025-04-17,PLT-OH1,,CUST-015,FS6-450W,308,Forecast
3561,2025-04-18,PLT-OH1,,CUST-015,FS6-450W,287,Forecast
3562,2025-04-21,PLT-OH1,,CUST-015,FS6-450W,282,Forecast
3563,2025-04-22,PLT-OH1,,CUST-015,FS6-450W,272,Forecast
3564,2025-04-23,PLT-OH1,,CUST-015,FS6-450W,287,Forecast
3565,2025-04-24,PLT-OH1,,CUST-015,FS6-450W,270,Forecast
3566,2025-04-25,PLT-OH1,,CUST-015,FS6-450W,281,Forecast
3567,2025-04-28,PLT-OH1,,CUST-015,FS6-450W,343,Forecast
3568,2025-04-29,PLT-OH1,,CUST-015,FS6-450W,327,Forecast
3569,2025-04-30,PLT-OH1,,CUST-015,FS6-450W,296,Forecast
3570,2025-05-01,PLT-OH1,,CUST-015,FS6-450W,299,Forecast
3571,2025-05-02,PLT-OH1,,CUST-015,FS6-450W,313,Forecast
3572,2025-05-05,PLT-OH1,,CUST-015,FS6-450W,308,Forecast
3573,2025-05-06,PLT-OH1,,CUST-015,FS6-450W,324,Forecast
3574,2025-05-07,PLT-OH1,,CUST-015,FS6-450W,275,Forecast
3575,2025-05-08,PLT-OH1,,CUST-015,FS6-450W,276,Forecast
3576,2025-05-09,PLT-OH1,,CUST-015,FS6-450W,291,Forecast
3577,2025-05-12,PLT-OH1,,CUST-015,FS6-450W,331,Forecast
3578,2025-05-13,PLT-OH1,,CUST-015,FS6-450W,337,Forecast
3579,2025-05-14,PLT-OH1,,CUST-015,FS6-450W,295,Forecast
3580,2025-05-15,PLT-OH1,,CUST-015,FS6-450W,340,Forecast
3581,2025-05-16,PLT-OH1,,CUST-015,FS6-450W,290,Forecast
3582,2025-05-19,PLT-OH1,,CUST-015,FS6-450W,314,Forecast
3583,2025-05-20,PLT-OH1,,CUST-015,FS6-450W,284,Forecast
3584,2025-05-21,PLT-OH1,,CUST-015,FS6-450W,338,Forecast
3585,2025-05-22,PLT-OH1,,CUST-015,FS6-450W,312,Forecast
3586,2025-05-23,PLT-OH1,,CUST-015,FS6-450W,289,Forecast
3587,2025-05-26,PLT-OH1,,CUST-015,FS6-450W,300,Forecast
3588,2025-05-27,PLT-OH1,,CUST-015,FS6-450W,277,Forecast
3589,2025-05-28,PLT-OH1,,CUST-015,FS6-450W,275,Forecast
3590,2025-05-29,PLT-OH1,,CUST-015,FS6-450W,291,Forecast
3591,2025-05-30,PLT-OH1,,CUST-015,FS6-450W,339,Forecast
3592,2025-06-02,PLT-OH1,,CUST-015,FS6-450W,311,Forecast
3593,2025-06-03,PLT-OH1,,CUST-015,FS6-450W,321,Forecast
3594,2025-06-04,PLT-OH1,,CUST-015,FS6-450W,316,Forecast
3595,2025-06-05,PLT-OH1,,CUST-015,FS6-450W,311,Forecast
3596,2025-06-06,PLT-OH1,,CUST-015,FS6-450W,295,Forecast
3597,2025-06-09,PLT-OH1,,CUST-015,FS6-450W,303,Forecast
3598,2025-06-10,PLT-OH1,,CUST-015,FS6-450W,322,Forecast
3599,2025-06-11,PLT-OH1,,CUST-015,FS6-450W,294,Forecast
3600,2025-06-12,PLT-OH1,,CUST-015,FS6-450W,308,Forecast
3601,2025-06-13,PLT-OH1,,CUST-015,FS6-450W,308,Forecast
3602,2025-06-16,PLT-OH1,,CUST-015,FS6-450W,322,Forecast
3603,2025-06-17,PLT-OH1,,CUST-015,FS6-450W,287,Forecast
3604,2025-06-18,PLT-OH1,,CUST-015,FS6-450W,287,Forecast
3605,2025-06-19,PLT-OH1,,CUST-015,FS6-450W,296,Forecast
3606,2025-06-20,PLT-OH1,,CUST-015,FS6-450W,257,Forecast
3607,2025-06-23,PLT-OH1,,CUST-015,FS6-450W,263,Forecast
3608,2025-06-24,PLT-OH1,,CUST-015,FS6-450W,260,Forecast
3609,2025-06-25,PLT-OH1,,CUST-015,FS6-450W,299,Forecast
3610,2025-06-26,PLT-OH1,,CUST-015,FS6-450W,324,Forecast
3611,2025-06-27,PLT-OH1,,CUST-015,FS6-450W,302,Forecast
3612,2025-06-30,PLT-OH1,,CUST-015,FS6-450W,271,Forecast
3613,2025-01-01,PLT-AL1,,CUST-015,FS7-500W,155,Customer Order
3614,2025-01-02,PLT-AL1,,CUST-015,FS7-500W,180,Customer Order
3615,2025-01-03,PLT-AL1,,CUST-015,FS7-500W,163,Customer Order
3616,2025-01-06,PLT-AL1,,CUST-015,FS7-500W,143,Customer Order
3617,2025-01-07,PLT-AL1,,CUST-015,FS7-500W,176,Customer Order
3618,2025-01-08,PLT-AL1,,CUST-015,FS7-500W,153,Customer Order
3619,2025-01-09,PLT-AL1,,CUST-015,FS7-500W,147,Customer Order
3620,2025-01-10,PLT-AL1,,CUST-015,FS7-500W,169,Customer Order
3621,2025-01-13,PLT-AL1,,CUST-015,FS7-500W,175,Customer Order
3622,2025-01-14,PLT-AL1,,CUST-015,FS7-500W,146,Customer Order
3623,2025-01-15,PLT-AL1,,CUST-015,FS7-500W,179,Customer Order
3624,2025-01-16,PLT-AL1,,CUST-015,FS7-500W,162,Customer Order
3625,2025-01-17,PLT-AL1,,CUST-015,FS7-500W,157,Customer Order
3626,2025-01-20,PLT-AL1,,CUST-015,FS7-500W,178,Customer Order
3627,2025-01-21,PLT-AL1,,CUST-015,FS7-500W,154,Customer Order
3628,2025-01-22,PLT-AL1,,CUST-015,FS7-500W,180,Customer Order
3629,2025-01-23,PLT-AL1,,CUST-015,FS7-500W,170,Customer Order
3630,2025-01-24,PLT-AL1,,CUST-015,FS7-500W,179,Customer Order
3631,2025-01-27,PLT-AL1,,CUST-015,FS7-500W,163,Customer Order
3632,2025-01-28,PLT-AL1,,CUST-015,FS7-500W,151,Customer Order
3633,2025-01-29,PLT-AL1,,CUST-015,FS7-500W,172,Customer Order
3634,2025-01-30,PLT-AL1,,CUST-015,FS7-500W,177,Customer Order
3635,2025-01-31,PLT-AL1,,CUST-015,FS7-500W,151,Customer Order
3636,2025-02-03,PLT-AL1,,CUST-015,FS7-500W,157,Customer Order
3637,2025-02-04,PLT-AL1,,CUST-015,FS7-500W,159,Customer Order
3638,2025-02-05,PLT-AL1,,CUST-015,FS7-500W,174,Customer Order
3639,2025-02-06,PLT-AL1,,CUST-015,FS7-500W,156,Customer Order
3640,2025-02-07,PLT-AL1,,CUST-015,FS7-500W,154,Customer Order
3641,2025-02-10,PLT-AL1,,CUST-015,FS7-500W,187,Customer Order
3642,2025-02-11,PLT-AL1,,CUST-015,FS7-500W,177,Customer Order
3643,2025-02-12,PLT-AL1,,CUST-015,FS7-500W,176,Customer Order
3644,2025-02-13,PLT-AL1,,CUST-015,FS7-500W,174,Customer Order
3645,2025-02-14,PLT-AL1,,CUST-015,FS7-500W,180,Customer Order
3646,2025-02-17,PLT-AL1,,CUST-015,FS7-500W,171,Customer Order
3647,2025-02-18,PLT-AL1,,CUST-015,FS7-500W,151,Customer Order
3648,2025-02-19,PLT-AL1,,CUST-015,FS7-500W,169,Customer Order
3649,2025-02-20,PLT-AL1,,CUST-015,FS7-500W,174,Customer Order
3650,2025-02-21,PLT-AL1,,CUST-015,FS7-500W,169,Customer Order
3651,2025-02-24,PLT-AL1,,CUST-015,FS7-500W,189,Customer Order
3652,2025-02-25,PLT-AL1,,CUST-015,FS7-500W,186,Customer Order
3653,2025-02-26,PLT-AL1,,CUST-015,FS7-500W,185,Customer Order
3654,2025-02-27,PLT-AL1,,CUST-015,FS7-500W,169,Customer Order
3655,2025-02-28,PLT-AL1,,CUST-015,FS7-500W,189,Customer Order
3656,2025-03-03,PLT-AL1,,CUST-015,FS7-500W,192,Customer Order
3657,2025-03-04,PLT-AL1,,CUST-015,FS7-500W,166,Customer Order
3658,2025-03-05,PLT-AL1,,CUST-015,FS7-500W,163,Customer Order
3659,2025-03-06,PLT-AL1,,CUST-015,FS7-500W,178,Customer Order
3660,2025-03-07,PLT-AL1,,CUST-015,FS7-500W,156,Customer Order
3661,2025-03-10,PLT-AL1,,CUST-015,FS7-500W,187,Customer Order
3662,2025-03-11,PLT-AL1,,CUST-015,FS7-500W,174,Customer Order
3663,2025-03-12,PLT-AL1,,CUST-015,FS7-500W,177,Customer Order
3664,2025-03-13,PLT-AL1,,CUST-015,FS7-500W,175,Customer Order
3665,2025-03-14,PLT-AL1,,CUST-015,FS7-500W,170,Customer Order
3666,2025-03-17,PLT-AL1,,CUST-015,FS7-500W,183,Customer Order
3667,2025-03-18,PLT-AL1,,CUST-015,FS7-500W,161,Customer Order
3668,2025-03-19,PLT-AL1,,CUST-015,FS7-500W,195,Customer Order
3669,2025-03-20,PLT-AL1,,CUST-015,FS7-500W,183,Customer Order
3670,2025-03-21,PLT-AL1,,CUST-015,FS7-500W,173,Customer Order
3671,2025-03-24,PLT-AL1,,CUST-015,FS7-500W,183,Customer Order
3672,2025-03-25,PLT-AL1,,CUST-015,FS7-500W,154,Customer Order
3673,2025-03-26,PLT-AL1,,CUST-015,FS7-500W,163,Customer Order
3674,2025-03-27,PLT-AL1,,CUST-015,FS7-500W,178,Customer Order
3675,2025-03-28,PLT-AL1,,CUST-015,FS7-500W,167,Customer Order
3676,2025-03-31,PLT-AL1,,CUST-015,FS7-500W,180,Customer Order
3677,2025-04-01,PLT-AL1,,CUST-015,FS7-500W,181,Customer Order
3678,2025-04-02,PLT-AL1,,CUST-015,FS7-500W,195,Forecast
3679,2025-04-03,PLT-AL1,,CUST-015,FS7-500W,180,Forecast
3680,2025-04-04,PLT-AL1,,CUST-015,FS7-500W,191,Forecast
3681,2025-04-07,PLT-AL1,,CUST-015,FS7-500W,198,Forecast
3682,2025-04-08,PLT-AL1,,CUST-015,FS7-500W,186,Forecast
3683,2025-04-09,PLT-AL1,,CUST-015,FS7-500W,192,Forecast
3684,2025-04-10,PLT-AL1,,CUST-015,FS7-500W,179,Forecast
3685,2025-04-11,PLT-AL1,,CUST-015,FS7-500W,202,Forecast
3686,2025-04-14,PLT-AL1,,CUST-015,FS7-500W,186,Forecast
3687,2025-04-15,PLT-AL1,,CUST-015,FS7-500W,209,Forecast
3688,2025-04-16,PLT-AL1,,CUST-015,FS7-500W,182,Forecast
3689,2025-04-17,PLT-AL1,,CUST-015,FS7-500W,178,Forecast
3690,2025-04-18,PLT-AL1,,CUST-015,FS7-500W,175,Forecast
3691,2025-04-21,PLT-AL1,,CUST-015,FS7-500W,196,Forecast
3692,2025-04-22,PLT-AL1,,CUST-015,FS7-500W,180,Forecast
3693,2025-04-23,PLT-AL1,,CUST-015,FS7-500W,174,Forecast
3694,2025-04-24,PLT-AL1,,CUST-015,FS7-500W,182,Forecast
3695,2025-04-25,PLT-AL1,,CUST-015,FS7-500W,180,Forecast
3696,2025-04-28,PLT-AL1,,CUST-015,FS7-500W,189,Forecast
3697,2025-04-29,PLT-AL1,,CUST-015,FS7-500W,187,Forecast
3698,2025-04-30,PLT-AL1,,CUST-015,FS7-500W,176,Forecast
3699,2025-05-01,PLT-AL1,,CUST-015,FS7-500W,213,Forecast
3700,2025-05-02,PLT-AL1,,CUST-015,FS7-500W,176,Forecast
3701,2025-05-05,PLT-AL1,,CUST-015,FS7-500W,206,Forecast
3702,2025-05-06,PLT-AL1,,CUST-015,FS7-500W,177,Forecast
3703,2025-05-07,PLT-AL1,,CUST-015,FS7-500W,192,Forecast
3704,2025-05-08,PLT-AL1,,CUST-015,FS7-500W,215,Forecast
3705,2025-05-09,PLT-AL1,,CUST-015,FS7-500W,208,Forecast
3706,2025-05-12,PLT-AL1,,CUST-015,FS7-500W,193,Forecast
3707,2025-05-13,PLT-AL1,,CUST-015,FS7-500W,202,Forecast
3708,2025-05-14,PLT-AL1,,CUST-015,FS7-500W,205,Forecast
3709,2025-05-15,PLT-AL1,,CUST-015,FS7-500W,183,Forecast
3710,2025-05-16,PLT-AL1,,CUST-015,FS7-500W,195,Forecast
3711,2025-05-19,PLT-AL1,,CUST-015,FS7-500W,195,Forecast
3712,2025-05-20,PLT-AL1,,CUST-015,FS7-500W,188,Forecast
3713,2025-05-21,PLT-AL1,,CUST-015,FS7-500W,201,Forecast
3714,2025-05-22,PLT-AL1,,CUST-015,FS7-500W,172,Forecast
3715,2025-05-23,PLT-AL1,,CUST-015,FS7-500W,207,Forecast
3716,2025-05-26,PLT-AL1,,CUST-015,FS7-500W,191,Forecast
3717,2025-05-27,PLT-AL1,,CUST-015,FS7-500W,198,Forecast
3718,2025-05-28,PLT-AL1,,CUST-015,FS7-500W,190,Forecast
3719,2025-05-29,PLT-AL1,,CUST-015,FS7-500W,185,Forecast
3720,2025-05-30,PLT-AL1,,CUST-015,FS7-500W,186,Forecast
3721,2025-06-02,PLT-AL1,,CUST-015,FS7-500W,184,Forecast
3722,2025-06-03,PLT-AL1,,CUST-015,FS7-500W,201,Forecast
3723,2025-06-04,PLT-AL1,,CUST-015,FS7-500W,171,Forecast
3724,2025-06-05,PLT-AL1,,CUST-015,FS7-500W,161,Forecast
3725,2025-06-06,PLT-AL1,,CUST-015,FS7-500W,165,Forecast
3726,2025-06-09,PLT-AL1,,CUST-015,FS7-500W,198,Forecast
3727,2025-06-10,PLT-AL1,,CUST-015,FS7-500W,202,Forecast
3728,2025-06-11,PLT-AL1,,CUST-015,FS7-500W,169,Forecast
3729,2025-06-12,PLT-AL1,,CUST-015,FS7-500W,185,Forecast
3730,2025-06-13,PLT-AL1,,CUST-015,FS7-500W,188,Forecast
3731,2025-06-16,PLT-AL1,,CUST-015,FS7-500W,168,Forecast
3732,2025-06-17,PLT-AL1,,CUST-015,FS7-500W,194,Forecast
3733,2025-06-18,PLT-AL1,,CUST-015,FS7-500W,175,Forecast
3734,2025-06-19,PLT-AL1,,CUST-015,FS7-500W,189,Forecast
3735,2025-06-20,PLT-AL1,,CUST-015,FS7-500W,181,Forecast
3736,2025-06-23,PLT-AL1,,CUST-015,FS7-500W,192,Forecast
3737,2025-06-24,PLT-AL1,,CUST-015,FS7-500W,199,Forecast
3738,2025-06-25,PLT-AL1,,CUST-015,FS7-500W,177,Forecast
3739,2025-06-26,PLT-AL1,,CUST-015,FS7-500W,172,Forecast
3740,2025-06-27,PLT-AL1,,CUST-015,FS7-500W,188,Forecast
3741,2025-06-30,PLT-AL1,,CUST-015,FS7-500W,166,Forecast
