po_id,po_date,plant_id,supplier_id,material_id,ordered_qty,unit_price,po_value,requested_delivery_date,expected_delivery_date,actual_delivery_date,po_status,is_rush,expediting_cost
PO-000001,2025-01-01,PLT-OH1,SUP-003,MAT-001,92128,30.9422,2850643.0016,2025-02-10,2025-02-15,2025-02-10,Received,False,0.0
PO-000002,2025-01-15,PLT-OH1,SUP-003,MAT-001,98258,30.9422,3040318.6876,2025-02-24,2025-03-01,2025-02-24,Received,False,0.0
PO-000003,2025-02-03,PLT-OH1,SUP-003,MAT-001,108794,30.9422,3366325.7068,2025-03-15,2025-03-18,2025-03-15,Received,False,0.0
PO-000004,2025-02-17,PLT-OH1,SUP-003,MAT-001,105283,30.9422,3257687.6426,2025-03-29,2025-03-29,2025-03-29,Received,False,0.0
PO-000005,2025-03-03,PLT-OH1,SUP-003,MAT-001,98289,30.9422,3041277.8958,2025-04-12,2025-04-14,,In Transit,False,0.0
PO-000006,2025-03-17,PLT-OH1,SUP-003,MAT-001,98483,30.9422,3047280.6826,2025-04-26,2025-05-01,,In Transit,False,0.0
PO-000007,2025-04-01,PLT-OH1,SUP-003,MAT-001,109822,30.9422,3398134.2884,2025-05-11,2025-05-15,,In Transit,False,0.0
PO-000008,2025-04-15,PLT-OH1,SUP-003,MAT-001,87484,30.9422,2706947.4248,2025-05-25,2025-05-28,,Open,False,0.0
PO-000009,2025-05-01,PLT-OH1,SUP-003,MAT-001,110051,30.9422,3405220.0522,2025-06-10,2025-06-15,,Open,False,0.0
PO-000010,2025-05-15,PLT-OH1,SUP-003,MAT-001,83513,30.9422,2584075.9486,2025-06-24,2025-07-01,,Open,False,0.0
PO-000011,2025-06-02,PLT-OH1,SUP-003,MAT-001,86311,30.9422,2670652.2242,2025-07-12,2025-07-12,,Open,False,0.0
PO-000012,2025-06-16,PLT-OH1,SUP-003,MAT-001,95677,30.9422,2960456.8694,2025-07-26,2025-07-29,,Open,False,0.0
PO-000013,2025-01-01,PLT-OH1,SUP-003,MAT-002,93822,23.2977,2185836.8094,2025-02-10,2025-02-13,2025-02-10,Received,False,0.0
PO-000014,2025-01-15,PLT-OH1,SUP-003,MAT-002,105225,23.2977,2451500.4825,2025-02-24,2025-02-26,2025-02-24,Received,False,0.0
PO-000015,2025-02-03,PLT-OH1,SUP-003,MAT-002,97509,23.2977,2271735.4293,2025-03-15,2025-03-17,2025-03-15,Received,False,0.0
PO-000016,2025-02-17,PLT-OH1,SUP-003,MAT-002,104805,23.2977,2441715.4485,2025-03-29,2025-04-07,2025-03-29,Received,False,0.0
PO-000017,2025-03-03,PLT-OH1,SUP-003,MAT-002,93179,23.2977,2170856.3883,2025-04-12,2025-04-15,,In Transit,False,0.0
PO-000018,2025-03-17,PLT-OH1,SUP-003,MAT-002,88857,23.2977,2070163.7289,2025-04-26,2025-05-01,,In Transit,False,0.0
PO-000019,2025-04-01,PLT-OH1,SUP-003,MAT-002,96671,23.2977,2252211.9567,2025-05-11,2025-05-11,,In Transit,False,0.0
PO-000020,2025-04-15,PLT-OH1,SUP-003,MAT-002,82928,23.2977,1932031.6656,2025-05-25,2025-05-31,,Open,False,0.0
PO-000021,2025-05-01,PLT-OH1,SUP-003,MAT-002,110789,23.2977,2581128.8853,2025-06-10,2025-06-15,,Open,False,0.0
PO-000022,2025-05-15,PLT-OH1,SUP-003,MAT-002,110326,23.2977,2570342.0502,2025-06-24,2025-06-30,,Open,False,0.0
PO-000023,2025-06-02,PLT-OH1,SUP-003,MAT-002,110332,23.2977,2570481.8364,2025-07-12,2025-07-15,,Open,False,0.0
PO-000024,2025-06-16,PLT-OH1,SUP-003,MAT-002,111902,23.2977,2607059.2254,2025-07-26,2025-08-01,,Open,False,0.0
PO-000025,2025-01-01,PLT-OH1,SUP-003,MAT-004,2166,92.482,200316.012,2025-02-10,2025-01-14,2025-02-10,Received,True,23536.4128
PO-000026,2025-01-15,PLT-OH1,SUP-003,MAT-004,2178,92.482,201425.796,2025-02-24,2025-01-28,2025-02-24,Received,True,22019.674
PO-000027,2025-02-03,PLT-OH1,SUP-003,MAT-004,1660,92.482,153520.12,2025-03-15,2025-03-22,2025-03-15,Received,False,0.0
PO-000028,2025-02-17,PLT-OH1,SUP-003,MAT-004,2099,92.482,194119.718,2025-03-29,2025-03-02,2025-03-29,Received,True,20609.0342
PO-000029,2025-03-03,PLT-OH1,SUP-003,MAT-004,2040,92.482,188663.28,2025-04-12,2025-04-14,,In Transit,False,0.0
PO-000030,2025-03-17,PLT-OH1,SUP-003,MAT-004,1899,92.482,175623.318,2025-04-26,2025-04-28,,In Transit,False,0.0
PO-000031,2025-04-01,PLT-OH1,SUP-003,MAT-004,2088,92.482,193102.416,2025-05-11,2025-05-16,,In Transit,False,0.0
PO-000032,2025-04-15,PLT-OH1,SUP-003,MAT-004,2168,92.482,200500.976,2025-05-25,2025-05-27,,Open,False,0.0
PO-000033,2025-05-01,PLT-OH1,SUP-003,MAT-004,1672,92.482,154629.904,2025-06-10,2025-06-16,,Open,False,0.0
PO-000034,2025-05-15,PLT-OH1,SUP-003,MAT-004,2019,92.482,186721.158,2025-06-24,2025-06-28,,Open,False,0.0
PO-000035,2025-06-02,PLT-OH1,SUP-003,MAT-004,2017,92.482,186536.194,2025-07-12,2025-07-12,,Open,True,9664.0862
PO-000036,2025-06-16,PLT-OH1,SUP-003,MAT-004,2173,92.482,200963.386,2025-07-26,2025-08-01,,Open,True,22315.371
PO-000037,2025-01-01,PLT-OH1,SUP-006,MAT-005,504,326.5448,164578.5792,2025-03-12,2025-03-20,2025-03-12,Received,False,0.0
PO-000038,2025-01-15,PLT-OH1,SUP-006,MAT-005,526,326.5448,171762.5648,2025-03-26,2025-03-29,2025-03-26,Received,False,0.0
PO-000039,2025-02-03,PLT-OH1,SUP-006,MAT-005,512,326.5448,167190.9376,2025-04-14,2025-04-21,,In Transit,False,0.0
PO-000040,2025-02-17,PLT-OH1,SUP-006,MAT-005,578,326.5448,188742.8944,2025-04-28,2025-05-05,,In Transit,False,0.0
PO-000041,2025-03-03,PLT-OH1,SUP-006,MAT-005,520,326.5448,169803.296,2025-05-12,2025-05-12,,In Transit,False,0.0
PO-000042,2025-03-17,PLT-OH1,SUP-006,MAT-005,551,326.5448,179926.1848,2025-05-26,2025-05-28,,In Transit,False,0.0
PO-000043,2025-04-01,PLT-OH1,SUP-006,MAT-005,553,326.5448,180579.2744,2025-06-10,2025-06-20,,In Transit,False,0.0
PO-000044,2025-04-15,PLT-OH1,SUP-006,MAT-005,622,326.5448,203110.8656,2025-06-24,2025-07-05,,Open,False,0.0
PO-000045,2025-05-01,PLT-OH1,SUP-006,MAT-005,642,326.5448,209641.7616,2025-07-10,2025-07-12,,Open,False,0.0
PO-000046,2025-05-15,PLT-OH1,SUP-006,MAT-005,535,326.5448,174701.468,2025-07-24,2025-07-26,,Open,False,0.0
PO-000047,2025-06-02,PLT-OH1,SUP-006,MAT-005,536,326.5448,175028.0128,2025-08-11,2025-08-12,,Open,False,0.0
PO-000048,2025-06-16,PLT-OH1,SUP-006,MAT-005,622,326.5448,203110.8656,2025-08-25,2025-09-03,,Open,False,0.0
PO-000049,2025-01-01,PLT-OH1,SUP-004,MAT-006,172,204.2487,35130.7764,2025-03-12,2025-03-22,2025-03-12,Received,False,0.0
PO-000050,2025-01-15,PLT-OH1,SUP-004,MAT-006,183,204.2487,37377.5121,2025-03-26,2025-04-04,2025-03-26,Received,False,0.0
PO-000051,2025-02-03,PLT-OH1,SUP-004,MAT-006,196,204.2487,40032.7452,2025-04-14,2025-04-26,,In Transit,False,0.0
PO-000052,2025-02-17,PLT-OH1,SUP-004,MAT-006,218,204.2487,44526.2166,2025-04-28,2025-05-08,,In Transit,False,0.0
PO-000053,2025-03-03,PLT-OH1,SUP-004,MAT-006,174,204.2487,35539.2738,2025-05-12,2025-05-12,,In Transit,False,0.0
PO-000054,2025-03-17,PLT-OH1,SUP-004,MAT-006,209,204.2487,42687.9783,2025-05-26,2025-05-26,,In Transit,False,0.0
PO-000055,2025-04-01,PLT-OH1,SUP-004,MAT-006,212,204.2487,43300.7244,2025-06-10,2025-06-12,,In Transit,False,0.0
PO-000056,2025-04-15,PLT-OH1,SUP-004,MAT-006,202,204.2487,41258.2374,2025-06-24,2025-06-27,,Open,False,0.0
PO-000057,2025-05-01,PLT-OH1,SUP-004,MAT-006,175,204.2487,35743.5225,2025-07-10,2025-07-19,,Open,False,0.0
PO-000058,2025-05-15,PLT-OH1,SUP-004,MAT-006,194,204.2487,39624.2478,2025-07-24,2025-07-27,,Open,False,0.0
PO-000059,2025-06-02,PLT-OH1,SUP-004,MAT-006,202,204.2487,41258.2374,2025-08-11,2025-08-20,,Open,False,0.0
PO-000060,2025-06-16,PLT-OH1,SUP-004,MAT-006,189,204.2487,38603.0043,2025-08-25,2025-09-01,,Open,False,0.0
PO-000061,2025-01-01,PLT-OH1,SUP-005,MAT-007,303,185.9755,56350.5765,2025-03-02,2025-03-06,2025-03-02,Received,False,0.0
PO-000062,2025-01-15,PLT-OH1,SUP-005,MAT-007,306,185.9755,56908.503,2025-03-16,2025-03-18,2025-03-16,Received,False,0.0
PO-000063,2025-02-03,PLT-OH1,SUP-005,MAT-007,271,185.9755,50399.3605,2025-04-04,2025-04-16,,In Transit,False,0.0
PO-000064,2025-02-17,PLT-OH1,SUP-005,MAT-007,296,185.9755,55048.748,2025-04-18,2025-04-23,,In Transit,False,0.0
PO-000065,2025-03-03,PLT-OH1,SUP-005,MAT-007,315,185.9755,58582.2825,2025-05-02,2025-05-07,,In Transit,False,0.0
PO-000066,2025-03-17,PLT-OH1,SUP-005,MAT-007,286,185.9755,53188.993,2025-05-16,2025-04-06,,In Transit,True,4682.3502
PO-000067,2025-04-01,PLT-OH1,SUP-005,MAT-007,268,185.9755,49841.434,2025-05-31,2025-06-01,,In Transit,False,0.0
PO-000068,2025-04-15,PLT-OH1,SUP-005,MAT-007,296,185.9755,55048.748,2025-06-14,2025-06-19,,Open,False,0.0
PO-000069,2025-05-01,PLT-OH1,SUP-005,MAT-007,275,185.9755,51143.2625,2025-06-30,2025-07-01,,Open,False,0.0
PO-000070,2025-05-15,PLT-OH1,SUP-005,MAT-007,333,185.9755,61929.8415,2025-07-14,2025-07-16,,Open,False,0.0
PO-000071,2025-06-02,PLT-OH1,SUP-005,MAT-007,283,185.9755,52631.0665,2025-08-01,2025-08-09,,Open,False,0.0
PO-000072,2025-06-16,PLT-OH1,SUP-005,MAT-007,265,185.9755,49283.5075,2025-08-15,2025-08-18,,Open,False,0.0
PO-000073,2025-01-01,PLT-OH1,SUP-005,MAT-008,105,450.6228,47315.394,2025-03-02,2025-03-10,2025-03-02,Received,False,0.0
PO-000074,2025-01-15,PLT-OH1,SUP-005,MAT-008,100,450.6228,45062.28,2025-03-16,2025-03-24,2025-03-16,Received,False,0.0
PO-000075,2025-02-03,PLT-OH1,SUP-005,MAT-008,84,450.6228,37852.3152,2025-04-04,2025-04-07,,In Transit,False,0.0
PO-000076,2025-02-17,PLT-OH1,SUP-005,MAT-008,103,450.6228,46414.1484,2025-04-18,2025-04-23,,In Transit,False,0.0
PO-000077,2025-03-03,PLT-OH1,SUP-005,MAT-008,87,450.6228,39204.1836,2025-05-02,2025-05-12,,In Transit,False,0.0
PO-000078,2025-03-17,PLT-OH1,SUP-005,MAT-008,108,450.6228,48667.2624,2025-05-16,2025-05-24,,In Transit,False,0.0
PO-000079,2025-04-01,PLT-OH1,SUP-005,MAT-008,110,450.6228,49568.508,2025-05-31,2025-06-04,,In Transit,False,0.0
PO-000080,2025-04-15,PLT-OH1,SUP-005,MAT-008,84,450.6228,37852.3152,2025-06-14,2025-06-20,,Open,False,0.0
PO-000081,2025-05-01,PLT-OH1,SUP-005,MAT-008,91,450.6228,41006.6748,2025-06-30,2025-07-06,,Open,False,0.0
PO-000082,2025-05-15,PLT-OH1,SUP-005,MAT-008,109,450.6228,49117.8852,2025-07-14,2025-07-16,,Open,False,0.0
PO-000083,2025-06-02,PLT-OH1,SUP-005,MAT-008,104,450.6228,46864.7712,2025-08-01,2025-08-02,,Open,False,0.0
PO-000084,2025-06-16,PLT-OH1,SUP-005,MAT-008,90,450.6228,40556.052,2025-08-15,2025-08-19,,Open,False,0.0
PO-000085,2025-01-01,PLT-OH1,SUP-007,MAT-011,177622,6.6961,1189374.6742,2025-01-31,2025-02-01,2025-01-31,Received,False,0.0
PO-000086,2025-01-15,PLT-OH1,SUP-007,MAT-011,168891,6.6961,1130911.0251,2025-02-14,2025-02-16,2025-02-14,Received,False,0.0
PO-000087,2025-02-03,PLT-OH1,SUP-007,MAT-011,210076,6.6961,1406689.9036,2025-03-05,2025-03-11,2025-03-09,Received,False,0.0
PO-000088,2025-02-17,PLT-OH1,SUP-007,MAT-011,211344,6.6961,1415180.5584,2025-03-19,2025-03-22,2025-03-19,Received,False,0.0
PO-000089,2025-03-03,PLT-OH1,SUP-007,MAT-011,179947,6.6961,1204943.1067,2025-04-02,2025-04-06,,In Transit,False,0.0
PO-000090,2025-03-17,PLT-OH1,SUP-007,MAT-011,173633,6.6961,1162663.9313,2025-04-16,2025-04-19,,In Transit,False,0.0
PO-000091,2025-04-01,PLT-OH1,SUP-007,MAT-011,191321,6.6961,1281104.5481,2025-05-01,2025-05-01,,In Transit,False,0.0
PO-000092,2025-04-15,PLT-OH1,SUP-007,MAT-011,202612,6.6961,1356710.2132,2025-05-15,2025-05-16,,Open,False,0.0
PO-000093,2025-05-01,PLT-OH1,SUP-007,MAT-011,210489,6.6961,1409455.3929,2025-05-31,2025-06-03,,Open,False,0.0
PO-000094,2025-05-15,PLT-OH1,SUP-007,MAT-011,203994,6.6961,1365964.2234,2025-06-14,2025-06-15,,Open,False,0.0
PO-000095,2025-06-02,PLT-OH1,SUP-007,MAT-011,197036,6.6961,1319372.7596,2025-07-02,2025-07-04,,Open,False,0.0
PO-000096,2025-06-16,PLT-OH1,SUP-007,MAT-011,169544,6.6961,1135283.5784,2025-07-16,2025-07-21,,Open,False,0.0
PO-000097,2025-01-01,PLT-OH1,SUP-007,MAT-012,216536,3.8512,833923.4432,2025-01-31,2025-02-02,2025-01-31,Received,False,0.0
PO-000098,2025-01-15,PLT-OH1,SUP-007,MAT-012,172021,3.8512,662487.2752,2025-02-14,2025-02-17,2025-02-14,Received,False,0.0
PO-000099,2025-02-03,PLT-OH1,SUP-007,MAT-012,209718,3.8512,807665.9616,2025-03-05,2025-03-07,2025-03-05,Received,False,0.0
PO-000100,2025-02-17,PLT-OH1,SUP-007,MAT-012,179522,3.8512,691375.1264,2025-03-19,2025-03-22,2025-03-19,Received,False,0.0
PO-000101,2025-03-03,PLT-OH1,SUP-007,MAT-012,190054,3.8512,731935.9648,2025-04-02,2025-04-04,,In Transit,False,0.0
PO-000102,2025-03-17,PLT-OH1,SUP-007,MAT-012,218258,3.8512,840555.2096,2025-04-16,2025-04-19,,In Transit,False,0.0
PO-000103,2025-04-01,PLT-OH1,SUP-007,MAT-012,204376,3.8512,787092.8512,2025-05-01,2025-05-01,,In Transit,False,0.0
PO-000104,2025-04-15,PLT-OH1,SUP-007,MAT-012,166188,3.8512,640023.2256,2025-05-15,2025-05-18,,Open,False,0.0
PO-000105,2025-05-01,PLT-OH1,SUP-007,MAT-012,179606,3.8512,691698.6272,2025-05-31,2025-06-03,,Open,False,0.0
PO-000106,2025-05-15,PLT-OH1,SUP-007,MAT-012,204298,3.8512,786792.4576,2025-06-14,2025-06-17,,Open,False,0.0
PO-000107,2025-06-02,PLT-OH1,SUP-007,MAT-012,198169,3.8512,763188.4528,2025-07-02,2025-07-05,,Open,False,0.0
PO-000108,2025-06-16,PLT-OH1,SUP-007,MAT-012,200853,3.8512,773525.0736,2025-07-16,2025-07-19,,Open,False,0.0
PO-000109,2025-01-01,PLT-OH1,SUP-007,MAT-013,83946,2.307,193663.422,2025-01-31,2025-01-31,2025-01-31,Received,False,0.0
PO-000110,2025-01-15,PLT-OH1,SUP-007,MAT-013,99521,2.307,229594.947,2025-02-14,2025-02-16,2025-02-14,Received,False,0.0
PO-000111,2025-02-03,PLT-OH1,SUP-007,MAT-013,99653,2.307,229899.471,2025-03-05,2025-03-08,2025-03-05,Received,False,0.0
PO-000112,2025-02-17,PLT-OH1,SUP-007,MAT-013,103686,2.307,239203.602,2025-03-19,2025-02-27,2025-03-19,Received,True,22795.1927
PO-000113,2025-03-03,PLT-OH1,SUP-007,MAT-013,96167,2.307,221857.269,2025-04-02,2025-04-05,,In Transit,False,0.0
PO-000114,2025-03-17,PLT-OH1,SUP-007,MAT-013,106456,2.307,245593.992,2025-04-16,2025-04-16,,In Transit,False,0.0
PO-000115,2025-04-01,PLT-OH1,SUP-007,MAT-013,89024,2.307,205378.368,2025-05-01,2025-05-01,,In Transit,False,0.0
PO-000116,2025-04-15,PLT-OH1,SUP-007,MAT-013,91249,2.307,210511.443,2025-05-15,2025-05-15,,Open,False,0.0
PO-000117,2025-05-01,PLT-OH1,SUP-007,MAT-013,104001,2.307,239930.307,2025-05-31,2025-06-02,,Open,False,0.0
PO-000118,2025-05-15,PLT-OH1,SUP-007,MAT-013,93185,2.307,214977.795,2025-06-14,2025-06-16,,Open,False,0.0
PO-000119,2025-06-02,PLT-OH1,SUP-007,MAT-013,111139,2.307,256397.673,2025-07-02,2025-07-05,,Open,False,0.0
PO-000120,2025-06-16,PLT-OH1,SUP-007,MAT-013,105596,2.307,243609.972,2025-07-16,2025-07-18,,Open,False,0.0
PO-000121,2025-01-01,PLT-OH1,SUP-008,MAT-014,105155,0.8685,91327.1175,2025-01-28,2025-02-03,2025-01-28,Received,False,0.0
PO-000122,2025-01-15,PLT-OH1,SUP-008,MAT-014,98694,0.8685,85715.739,2025-02-11,2025-02-13,2025-02-11,Received,False,0.0
PO-000123,2025-02-03,PLT-OH1,SUP-008,MAT-014,105516,0.8685,91640.646,2025-03-02,2025-03-02,2025-03-02,Received,False,0.0
PO-000124,2025-02-17,PLT-OH1,SUP-008,MAT-014,92460,0.8685,80301.51,2025-03-16,2025-03-22,2025-03-16,Received,False,0.0
PO-000125,2025-03-03,PLT-OH1,SUP-008,MAT-014,110915,0.8685,96329.6775,2025-03-30,2025-04-04,2025-03-30,Received,False,0.0
PO-000126,2025-03-17,PLT-OH1,SUP-008,MAT-014,85357,0.8685,74132.5545,2025-04-13,2025-04-16,,In Transit,False,0.0
PO-000127,2025-04-01,PLT-OH1,SUP-008,MAT-014,101385,0.8685,88052.8725,2025-04-28,2025-04-30,,In Transit,False,0.0
PO-000128,2025-04-15,PLT-OH1,SUP-008,MAT-014,107706,0.8685,93542.661,2025-05-12,2025-05-14,,Open,False,0.0
PO-000129,2025-05-01,PLT-OH1,SUP-008,MAT-014,106244,0.8685,92272.914,2025-05-28,2025-06-03,,Open,False,0.0
PO-000130,2025-05-15,PLT-OH1,SUP-008,MAT-014,87365,0.8685,75876.5025,2025-06-11,2025-06-11,,Open,False,0.0
PO-000131,2025-06-02,PLT-OH1,SUP-008,MAT-014,85971,0.8685,74665.8135,2025-06-29,2025-07-03,,Open,False,0.0
PO-000132,2025-06-16,PLT-OH1,SUP-008,MAT-014,103159,0.8685,89593.5915,2025-07-13,2025-07-19,,Open,False,0.0
PO-000133,2025-01-01,PLT-OH1,SUP-008,MAT-015,99063,1.1685,115755.1155,2025-01-28,2025-01-28,2025-01-28,Received,False,0.0
PO-000134,2025-01-15,PLT-OH1,SUP-008,MAT-015,88515,1.1685,103429.7775,2025-02-11,2025-02-14,2025-02-11,Received,False,0.0
PO-000135,2025-02-03,PLT-OH1,SUP-008,MAT-015,107596,1.1685,125725.926,2025-03-02,2025-03-04,2025-03-02,Received,False,0.0
PO-000136,2025-02-17,PLT-OH1,SUP-008,MAT-015,94299,1.1685,110188.3815,2025-03-16,2025-03-18,2025-03-16,Received,False,0.0
PO-000137,2025-03-03,PLT-OH1,SUP-008,MAT-015,100625,1.1685,117580.3125,2025-03-30,2025-03-31,2025-03-30,Received,False,0.0
PO-000138,2025-03-17,PLT-OH1,SUP-008,MAT-015,95636,1.1685,111750.666,2025-04-13,2025-03-26,,In Transit,True,9874.1888
PO-000139,2025-04-01,PLT-OH1,SUP-008,MAT-015,83486,1.1685,97553.391,2025-04-28,2025-04-29,,In Transit,False,0.0
PO-000140,2025-04-15,PLT-OH1,SUP-008,MAT-015,108265,1.1685,126507.6525,2025-05-12,2025-05-13,,Open,False,0.0
PO-000141,2025-05-01,PLT-OH1,SUP-008,MAT-015,86961,1.1685,101613.9285,2025-05-28,2025-05-28,,Open,False,0.0
PO-000142,2025-05-15,PLT-OH1,SUP-008,MAT-015,107751,1.1685,125907.0435,2025-06-11,2025-06-14,,Open,False,0.0
PO-000143,2025-06-02,PLT-OH1,SUP-008,MAT-015,94818,1.1685,110794.833,2025-06-29,2025-06-30,,Open,False,0.0
PO-000144,2025-06-16,PLT-OH1,SUP-008,MAT-015,94754,1.1685,110720.049,2025-07-13,2025-07-16,,Open,False,0.0
PO-000145,2025-01-01,PLT-OH1,SUP-018,MAT-018,505,17.9998,9089.899,2025-01-30,2025-02-01,2025-02-11,Received,False,0.0
PO-000146,2025-01-15,PLT-OH1,SUP-018,MAT-018,517,17.9998,9305.8966,2025-02-13,2025-02-15,2025-02-13,Received,False,0.0
PO-000147,2025-02-03,PLT-OH1,SUP-018,MAT-018,477,17.9998,8585.9046,2025-03-04,2025-03-06,2025-03-08,Received,False,0.0
PO-000148,2025-02-17,PLT-OH1,SUP-018,MAT-018,492,17.9998,8855.9016,2025-03-18,2025-03-20,2025-03-18,Received,False,0.0
PO-000149,2025-03-03,PLT-OH1,SUP-018,MAT-018,539,17.9998,9701.8922,2025-04-01,2025-04-05,2025-04-01,Received,False,0.0
PO-000150,2025-03-17,PLT-OH1,SUP-018,MAT-018,498,17.9998,8963.9004,2025-04-15,2025-04-19,,In Transit,False,0.0
PO-000151,2025-04-01,PLT-OH1,SUP-018,MAT-018,517,17.9998,9305.8966,2025-04-30,2025-05-06,,In Transit,False,0.0
PO-000152,2025-04-15,PLT-OH1,SUP-018,MAT-018,534,17.9998,9611.8932,2025-05-14,2025-05-16,,Open,False,0.0
PO-000153,2025-05-01,PLT-OH1,SUP-018,MAT-018,518,17.9998,9323.8964,2025-05-30,2025-06-03,,Open,False,0.0
PO-000154,2025-05-15,PLT-OH1,SUP-018,MAT-018,533,17.9998,9593.8934,2025-06-13,2025-06-15,,Open,False,0.0
PO-000155,2025-06-02,PLT-OH1,SUP-018,MAT-018,497,17.9998,8945.9006,2025-07-01,2025-07-04,,Open,True,834.7994
PO-000156,2025-06-16,PLT-OH1,SUP-018,MAT-018,500,17.9998,8999.9,2025-07-15,2025-07-15,,Open,True,1077.3348
PO-000157,2025-01-01,PLT-OH1,SUP-009,MAT-019,297192,0.6327,188033.3784,2025-01-25,2025-01-27,2025-01-25,Received,False,0.0
PO-000158,2025-01-15,PLT-OH1,SUP-009,MAT-019,289893,0.6327,183415.3011,2025-02-08,2025-02-10,2025-02-08,Received,False,0.0
PO-000159,2025-02-03,PLT-OH1,SUP-009,MAT-019,253878,0.6327,160628.6106,2025-02-27,2025-03-04,2025-02-27,Received,False,0.0
PO-000160,2025-02-17,PLT-OH1,SUP-009,MAT-019,250565,0.6327,158532.4755,2025-03-13,2025-03-14,2025-03-13,Received,False,0.0
PO-000161,2025-03-03,PLT-OH1,SUP-009,MAT-019,334523,0.6327,211652.7021,2025-03-27,2025-03-31,2025-03-27,Received,False,0.0
PO-000162,2025-03-17,PLT-OH1,SUP-009,MAT-019,309212,0.6327,195638.4324,2025-04-10,2025-04-14,,In Transit,False,0.0
PO-000163,2025-04-01,PLT-OH1,SUP-009,MAT-019,318076,0.6327,201246.6852,2025-04-25,2025-04-26,,In Transit,False,0.0
PO-000164,2025-04-15,PLT-OH1,SUP-009,MAT-019,315264,0.6327,199467.5328,2025-05-09,2025-05-13,,Open,False,0.0
PO-000165,2025-05-01,PLT-OH1,SUP-009,MAT-019,275690,0.6327,174429.063,2025-05-25,2025-05-30,,Open,True,16164.6222
PO-000166,2025-05-15,PLT-OH1,SUP-009,MAT-019,314227,0.6327,198811.4229,2025-06-08,2025-06-08,,Open,False,0.0
PO-000167,2025-06-02,PLT-OH1,SUP-009,MAT-019,301912,0.6327,191019.7224,2025-06-26,2025-07-01,,Open,False,0.0
PO-000168,2025-06-16,PLT-OH1,SUP-009,MAT-019,262268,0.6327,165936.9636,2025-07-10,2025-07-14,,Open,False,0.0
PO-000169,2025-01-01,PLT-OH1,SUP-009,MAT-020,263262,0.4188,110254.1256,2025-01-25,2025-01-25,2025-01-25,Received,False,0.0
PO-000170,2025-01-15,PLT-OH1,SUP-009,MAT-020,254188,0.4188,106453.9344,2025-02-08,2025-02-08,2025-02-08,Received,False,0.0
PO-000171,2025-02-03,PLT-OH1,SUP-009,MAT-020,213664,0.4188,89482.4832,2025-02-27,2025-03-02,2025-02-27,Received,False,0.0
PO-000172,2025-02-17,PLT-OH1,SUP-009,MAT-020,265538,0.4188,111207.3144,2025-03-13,2025-03-15,2025-03-13,Received,False,0.0
PO-000173,2025-03-03,PLT-OH1,SUP-009,MAT-020,220147,0.4188,92197.5636,2025-03-27,2025-03-30,2025-03-27,Received,False,0.0
PO-000174,2025-03-17,PLT-OH1,SUP-009,MAT-020,270950,0.4188,113473.86,2025-04-10,2025-04-12,,In Transit,False,0.0
PO-000175,2025-04-01,PLT-OH1,SUP-009,MAT-020,236089,0.4188,98874.0732,2025-04-25,2025-04-27,,In Transit,False,0.0
PO-000176,2025-04-15,PLT-OH1,SUP-009,MAT-020,239760,0.4188,100411.488,2025-05-09,2025-05-11,,Open,False,0.0
PO-000177,2025-05-01,PLT-OH1,SUP-009,MAT-020,208280,0.4188,87227.664,2025-05-25,2025-05-25,,Open,False,0.0
PO-000178,2025-05-15,PLT-OH1,SUP-009,MAT-020,256619,0.4188,107472.0372,2025-06-08,2025-06-08,,Open,False,0.0
PO-000179,2025-06-02,PLT-OH1,SUP-009,MAT-020,277120,0.4188,116057.856,2025-06-26,2025-06-26,,Open,False,0.0
PO-000180,2025-06-16,PLT-OH1,SUP-009,MAT-020,230647,0.4188,96594.9636,2025-07-10,2025-07-12,,Open,False,0.0
PO-000181,2025-01-01,PLT-OH1,SUP-018,MAT-021,194048,0.2821,54740.9408,2025-01-30,2025-02-03,2025-01-30,Received,False,0.0
PO-000182,2025-01-15,PLT-OH1,SUP-018,MAT-021,175070,0.2821,49387.247,2025-02-13,2025-02-14,2025-02-15,Received,False,0.0
PO-000183,2025-02-03,PLT-OH1,SUP-018,MAT-021,180404,0.2821,50891.9684,2025-03-04,2025-03-05,2025-03-04,Received,False,0.0
PO-000184,2025-02-17,PLT-OH1,SUP-018,MAT-021,175549,0.2821,49522.3729,2025-03-18,2025-03-22,2025-03-18,Received,False,0.0
PO-000185,2025-03-03,PLT-OH1,SUP-018,MAT-021,150927,0.2821,42576.5067,2025-04-01,2025-04-03,2025-04-03,Received,False,0.0
PO-000186,2025-03-17,PLT-OH1,SUP-018,MAT-021,198025,0.2821,55862.8525,2025-04-15,2025-04-19,,In Transit,False,0.0
PO-000187,2025-04-01,PLT-OH1,SUP-018,MAT-021,176136,0.2821,49687.9656,2025-04-30,2025-05-01,,In Transit,False,0.0
PO-000188,2025-04-15,PLT-OH1,SUP-018,MAT-021,180603,0.2821,50948.1063,2025-05-14,2025-05-16,,Open,False,0.0
PO-000189,2025-05-01,PLT-OH1,SUP-018,MAT-021,198171,0.2821,55904.0391,2025-05-30,2025-06-03,,Open,False,0.0
PO-000190,2025-05-15,PLT-OH1,SUP-018,MAT-021,192599,0.2821,54332.1779,2025-06-13,2025-06-13,,Open,False,0.0
PO-000191,2025-06-02,PLT-OH1,SUP-018,MAT-021,184030,0.2821,51914.863,2025-07-01,2025-07-02,,Open,True,3490.5245
PO-000192,2025-06-16,PLT-OH1,SUP-018,MAT-021,161473,0.2821,45551.5333,2025-07-15,2025-07-16,,Open,False,0.0
PO-000193,2025-01-01,PLT-OH1,SUP-012,MAT-022,847,94.6936,80205.4792,2025-01-30,2025-01-10,2025-02-07,Received,True,4339.4126
PO-000194,2025-01-15,PLT-OH1,SUP-012,MAT-022,851,94.6936,80584.2536,2025-02-13,2025-02-17,2025-02-13,Received,False,0.0
PO-000195,2025-02-03,PLT-OH1,SUP-012,MAT-022,685,94.6936,64865.116,2025-03-04,2025-03-06,2025-03-04,Received,False,0.0
PO-000196,2025-02-17,PLT-OH1,SUP-012,MAT-022,875,94.6936,82856.9,2025-03-18,2025-03-22,2025-03-18,Received,False,0.0
PO-000197,2025-03-03,PLT-OH1,SUP-012,MAT-022,754,94.6936,71398.9744,2025-04-01,2025-04-03,2025-04-01,Received,False,0.0
PO-000198,2025-03-17,PLT-OH1,SUP-012,MAT-022,693,94.6936,65622.6648,2025-04-15,2025-04-18,,In Transit,False,0.0
PO-000199,2025-04-01,PLT-OH1,SUP-012,MAT-022,756,94.6936,71588.3616,2025-04-30,2025-04-30,,In Transit,False,0.0
PO-000200,2025-04-15,PLT-OH1,SUP-012,MAT-022,776,94.6936,73482.2336,2025-05-14,2025-05-17,,Open,False,0.0
PO-000201,2025-05-01,PLT-OH1,SUP-012,MAT-022,804,94.6936,76133.6544,2025-05-30,2025-06-01,,Open,False,0.0
PO-000202,2025-05-15,PLT-OH1,SUP-012,MAT-022,842,94.6936,79732.0112,2025-06-13,2025-06-17,,Open,False,0.0
PO-000203,2025-06-02,PLT-OH1,SUP-012,MAT-022,856,94.6936,81057.7216,2025-07-01,2025-07-01,,Open,False,0.0
PO-000204,2025-06-16,PLT-OH1,SUP-012,MAT-022,733,94.6936,69410.4088,2025-07-15,2025-07-19,,Open,False,0.0
PO-000205,2025-01-01,PLT-OH1,SUP-011,MAT-023,1478,155.1778,229352.7884,2025-01-24,2025-01-26,2025-01-24,Received,False,0.0
PO-000206,2025-01-15,PLT-OH1,SUP-011,MAT-023,1253,155.1778,194437.7834,2025-02-07,2025-02-08,2025-02-07,Received,False,0.0
PO-000207,2025-02-03,PLT-OH1,SUP-011,MAT-023,1663,155.1778,258060.6814,2025-02-26,2025-02-10,2025-02-26,Received,True,27813.1604
PO-000208,2025-02-17,PLT-OH1,SUP-011,MAT-023,1564,155.1778,242698.0792,2025-03-12,2025-03-13,2025-03-12,Received,False,0.0
PO-000209,2025-03-03,PLT-OH1,SUP-011,MAT-023,1539,155.1778,238818.6342,2025-03-26,2025-03-10,2025-03-26,Received,True,15526.6792
PO-000210,2025-03-17,PLT-OH1,SUP-011,MAT-023,1322,155.1778,205145.0516,2025-04-09,2025-04-09,,In Transit,False,0.0
PO-000211,2025-04-01,PLT-OH1,SUP-011,MAT-023,1553,155.1778,240991.1234,2025-04-24,2025-04-26,,In Transit,False,0.0
PO-000212,2025-04-15,PLT-OH1,SUP-011,MAT-023,1509,155.1778,234163.3002,2025-05-08,2025-05-10,,Open,True,17961.3112
PO-000213,2025-05-01,PLT-OH1,SUP-011,MAT-023,1292,155.1778,200489.7176,2025-05-24,2025-05-24,,Open,False,0.0
PO-000214,2025-05-15,PLT-OH1,SUP-011,MAT-023,1530,155.1778,237422.034,2025-06-07,2025-06-08,,Open,False,0.0
PO-000215,2025-06-02,PLT-OH1,SUP-011,MAT-023,1672,155.1778,259457.2816,2025-06-25,2025-06-25,,Open,False,0.0
PO-000216,2025-06-16,PLT-OH1,SUP-011,MAT-023,1404,155.1778,217869.6312,2025-07-09,2025-07-09,,Open,False,0.0
PO-000217,2025-01-01,PLT-OH1,SUP-011,MAT-024,175,65.9198,11535.965,2025-01-24,2025-01-25,2025-01-24,Received,False,0.0
PO-000218,2025-01-15,PLT-OH1,SUP-011,MAT-024,217,65.9198,14304.5966,2025-02-07,2025-02-09,2025-02-07,Received,False,0.0
PO-000219,2025-02-03,PLT-OH1,SUP-011,MAT-024,184,65.9198,12129.2432,2025-02-26,2025-02-27,2025-02-26,Received,False,0.0
PO-000220,2025-02-17,PLT-OH1,SUP-011,MAT-024,189,65.9198,12458.8422,2025-03-12,2025-02-24,2025-03-12,Received,True,1341.18
PO-000221,2025-03-03,PLT-OH1,SUP-011,MAT-024,215,65.9198,14172.757,2025-03-26,2025-03-27,2025-03-26,Received,False,0.0
PO-000222,2025-03-17,PLT-OH1,SUP-011,MAT-024,200,65.9198,13183.96,2025-04-09,2025-04-09,,In Transit,False,0.0
PO-000223,2025-04-01,PLT-OH1,SUP-011,MAT-024,206,65.9198,13579.4788,2025-04-24,2025-04-26,,In Transit,False,0.0
PO-000224,2025-04-15,PLT-OH1,SUP-011,MAT-024,178,65.9198,11733.7244,2025-05-08,2025-05-08,,Open,False,0.0
PO-000225,2025-05-01,PLT-OH1,SUP-011,MAT-024,175,65.9198,11535.965,2025-05-24,2025-05-24,,Open,False,0.0
PO-000226,2025-05-15,PLT-OH1,SUP-011,MAT-024,176,65.9198,11601.8848,2025-06-07,2025-06-09,,Open,False,0.0
PO-000227,2025-06-02,PLT-OH1,SUP-011,MAT-024,180,65.9198,11865.564,2025-06-25,2025-06-27,,Open,False,0.0
PO-000228,2025-06-16,PLT-OH1,SUP-011,MAT-024,189,65.9198,12458.8422,2025-07-09,2025-07-10,,Open,False,0.0
PO-000229,2025-01-01,PLT-OH1,SUP-012,MAT-038,323,190.4716,61522.3268,2025-02-11,2025-02-14,2025-02-11,Received,False,0.0
PO-000230,2025-01-15,PLT-OH1,SUP-012,MAT-038,320,190.4716,60950.912,2025-02-25,2025-03-03,2025-03-06,Received,False,0.0
PO-000231,2025-02-03,PLT-OH1,SUP-012,MAT-038,292,190.4716,55617.7072,2025-03-16,2025-03-19,2025-03-24,Received,False,0.0
PO-000232,2025-02-17,PLT-OH1,SUP-012,MAT-038,258,190.4716,49141.6728,2025-03-30,2025-03-31,2025-03-30,Received,False,0.0
PO-000233,2025-03-03,PLT-OH1,SUP-012,MAT-038,255,190.4716,48570.258,2025-04-13,2025-04-14,,In Transit,False,0.0
PO-000234,2025-03-17,PLT-OH1,SUP-012,MAT-038,286,190.4716,54474.8776,2025-04-27,2025-04-28,,In Transit,False,0.0
PO-000235,2025-04-01,PLT-OH1,SUP-012,MAT-038,287,190.4716,54665.3492,2025-05-12,2025-05-16,,In Transit,False,0.0
PO-000236,2025-04-15,PLT-OH1,SUP-012,MAT-038,315,190.4716,59998.554,2025-05-26,2025-05-27,,Open,False,0.0
PO-000237,2025-05-01,PLT-OH1,SUP-012,MAT-038,312,190.4716,59427.1392,2025-06-11,2025-06-12,,Open,True,3030.4739
PO-000238,2025-05-15,PLT-OH1,SUP-012,MAT-038,278,190.4716,52951.1048,2025-06-25,2025-06-26,,Open,False,0.0
PO-000239,2025-06-02,PLT-OH1,SUP-012,MAT-038,279,190.4716,53141.5764,2025-07-13,2025-07-18,,Open,False,0.0
PO-000240,2025-06-16,PLT-OH1,SUP-012,MAT-038,253,190.4716,48189.3148,2025-07-27,2025-07-29,,Open,False,0.0
PO-000241,2025-01-01,PLT-OH1,SUP-012,MAT-039,195,215.4664,42015.948,2025-02-11,2025-02-13,2025-02-11,Received,False,0.0
PO-000242,2025-01-15,PLT-OH1,SUP-012,MAT-039,204,215.4664,43955.1456,2025-02-25,2025-02-25,2025-02-25,Received,False,0.0
PO-000243,2025-02-03,PLT-OH1,SUP-012,MAT-039,215,215.4664,46325.276,2025-03-16,2025-03-17,2025-03-16,Received,False,0.0
PO-000244,2025-02-17,PLT-OH1,SUP-012,MAT-039,174,215.4664,37491.1536,2025-03-30,2025-03-30,2025-03-30,Received,False,0.0
PO-000245,2025-03-03,PLT-OH1,SUP-012,MAT-039,189,215.4664,40723.1496,2025-04-13,2025-04-14,,In Transit,False,0.0
PO-000246,2025-03-17,PLT-OH1,SUP-012,MAT-039,208,215.4664,44817.0112,2025-04-27,2025-04-28,,In Transit,False,0.0
PO-000247,2025-04-01,PLT-OH1,SUP-012,MAT-039,218,215.4664,46971.6752,2025-05-12,2025-05-15,,In Transit,False,0.0
PO-000248,2025-04-15,PLT-OH1,SUP-012,MAT-039,166,215.4664,35767.4224,2025-05-26,2025-05-30,,Open,True,2758.6307
PO-000249,2025-05-01,PLT-OH1,SUP-012,MAT-039,172,215.4664,37060.2208,2025-06-11,2025-06-11,,Open,False,0.0
PO-000250,2025-05-15,PLT-OH1,SUP-012,MAT-039,198,215.4664,42662.3472,2025-06-25,2025-06-28,,Open,True,4070.8576
PO-000251,2025-06-02,PLT-OH1,SUP-012,MAT-039,220,215.4664,47402.608,2025-07-13,2025-07-15,,Open,False,0.0
PO-000252,2025-06-16,PLT-OH1,SUP-012,MAT-039,205,215.4664,44170.612,2025-07-27,2025-07-28,,Open,False,0.0
PO-000253,2025-01-01,PLT-OH1,SUP-012,MAT-040,51326,28.2344,1449158.8144,2025-02-11,2025-02-18,2025-02-11,Received,False,0.0
PO-000254,2025-01-15,PLT-OH1,SUP-012,MAT-040,48352,28.2344,1365189.7088,2025-02-25,2025-03-02,2025-02-25,Received,False,0.0
PO-000255,2025-02-03,PLT-OH1,SUP-012,MAT-040,44626,28.2344,1259988.3344,2025-03-16,2025-03-22,2025-03-16,Received,False,0.0
PO-000256,2025-02-17,PLT-OH1,SUP-012,MAT-040,55943,28.2344,1579517.0392,2025-03-30,2025-03-30,2025-03-30,Received,False,0.0
PO-000257,2025-03-03,PLT-OH1,SUP-012,MAT-040,47660,28.2344,1345651.504,2025-04-13,2025-04-20,,In Transit,False,0.0
PO-000258,2025-03-17,PLT-OH1,SUP-012,MAT-040,47348,28.2344,1336842.3712,2025-04-27,2025-05-03,,In Transit,False,0.0
PO-000259,2025-04-01,PLT-OH1,SUP-012,MAT-040,43183,28.2344,1219246.0952,2025-05-12,2025-05-18,,In Transit,False,0.0
PO-000260,2025-04-15,PLT-OH1,SUP-012,MAT-040,47506,28.2344,1341303.4064,2025-05-26,2025-06-02,,Open,False,0.0
PO-000261,2025-05-01,PLT-OH1,SUP-012,MAT-040,47838,28.2344,1350677.2272,2025-06-11,2025-06-16,,Open,False,0.0
PO-000262,2025-05-15,PLT-OH1,SUP-012,MAT-040,46289,28.2344,1306942.1416,2025-06-25,2025-06-27,,Open,False,0.0
PO-000263,2025-06-02,PLT-OH1,SUP-012,MAT-040,51916,28.2344,1465817.1104,2025-07-13,2025-07-16,,Open,False,0.0
PO-000264,2025-06-16,PLT-OH1,SUP-012,MAT-040,51760,28.2344,1461412.544,2025-07-27,2025-08-05,,Open,False,0.0
PO-000265,2025-01-01,PLT-OH1,SUP-019,MAT-047,93326,3.3812,315553.8712,2025-01-14,2025-01-15,2025-01-14,Received,False,0.0
PO-000266,2025-01-15,PLT-OH1,SUP-019,MAT-047,93659,3.3812,316679.8108,2025-01-28,2025-01-29,2025-01-28,Received,False,0.0
PO-000267,2025-02-03,PLT-OH1,SUP-019,MAT-047,85888,3.3812,290404.5056,2025-02-16,2025-02-18,2025-02-16,Received,False,0.0
PO-000268,2025-02-17,PLT-OH1,SUP-019,MAT-047,94748,3.3812,320361.9376,2025-03-02,2025-03-02,2025-03-02,Received,False,0.0
PO-000269,2025-03-03,PLT-OH1,SUP-019,MAT-047,101974,3.3812,344794.4888,2025-03-16,2025-03-17,2025-03-16,Received,False,0.0
PO-000270,2025-03-17,PLT-OH1,SUP-019,MAT-047,83412,3.3812,282032.6544,2025-03-30,2025-03-30,2025-03-30,Received,False,0.0
PO-000271,2025-04-01,PLT-OH1,SUP-019,MAT-047,90696,3.3812,306661.3152,2025-04-14,2025-04-14,,In Transit,False,0.0
PO-000272,2025-04-15,PLT-OH1,SUP-019,MAT-047,101437,3.3812,342978.7844,2025-04-28,2025-04-28,,Open,False,0.0
PO-000273,2025-05-01,PLT-OH1,SUP-019,MAT-047,87116,3.3812,294556.6192,2025-05-14,2025-05-14,,Open,False,0.0
PO-000274,2025-05-15,PLT-OH1,SUP-019,MAT-047,108058,3.3812,365365.7096,2025-05-28,2025-05-29,,Open,False,0.0
PO-000275,2025-06-02,PLT-OH1,SUP-019,MAT-047,91948,3.3812,310894.5776,2025-06-15,2025-06-17,,Open,False,0.0
PO-000276,2025-06-16,PLT-OH1,SUP-019,MAT-047,98206,3.3812,332054.1272,2025-06-29,2025-06-29,,Open,False,0.0
PO-000277,2025-01-01,PLT-OH1,SUP-019,MAT-048,102457,1.9031,194985.9167,2025-01-14,2025-01-14,2025-01-14,Received,False,0.0
PO-000278,2025-01-15,PLT-OH1,SUP-019,MAT-048,109580,1.9031,208541.698,2025-01-28,2025-01-28,2025-01-28,Received,False,0.0
PO-000279,2025-02-03,PLT-OH1,SUP-019,MAT-048,91863,1.9031,174824.4753,2025-02-16,2025-02-16,2025-02-16,Received,False,0.0
PO-000280,2025-02-17,PLT-OH1,SUP-019,MAT-048,110683,1.9031,210640.8173,2025-03-02,2025-03-04,2025-03-02,Received,False,0.0
PO-000281,2025-03-03,PLT-OH1,SUP-019,MAT-048,109261,1.9031,207934.6091,2025-03-16,2025-03-17,2025-03-16,Received,False,0.0
PO-000282,2025-03-17,PLT-OH1,SUP-019,MAT-048,92602,1.9031,176230.8662,2025-03-30,2025-04-01,2025-03-30,Received,False,0.0
PO-000283,2025-04-01,PLT-OH1,SUP-019,MAT-048,87382,1.9031,166296.6842,2025-04-14,2025-04-15,,In Transit,False,0.0
PO-000284,2025-04-15,PLT-OH1,SUP-019,MAT-048,86174,1.9031,163997.7394,2025-04-28,2025-04-29,,Open,False,0.0
PO-000285,2025-05-01,PLT-OH1,SUP-019,MAT-048,87337,1.9031,166211.0447,2025-05-14,2025-05-15,,Open,False,0.0
PO-000286,2025-05-15,PLT-OH1,SUP-019,MAT-048,103148,1.9031,196300.9588,2025-05-28,2025-05-28,,Open,False,0.0
PO-000287,2025-06-02,PLT-OH1,SUP-019,MAT-048,111213,1.9031,211649.4603,2025-06-15,2025-06-15,,Open,False,0.0
PO-000288,2025-06-16,PLT-OH1,SUP-019,MAT-048,109259,1.9031,207930.8029,2025-06-29,2025-06-29,,Open,False,0.0
PO-000289,2025-01-01,PLT-OH1,SUP-011,MAT-049,867,9.2767,8042.8989,2025-01-17,2025-01-18,2025-01-17,Received,False,0.0
PO-000290,2025-01-15,PLT-OH1,SUP-011,MAT-049,1051,9.2767,9749.8117,2025-01-31,2025-02-03,2025-02-03,Received,False,0.0
PO-000291,2025-02-03,PLT-OH1,SUP-011,MAT-049,998,9.2767,9258.1466,2025-02-19,2025-02-21,2025-02-23,Received,False,0.0
PO-000292,2025-02-17,PLT-OH1,SUP-011,MAT-049,1086,9.2767,10074.4962,2025-03-05,2025-03-06,2025-03-06,Received,False,0.0
PO-000293,2025-03-03,PLT-OH1,SUP-011,MAT-049,867,9.2767,8042.8989,2025-03-19,2025-03-20,2025-03-19,Received,False,0.0
PO-000294,2025-03-17,PLT-OH1,SUP-011,MAT-049,860,9.2767,7977.962,2025-04-02,2025-04-04,,In Transit,False,0.0
PO-000295,2025-04-01,PLT-OH1,SUP-011,MAT-049,913,9.2767,8469.6271,2025-04-17,2025-04-19,,In Transit,False,0.0
PO-000296,2025-04-15,PLT-OH1,SUP-011,MAT-049,1003,9.2767,9304.5301,2025-05-01,2025-05-01,,Open,False,0.0
PO-000297,2025-05-01,PLT-OH1,SUP-011,MAT-049,1009,9.2767,9360.1903,2025-05-17,2025-05-18,,Open,False,0.0
PO-000298,2025-05-15,PLT-OH1,SUP-011,MAT-049,934,9.2767,8664.4378,2025-05-31,2025-06-02,,Open,False,0.0
PO-000299,2025-06-02,PLT-OH1,SUP-011,MAT-049,1114,9.2767,10334.2438,2025-06-18,2025-06-18,,Open,False,0.0
PO-000300,2025-06-16,PLT-OH1,SUP-011,MAT-049,970,9.2767,8998.399,2025-07-02,2025-07-02,,Open,False,0.0
PO-000301,2025-01-01,PLT-AL1,SUP-001,MAT-001,103537,29.3153,3035218.2161,2025-02-10,2025-02-12,2025-02-10,Received,False,0.0
PO-000302,2025-01-15,PLT-AL1,SUP-001,MAT-001,97578,29.3153,2860528.3434,2025-02-24,2025-02-24,2025-02-24,Received,False,0.0
PO-000303,2025-02-03,PLT-AL1,SUP-001,MAT-001,92343,29.3153,2707062.7479,2025-03-15,2025-03-18,2025-03-18,Received,False,0.0
PO-000304,2025-02-17,PLT-AL1,SUP-001,MAT-001,103835,29.3153,3043954.1755,2025-03-29,2025-03-29,2025-03-29,Received,False,0.0
PO-000305,2025-03-03,PLT-AL1,SUP-001,MAT-001,88116,29.3153,2583146.9748,2025-04-12,2025-04-12,,In Transit,False,0.0
PO-000306,2025-03-17,PLT-AL1,SUP-001,MAT-001,113314,29.3153,3321833.9042,2025-04-26,2025-04-26,,In Transit,False,0.0
PO-000307,2025-04-01,PLT-AL1,SUP-001,MAT-001,102787,29.3153,3013231.7411,2025-05-11,2025-05-11,,In Transit,False,0.0
PO-000308,2025-04-15,PLT-AL1,SUP-001,MAT-001,106071,29.3153,3109503.1863,2025-05-25,2025-05-25,,Open,False,0.0
PO-000309,2025-05-01,PLT-AL1,SUP-001,MAT-001,84803,29.3153,2486025.3859,2025-06-10,2025-06-10,,Open,False,0.0
PO-000310,2025-05-15,PLT-AL1,SUP-001,MAT-001,95548,29.3153,2801018.2844,2025-06-24,2025-06-24,,Open,False,0.0
PO-000311,2025-06-02,PLT-AL1,SUP-001,MAT-001,111122,29.3153,3257574.7666,2025-07-12,2025-07-12,,Open,False,0.0
PO-000312,2025-06-16,PLT-AL1,SUP-001,MAT-001,95529,29.3153,2800461.2937,2025-07-26,2025-07-26,,Open,False,0.0
PO-000313,2025-01-01,PLT-AL1,SUP-001,MAT-002,85301,22.9455,1957274.0955,2025-02-10,2025-02-13,2025-02-10,Received,False,0.0
PO-000314,2025-01-15,PLT-AL1,SUP-001,MAT-002,94209,22.9455,2161672.6095,2025-02-24,2025-02-27,2025-02-24,Received,False,0.0
PO-000315,2025-02-03,PLT-AL1,SUP-001,MAT-002,96337,22.9455,2210500.6335,2025-03-15,2025-03-17,2025-03-15,Received,False,0.0
PO-000316,2025-02-17,PLT-AL1,SUP-001,MAT-002,105610,22.9455,2423274.255,2025-03-29,2025-04-01,2025-03-29,Received,False,0.0
PO-000317,2025-03-03,PLT-AL1,SUP-001,MAT-002,92604,22.9455,2124845.082,2025-04-12,2025-04-12,,In Transit,False,0.0
PO-000318,2025-03-17,PLT-AL1,SUP-001,MAT-002,86708,22.9455,1989558.414,2025-04-26,2025-04-26,,In Transit,False,0.0
PO-000319,2025-04-01,PLT-AL1,SUP-001,MAT-002,97606,22.9455,2239618.473,2025-05-11,2025-05-11,,In Transit,False,0.0
PO-000320,2025-04-15,PLT-AL1,SUP-001,MAT-002,104203,22.9455,2390989.9365,2025-05-25,2025-05-25,,Open,False,0.0
PO-000321,2025-05-01,PLT-AL1,SUP-001,MAT-002,108177,22.9455,2482175.3535,2025-06-10,2025-06-10,,Open,False,0.0
PO-000322,2025-05-15,PLT-AL1,SUP-001,MAT-002,111384,22.9455,2555761.572,2025-06-24,2025-06-24,,Open,False,0.0
PO-000323,2025-06-02,PLT-AL1,SUP-001,MAT-002,109842,22.9455,2520379.611,2025-07-12,2025-07-12,,Open,False,0.0
PO-000324,2025-06-16,PLT-AL1,SUP-001,MAT-002,110863,22.9455,2543806.9665,2025-07-26,2025-07-26,,Open,False,0.0
PO-000325,2025-01-01,PLT-AL1,SUP-003,MAT-004,1698,91.6909,155691.1482,2025-02-10,2025-02-13,2025-02-10,Received,False,0.0
PO-000326,2025-01-15,PLT-AL1,SUP-003,MAT-004,1729,91.6909,158533.5661,2025-02-24,2025-02-27,2025-02-24,Received,False,0.0
PO-000327,2025-02-03,PLT-AL1,SUP-003,MAT-004,2148,91.6909,196952.0532,2025-03-15,2025-03-15,2025-03-15,Received,False,0.0
PO-000328,2025-02-17,PLT-AL1,SUP-003,MAT-004,2123,91.6909,194659.7807,2025-03-29,2025-03-30,2025-03-29,Received,False,0.0
PO-000329,2025-03-03,PLT-AL1,SUP-003,MAT-004,1778,91.6909,163026.4202,2025-04-12,2025-04-17,,In Transit,False,0.0
PO-000330,2025-03-17,PLT-AL1,SUP-003,MAT-004,2152,91.6909,197318.8168,2025-04-26,2025-04-26,,In Transit,False,0.0
PO-000331,2025-04-01,PLT-AL1,SUP-003,MAT-004,2103,91.6909,192825.9627,2025-05-11,2025-05-13,,In Transit,False,0.0
PO-000332,2025-04-15,PLT-AL1,SUP-003,MAT-004,1739,91.6909,159450.4751,2025-05-25,2025-05-25,,Open,False,0.0
PO-000333,2025-05-01,PLT-AL1,SUP-003,MAT-004,1942,91.6909,178063.7278,2025-06-10,2025-06-13,,Open,False,0.0
PO-000334,2025-05-15,PLT-AL1,SUP-003,MAT-004,1714,91.6909,157158.2026,2025-06-24,2025-06-29,,Open,False,0.0
PO-000335,2025-06-02,PLT-AL1,SUP-003,MAT-004,2057,91.6909,188608.1813,2025-07-12,2025-07-15,,Open,False,0.0
PO-000336,2025-06-16,PLT-AL1,SUP-003,MAT-004,2106,91.6909,193101.0354,2025-07-26,2025-07-28,,Open,False,0.0
PO-000337,2025-01-01,PLT-AL1,SUP-006,MAT-005,589,309.6494,182383.4966,2025-03-12,2025-03-12,2025-03-12,Received,False,0.0
PO-000338,2025-01-15,PLT-AL1,SUP-006,MAT-005,584,309.6494,180835.2496,2025-03-26,2025-03-29,2025-03-26,Received,False,0.0
PO-000339,2025-02-03,PLT-AL1,SUP-006,MAT-005,552,309.6494,170926.4688,2025-04-14,2025-04-17,,In Transit,False,0.0
PO-000340,2025-02-17,PLT-AL1,SUP-006,MAT-005,630,309.6494,195079.122,2025-04-28,2025-05-01,,In Transit,False,0.0
PO-000341,2025-03-03,PLT-AL1,SUP-006,MAT-005,539,309.6494,166901.0266,2025-05-12,2025-05-14,,In Transit,False,0.0
PO-000342,2025-03-17,PLT-AL1,SUP-006,MAT-005,576,309.6494,178358.0544,2025-05-26,2025-06-04,,In Transit,False,0.0
PO-000343,2025-04-01,PLT-AL1,SUP-006,MAT-005,579,309.6494,179287.0026,2025-06-10,2025-06-16,,In Transit,False,0.0
PO-000344,2025-04-15,PLT-AL1,SUP-006,MAT-005,550,309.6494,170307.17,2025-06-24,2025-06-27,,Open,False,0.0
PO-000345,2025-05-01,PLT-AL1,SUP-006,MAT-005,600,309.6494,185789.64,2025-07-10,2025-07-20,,Open,False,0.0
PO-000346,2025-05-15,PLT-AL1,SUP-006,MAT-005,550,309.6494,170307.17,2025-07-24,2025-07-25,,Open,False,0.0
PO-000347,2025-06-02,PLT-AL1,SUP-006,MAT-005,516,309.6494,159779.0904,2025-08-11,2025-08-22,,Open,False,0.0
PO-000348,2025-06-16,PLT-AL1,SUP-006,MAT-005,516,309.6494,159779.0904,2025-08-25,2025-08-31,,Open,False,0.0
PO-000349,2025-01-01,PLT-AL1,SUP-004,MAT-006,173,209.8299,36300.5727,2025-03-12,2025-03-12,2025-03-12,Received,False,0.0
PO-000350,2025-01-15,PLT-AL1,SUP-004,MAT-006,227,209.8299,47631.3873,2025-03-26,2025-04-07,2025-03-26,Received,False,0.0
PO-000351,2025-02-03,PLT-AL1,SUP-004,MAT-006,223,209.8299,46792.0677,2025-04-14,2025-04-23,,In Transit,False,0.0
PO-000352,2025-02-17,PLT-AL1,SUP-004,MAT-006,209,209.8299,43854.4491,2025-04-28,2025-03-12,,In Transit,True,2998.3555
PO-000353,2025-03-03,PLT-AL1,SUP-004,MAT-006,187,209.8299,39238.1913,2025-05-12,2025-05-19,,In Transit,False,0.0
PO-000354,2025-03-17,PLT-AL1,SUP-004,MAT-006,190,209.8299,39867.681,2025-05-26,2025-05-31,,In Transit,False,0.0
PO-000355,2025-04-01,PLT-AL1,SUP-004,MAT-006,201,209.8299,42175.8099,2025-06-10,2025-06-19,,In Transit,False,0.0
PO-000356,2025-04-15,PLT-AL1,SUP-004,MAT-006,179,209.8299,37559.5521,2025-06-24,2025-06-30,,Open,False,0.0
PO-000357,2025-05-01,PLT-AL1,SUP-004,MAT-006,196,209.8299,41126.6604,2025-07-10,2025-07-22,,Open,False,0.0
PO-000358,2025-05-15,PLT-AL1,SUP-004,MAT-006,219,209.8299,45952.7481,2025-07-24,2025-07-31,,Open,False,0.0
PO-000359,2025-06-02,PLT-AL1,SUP-004,MAT-006,220,209.8299,46162.578,2025-08-11,2025-08-13,,Open,False,0.0
PO-000360,2025-06-16,PLT-AL1,SUP-004,MAT-006,177,209.8299,37139.8923,2025-08-25,2025-08-31,,Open,False,0.0
PO-000361,2025-01-01,PLT-AL1,SUP-005,MAT-007,337,184.803,62278.611,2025-03-02,2025-03-08,2025-03-02,Received,False,0.0
PO-000362,2025-01-15,PLT-AL1,SUP-005,MAT-007,341,184.803,63017.823,2025-03-16,2025-03-16,2025-03-16,Received,False,0.0
PO-000363,2025-02-03,PLT-AL1,SUP-005,MAT-007,291,184.803,53777.673,2025-04-04,2025-04-06,,In Transit,False,0.0
PO-000364,2025-02-17,PLT-AL1,SUP-005,MAT-007,306,184.803,56549.718,2025-04-18,2025-04-18,,In Transit,False,0.0
PO-000365,2025-03-03,PLT-AL1,SUP-005,MAT-007,288,184.803,53223.264,2025-05-02,2025-05-05,,In Transit,False,0.0
PO-000366,2025-03-17,PLT-AL1,SUP-005,MAT-007,255,184.803,47124.765,2025-05-16,2025-05-24,,In Transit,False,0.0
PO-000367,2025-04-01,PLT-AL1,SUP-005,MAT-007,277,184.803,51190.431,2025-05-31,2025-06-11,,In Transit,False,0.0
PO-000368,2025-04-15,PLT-AL1,SUP-005,MAT-007,297,184.803,54886.491,2025-06-14,2025-06-16,,Open,False,0.0
PO-000369,2025-05-01,PLT-AL1,SUP-005,MAT-007,296,184.803,54701.688,2025-06-30,2025-07-05,,Open,False,0.0
PO-000370,2025-05-15,PLT-AL1,SUP-005,MAT-007,338,184.803,62463.414,2025-07-14,2025-07-21,,Open,True,4536.7037
PO-000371,2025-06-02,PLT-AL1,SUP-005,MAT-007,307,184.803,56734.521,2025-08-01,2025-08-09,,Open,False,0.0
PO-000372,2025-06-16,PLT-AL1,SUP-005,MAT-007,337,184.803,62278.611,2025-08-15,2025-08-21,,Open,False,0.0
PO-000373,2025-01-01,PLT-AL1,SUP-005,MAT-008,99,431.7016,42738.4584,2025-03-02,2025-03-07,2025-03-02,Received,False,0.0
PO-000374,2025-01-15,PLT-AL1,SUP-005,MAT-008,103,431.7016,44465.2648,2025-03-16,2025-03-17,2025-03-16,Received,False,0.0
PO-000375,2025-02-03,PLT-AL1,SUP-005,MAT-008,102,431.7016,44033.5632,2025-04-04,2025-04-09,,In Transit,False,0.0
PO-000376,2025-02-17,PLT-AL1,SUP-005,MAT-008,108,431.7016,46623.7728,2025-04-18,2025-04-27,,In Transit,False,0.0
PO-000377,2025-03-03,PLT-AL1,SUP-005,MAT-008,113,431.7016,48782.2808,2025-05-02,2025-03-23,,In Transit,True,3965.7787
PO-000378,2025-03-17,PLT-AL1,SUP-005,MAT-008,92,431.7016,39716.5472,2025-05-16,2025-05-21,,In Transit,False,0.0
PO-000379,2025-04-01,PLT-AL1,SUP-005,MAT-008,103,431.7016,44465.2648,2025-05-31,2025-06-04,,In Transit,False,0.0
PO-000380,2025-04-15,PLT-AL1,SUP-005,MAT-008,101,431.7016,43601.8616,2025-06-14,2025-06-19,,Open,False,0.0
PO-000381,2025-05-01,PLT-AL1,SUP-005,MAT-008,105,431.7016,45328.668,2025-06-30,2025-07-05,,Open,False,0.0
PO-000382,2025-05-15,PLT-AL1,SUP-005,MAT-008,107,431.7016,46192.0712,2025-07-14,2025-07-17,,Open,False,0.0
PO-000383,2025-06-02,PLT-AL1,SUP-005,MAT-008,105,431.7016,45328.668,2025-08-01,2025-08-04,,Open,False,0.0
PO-000384,2025-06-16,PLT-AL1,SUP-005,MAT-008,99,431.7016,42738.4584,2025-08-15,2025-08-15,,Open,False,0.0
PO-000385,2025-01-01,PLT-AL1,SUP-005,MAT-010,47,9.8894,464.8018,2025-03-02,2025-03-04,2025-03-02,Received,False,0.0
PO-000386,2025-01-15,PLT-AL1,SUP-005,MAT-010,51,9.8894,504.3594,2025-03-16,2025-03-25,2025-03-16,Received,False,0.0
PO-000387,2025-02-03,PLT-AL1,SUP-005,MAT-010,56,9.8894,553.8064,2025-04-04,2025-04-08,,In Transit,False,0.0
PO-000388,2025-02-17,PLT-AL1,SUP-005,MAT-010,43,9.8894,425.2442,2025-04-18,2025-04-30,,In Transit,False,0.0
PO-000389,2025-03-03,PLT-AL1,SUP-005,MAT-010,54,9.8894,534.0276,2025-05-02,2025-05-15,,In Transit,False,0.0
PO-000390,2025-03-17,PLT-AL1,SUP-005,MAT-010,54,9.8894,534.0276,2025-05-16,2025-05-26,,In Transit,False,0.0
PO-000391,2025-04-01,PLT-AL1,SUP-005,MAT-010,42,9.8894,415.3548,2025-05-31,2025-06-07,,In Transit,False,0.0
PO-000392,2025-04-15,PLT-AL1,SUP-005,MAT-010,50,9.8894,494.47,2025-06-14,2025-06-19,,Open,False,0.0
PO-000393,2025-05-01,PLT-AL1,SUP-005,MAT-010,49,9.8894,484.5806,2025-06-30,2025-07-08,,Open,False,0.0
PO-000394,2025-05-15,PLT-AL1,SUP-005,MAT-010,45,9.8894,445.023,2025-07-14,2025-07-17,,Open,False,0.0
PO-000395,2025-06-02,PLT-AL1,SUP-005,MAT-010,56,9.8894,553.8064,2025-08-01,2025-08-02,,Open,False,0.0
PO-000396,2025-06-16,PLT-AL1,SUP-005,MAT-010,47,9.8894,464.8018,2025-08-15,2025-08-23,,Open,True,52.0271
PO-000397,2025-01-01,PLT-AL1,SUP-008,MAT-011,215960,6.6521,1436587.516,2025-01-28,2025-01-29,2025-01-28,Received,False,0.0
PO-000398,2025-01-15,PLT-AL1,SUP-008,MAT-011,210122,6.6521,1397752.5562,2025-02-11,2025-02-11,2025-02-11,Received,False,0.0
PO-000399,2025-02-03,PLT-AL1,SUP-008,MAT-011,177028,6.6521,1177607.9588,2025-03-02,2025-02-12,2025-03-02,Received,True,112596.3345
PO-000400,2025-02-17,PLT-AL1,SUP-008,MAT-011,173143,6.6521,1151764.5503,2025-03-16,2025-03-16,2025-03-16,Received,False,0.0
PO-000401,2025-03-03,PLT-AL1,SUP-008,MAT-011,195022,6.6521,1297305.8462,2025-03-30,2025-03-31,2025-03-30,Received,False,0.0
PO-000402,2025-03-17,PLT-AL1,SUP-008,MAT-011,213559,6.6521,1420615.8239,2025-04-13,2025-04-14,,In Transit,False,0.0
PO-000403,2025-04-01,PLT-AL1,SUP-008,MAT-011,184870,6.6521,1229773.727,2025-04-28,2025-04-29,,In Transit,False,0.0
PO-000404,2025-04-15,PLT-AL1,SUP-008,MAT-011,178149,6.6521,1185064.9629,2025-05-12,2025-05-12,,Open,False,0.0
PO-000405,2025-05-01,PLT-AL1,SUP-008,MAT-011,175831,6.6521,1169645.3951,2025-05-28,2025-05-30,,Open,False,0.0
PO-000406,2025-05-15,PLT-AL1,SUP-008,MAT-011,196830,6.6521,1309332.843,2025-06-11,2025-06-13,,Open,False,0.0
PO-000407,2025-06-02,PLT-AL1,SUP-008,MAT-011,190761,6.6521,1268961.2481,2025-06-29,2025-06-30,,Open,True,102022.1665
PO-000408,2025-06-16,PLT-AL1,SUP-008,MAT-011,191981,6.6521,1277076.8101,2025-07-13,2025-07-13,,Open,False,0.0
PO-000409,2025-01-01,PLT-AL1,SUP-007,MAT-012,206731,4.1176,851235.5656,2025-01-31,2025-01-31,2025-01-31,Received,False,0.0
PO-000410,2025-01-15,PLT-AL1,SUP-007,MAT-012,220979,4.1176,909903.1304,2025-02-14,2025-01-25,2025-02-14,Received,True,91180.4065
PO-000411,2025-02-03,PLT-AL1,SUP-007,MAT-012,172261,4.1176,709301.8936,2025-03-05,2025-02-13,2025-03-05,Received,True,42990.7132
PO-000412,2025-02-17,PLT-AL1,SUP-007,MAT-012,224360,4.1176,923824.736,2025-03-19,2025-03-21,2025-03-19,Received,False,0.0
PO-000413,2025-03-03,PLT-AL1,SUP-007,MAT-012,188569,4.1176,776451.7144,2025-04-02,2025-04-05,,In Transit,False,0.0
PO-000414,2025-03-17,PLT-AL1,SUP-007,MAT-012,192279,4.1176,791728.0104,2025-04-16,2025-03-27,,In Transit,True,62661.0792
PO-000415,2025-04-01,PLT-AL1,SUP-007,MAT-012,209761,4.1176,863711.8936,2025-05-01,2025-05-02,,In Transit,False,0.0
PO-000416,2025-04-15,PLT-AL1,SUP-007,MAT-012,195129,4.1176,803463.1704,2025-05-15,2025-05-17,,Open,False,0.0
PO-000417,2025-05-01,PLT-AL1,SUP-007,MAT-012,181983,4.1176,749333.2008,2025-05-31,2025-05-31,,Open,True,73319.6578
PO-000418,2025-05-15,PLT-AL1,SUP-007,MAT-012,171583,4.1176,706510.1608,2025-06-14,2025-06-15,,Open,False,0.0
PO-000419,2025-06-02,PLT-AL1,SUP-007,MAT-012,196925,4.1176,810858.38,2025-07-02,2025-07-03,,Open,True,83597.0194
PO-000420,2025-06-16,PLT-AL1,SUP-007,MAT-012,225210,4.1176,927324.696,2025-07-16,2025-07-18,,Open,False,0.0
PO-000421,2025-01-01,PLT-AL1,SUP-007,MAT-013,93832,2.2776,213711.7632,2025-01-31,2025-01-31,2025-01-31,Received,False,0.0
PO-000422,2025-01-15,PLT-AL1,SUP-007,MAT-013,99400,2.2776,226393.44,2025-02-14,2025-02-17,2025-02-14,Received,False,0.0
PO-000423,2025-02-03,PLT-AL1,SUP-007,MAT-013,100583,2.2776,229087.8408,2025-03-05,2025-02-13,2025-03-05,Received,True,20910.4065
PO-000424,2025-02-17,PLT-AL1,SUP-007,MAT-013,101556,2.2776,231303.9456,2025-03-19,2025-02-27,2025-03-19,Received,True,22928.6269
PO-000425,2025-03-03,PLT-AL1,SUP-007,MAT-013,95175,2.2776,216770.58,2025-04-02,2025-04-05,,In Transit,False,0.0
PO-000426,2025-03-17,PLT-AL1,SUP-007,MAT-013,90557,2.2776,206252.6232,2025-04-16,2025-04-18,,In Transit,False,0.0
PO-000427,2025-04-01,PLT-AL1,SUP-007,MAT-013,100768,2.2776,229509.1968,2025-05-01,2025-05-02,,In Transit,False,0.0
PO-000428,2025-04-15,PLT-AL1,SUP-007,MAT-013,106652,2.2776,242910.5952,2025-05-15,2025-05-16,,Open,False,0.0
PO-000429,2025-05-01,PLT-AL1,SUP-007,MAT-013,93954,2.2776,213989.6304,2025-05-31,2025-05-31,,Open,False,0.0
PO-000430,2025-05-15,PLT-AL1,SUP-007,MAT-013,103569,2.2776,235888.7544,2025-06-14,2025-06-17,,Open,False,0.0
PO-000431,2025-06-02,PLT-AL1,SUP-007,MAT-013,102169,2.2776,232700.1144,2025-07-02,2025-07-05,,Open,False,0.0
PO-000432,2025-06-16,PLT-AL1,SUP-007,MAT-013,90314,2.2776,205699.1664,2025-07-16,2025-07-19,,Open,False,0.0
PO-000433,2025-01-01,PLT-AL1,SUP-008,MAT-014,108152,0.8813,95314.3576,2025-01-28,2025-01-29,2025-01-28,Received,False,0.0
PO-000434,2025-01-15,PLT-AL1,SUP-008,MAT-014,106818,0.8813,94138.7034,2025-02-11,2025-02-16,2025-02-11,Received,False,0.0
PO-000435,2025-02-03,PLT-AL1,SUP-008,MAT-014,104275,0.8813,91897.5575,2025-03-02,2025-03-04,2025-03-02,Received,False,0.0
PO-000436,2025-02-17,PLT-AL1,SUP-008,MAT-014,98019,0.8813,86384.1447,2025-03-16,2025-03-22,2025-03-16,Received,False,0.0
PO-000437,2025-03-03,PLT-AL1,SUP-008,MAT-014,91733,0.8813,80844.2929,2025-03-30,2025-03-31,2025-03-30,Received,False,0.0
PO-000438,2025-03-17,PLT-AL1,SUP-008,MAT-014,108894,0.8813,95968.2822,2025-04-13,2025-04-16,,In Transit,False,0.0
PO-000439,2025-04-01,PLT-AL1,SUP-008,MAT-014,112378,0.8813,99038.7314,2025-04-28,2025-05-01,,In Transit,False,0.0
PO-000440,2025-04-15,PLT-AL1,SUP-008,MAT-014,113491,0.8813,100019.6183,2025-05-12,2025-05-13,,Open,False,0.0
PO-000441,2025-05-01,PLT-AL1,SUP-008,MAT-014,111606,0.8813,98358.3678,2025-05-28,2025-06-01,,Open,False,0.0
PO-000442,2025-05-15,PLT-AL1,SUP-008,MAT-014,92714,0.8813,81708.8482,2025-06-11,2025-06-17,,Open,False,0.0
PO-000443,2025-06-02,PLT-AL1,SUP-008,MAT-014,112112,0.8813,98804.3056,2025-06-29,2025-06-29,,Open,False,0.0
PO-000444,2025-06-16,PLT-AL1,SUP-008,MAT-014,110524,0.8813,97404.8012,2025-07-13,2025-07-17,,Open,False,0.0
PO-000445,2025-01-01,PLT-AL1,SUP-010,MAT-016,85719,7.84,672036.96,2025-01-25,2025-01-09,2025-01-25,Received,True,46502.3989
PO-000446,2025-01-15,PLT-AL1,SUP-010,MAT-016,97463,7.84,764109.92,2025-02-08,2025-02-08,2025-02-09,Received,False,0.0
PO-000447,2025-02-03,PLT-AL1,SUP-010,MAT-016,95173,7.84,746156.32,2025-02-27,2025-03-01,2025-03-05,Received,False,0.0
PO-000448,2025-02-17,PLT-AL1,SUP-010,MAT-016,86494,7.84,678112.96,2025-03-13,2025-03-13,2025-03-13,Received,False,0.0
PO-000449,2025-03-03,PLT-AL1,SUP-010,MAT-016,110943,7.84,869793.12,2025-03-27,2025-03-28,2025-03-27,Received,False,0.0
PO-000450,2025-03-17,PLT-AL1,SUP-010,MAT-016,87809,7.84,688422.56,2025-04-10,2025-04-13,,In Transit,False,0.0
PO-000451,2025-04-01,PLT-AL1,SUP-010,MAT-016,89422,7.84,701068.48,2025-04-25,2025-04-28,,In Transit,False,0.0
PO-000452,2025-04-15,PLT-AL1,SUP-010,MAT-016,110089,7.84,863097.76,2025-05-09,2025-05-11,,Open,False,0.0
PO-000453,2025-05-01,PLT-AL1,SUP-010,MAT-016,92260,7.84,723318.4,2025-05-25,2025-05-28,,Open,False,0.0
PO-000454,2025-05-15,PLT-AL1,SUP-010,MAT-016,86113,7.84,675125.92,2025-06-08,2025-06-09,,Open,False,0.0
PO-000455,2025-06-02,PLT-AL1,SUP-010,MAT-016,86169,7.84,675564.96,2025-06-26,2025-06-26,,Open,False,0.0
PO-000456,2025-06-16,PLT-AL1,SUP-010,MAT-016,85336,7.84,669034.24,2025-07-10,2025-07-13,,Open,False,0.0
PO-000457,2025-01-01,PLT-AL1,SUP-009,MAT-017,96492,2.0866,201340.2072,2025-01-25,2025-01-25,2025-01-25,Received,False,0.0
PO-000458,2025-01-15,PLT-AL1,SUP-009,MAT-017,103752,2.0866,216488.9232,2025-02-08,2025-02-10,2025-02-08,Received,False,0.0
PO-000459,2025-02-03,PLT-AL1,SUP-009,MAT-017,105603,2.0866,220351.2198,2025-02-27,2025-03-01,2025-02-27,Received,False,0.0
PO-000460,2025-02-17,PLT-AL1,SUP-009,MAT-017,112866,2.0866,235506.1956,2025-03-13,2025-03-13,2025-03-13,Received,False,0.0
PO-000461,2025-03-03,PLT-AL1,SUP-009,MAT-017,113836,2.0866,237530.1976,2025-03-27,2025-03-11,2025-03-27,Received,True,21241.0994
PO-000462,2025-03-17,PLT-AL1,SUP-009,MAT-017,100848,2.0866,210429.4368,2025-04-10,2025-04-10,,In Transit,False,0.0
PO-000463,2025-04-01,PLT-AL1,SUP-009,MAT-017,92749,2.0866,193530.0634,2025-04-25,2025-04-28,,In Transit,False,0.0
PO-000464,2025-04-15,PLT-AL1,SUP-009,MAT-017,108630,2.0866,226667.358,2025-05-09,2025-05-11,,Open,False,0.0
PO-000465,2025-05-01,PLT-AL1,SUP-009,MAT-017,103811,2.0866,216612.0326,2025-05-25,2025-05-26,,Open,False,0.0
PO-000466,2025-05-15,PLT-AL1,SUP-009,MAT-017,93766,2.0866,195652.1356,2025-06-08,2025-06-11,,Open,False,0.0
PO-000467,2025-06-02,PLT-AL1,SUP-009,MAT-017,89403,2.0866,186548.2998,2025-06-26,2025-06-29,,Open,False,0.0
PO-000468,2025-06-16,PLT-AL1,SUP-009,MAT-017,113470,2.0866,236766.502,2025-07-10,2025-07-11,,Open,False,0.0
PO-000469,2025-01-01,PLT-AL1,SUP-009,MAT-019,325312,0.6536,212623.9232,2025-01-25,2025-01-29,2025-01-25,Received,False,0.0
PO-000470,2025-01-15,PLT-AL1,SUP-009,MAT-019,289067,0.6536,188934.1912,2025-02-08,2025-02-10,2025-02-08,Received,False,0.0
PO-000471,2025-02-03,PLT-AL1,SUP-009,MAT-019,331604,0.6536,216736.3744,2025-02-27,2025-03-02,2025-02-27,Received,False,0.0
PO-000472,2025-02-17,PLT-AL1,SUP-009,MAT-019,292897,0.6536,191437.4792,2025-03-13,2025-03-13,2025-03-13,Received,False,0.0
PO-000473,2025-03-03,PLT-AL1,SUP-009,MAT-019,283326,0.6536,185181.8736,2025-03-27,2025-03-31,2025-03-30,Received,False,0.0
PO-000474,2025-03-17,PLT-AL1,SUP-009,MAT-019,283165,0.6536,185076.644,2025-04-10,2025-04-11,,In Transit,False,0.0
PO-000475,2025-04-01,PLT-AL1,SUP-009,MAT-019,328601,0.6536,214773.6136,2025-04-25,2025-04-30,,In Transit,False,0.0
PO-000476,2025-04-15,PLT-AL1,SUP-009,MAT-019,288043,0.6536,188264.9048,2025-05-09,2025-05-09,,Open,False,0.0
PO-000477,2025-05-01,PLT-AL1,SUP-009,MAT-019,341034,0.6536,222899.8224,2025-05-25,2025-05-29,,Open,False,0.0
PO-000478,2025-05-15,PLT-AL1,SUP-009,MAT-019,261953,0.6536,171212.4808,2025-06-08,2025-06-13,,Open,True,19760.5516
PO-000479,2025-06-02,PLT-AL1,SUP-009,MAT-019,336734,0.6536,220089.3424,2025-06-26,2025-07-01,,Open,False,0.0
PO-000480,2025-06-16,PLT-AL1,SUP-009,MAT-019,315995,0.6536,206534.332,2025-07-10,2025-07-10,,Open,False,0.0
PO-000481,2025-01-01,PLT-AL1,SUP-009,MAT-020,234769,0.4131,96983.0739,2025-01-25,2025-01-28,2025-01-25,Received,False,0.0
PO-000482,2025-01-15,PLT-AL1,SUP-009,MAT-020,249458,0.4131,103051.0998,2025-02-08,2025-02-10,2025-02-08,Received,False,0.0
PO-000483,2025-02-03,PLT-AL1,SUP-009,MAT-020,266307,0.4131,110011.4217,2025-02-27,2025-03-02,2025-03-01,Received,False,0.0
PO-000484,2025-02-17,PLT-AL1,SUP-009,MAT-020,222151,0.4131,91770.5781,2025-03-13,2025-03-13,2025-03-13,Received,False,0.0
PO-000485,2025-03-03,PLT-AL1,SUP-009,MAT-020,276962,0.4131,114413.0022,2025-03-27,2025-03-30,2025-03-27,Received,False,0.0
PO-000486,2025-03-17,PLT-AL1,SUP-009,MAT-020,221307,0.4131,91421.9217,2025-04-10,2025-03-25,,In Transit,True,10651.3617
PO-000487,2025-04-01,PLT-AL1,SUP-009,MAT-020,266751,0.4131,110194.8381,2025-04-25,2025-04-25,,In Transit,False,0.0
PO-000488,2025-04-15,PLT-AL1,SUP-009,MAT-020,281300,0.4131,116205.03,2025-05-09,2025-05-09,,Open,False,0.0
PO-000489,2025-05-01,PLT-AL1,SUP-009,MAT-020,212890,0.4131,87944.859,2025-05-25,2025-05-26,,Open,False,0.0
PO-000490,2025-05-15,PLT-AL1,SUP-009,MAT-020,272092,0.4131,112401.2052,2025-06-08,2025-06-08,,Open,False,0.0
PO-000491,2025-06-02,PLT-AL1,SUP-009,MAT-020,229414,0.4131,94770.9234,2025-06-26,2025-06-29,,Open,False,0.0
PO-000492,2025-06-16,PLT-AL1,SUP-009,MAT-020,280803,0.4131,115999.7193,2025-07-10,2025-07-10,,Open,False,0.0
PO-000493,2025-01-01,PLT-AL1,SUP-010,MAT-021,188958,0.2853,53909.7174,2025-01-25,2025-01-25,2025-01-25,Received,False,0.0
PO-000494,2025-01-15,PLT-AL1,SUP-010,MAT-021,167873,0.2853,47894.1669,2025-02-08,2025-02-10,2025-02-08,Received,False,0.0
PO-000495,2025-02-03,PLT-AL1,SUP-010,MAT-021,184516,0.2853,52642.4148,2025-02-27,2025-02-11,2025-02-27,Received,True,4442.6694
PO-000496,2025-02-17,PLT-AL1,SUP-010,MAT-021,168721,0.2853,48136.1013,2025-03-13,2025-02-25,2025-03-13,Received,True,4767.6019
PO-000497,2025-03-03,PLT-AL1,SUP-010,MAT-021,172152,0.2853,49114.9656,2025-03-27,2025-03-29,2025-03-27,Received,False,0.0
PO-000498,2025-03-17,PLT-AL1,SUP-010,MAT-021,183035,0.2853,52219.8855,2025-04-10,2025-04-11,,In Transit,False,0.0
PO-000499,2025-04-01,PLT-AL1,SUP-010,MAT-021,204841,0.2853,58441.1373,2025-04-25,2025-04-25,,In Transit,False,0.0
PO-000500,2025-04-15,PLT-AL1,SUP-010,MAT-021,177028,0.2853,50506.0884,2025-05-09,2025-05-09,,Open,False,0.0
PO-000501,2025-05-01,PLT-AL1,SUP-010,MAT-021,164748,0.2853,47002.6044,2025-05-25,2025-05-27,,Open,False,0.0
PO-000502,2025-05-15,PLT-AL1,SUP-010,MAT-021,200971,0.2853,57337.0263,2025-06-08,2025-06-10,,Open,False,0.0
PO-000503,2025-06-02,PLT-AL1,SUP-010,MAT-021,169671,0.2853,48407.1363,2025-06-26,2025-06-27,,Open,False,0.0
PO-000504,2025-06-16,PLT-AL1,SUP-010,MAT-021,153454,0.2853,43780.4262,2025-07-10,2025-07-12,,Open,False,0.0
PO-000505,2025-01-01,PLT-AL1,SUP-012,MAT-022,877,97.223,85264.571,2025-01-30,2025-01-30,2025-01-30,Received,False,0.0
PO-000506,2025-01-15,PLT-AL1,SUP-012,MAT-022,836,97.223,81278.428,2025-02-13,2025-02-13,2025-02-13,Received,False,0.0
PO-000507,2025-02-03,PLT-AL1,SUP-012,MAT-022,896,97.223,87111.808,2025-03-04,2025-03-07,2025-03-04,Received,False,0.0
PO-000508,2025-02-17,PLT-AL1,SUP-012,MAT-022,739,97.223,71847.797,2025-03-18,2025-03-22,2025-03-18,Received,False,0.0
PO-000509,2025-03-03,PLT-AL1,SUP-012,MAT-022,829,97.223,80597.867,2025-04-01,2025-03-12,2025-04-01,Received,True,7334.1056
PO-000510,2025-03-17,PLT-AL1,SUP-012,MAT-022,791,97.223,76903.393,2025-04-15,2025-04-16,,In Transit,False,0.0
PO-000511,2025-04-01,PLT-AL1,SUP-012,MAT-022,683,97.223,66403.309,2025-04-30,2025-04-30,,In Transit,False,0.0
PO-000512,2025-04-15,PLT-AL1,SUP-012,MAT-022,837,97.223,81375.651,2025-05-14,2025-05-14,,Open,False,0.0
PO-000513,2025-05-01,PLT-AL1,SUP-012,MAT-022,721,97.223,70097.783,2025-05-30,2025-05-30,,Open,False,0.0
PO-000514,2025-05-15,PLT-AL1,SUP-012,MAT-022,766,97.223,74472.818,2025-06-13,2025-06-14,,Open,False,0.0
PO-000515,2025-06-02,PLT-AL1,SUP-012,MAT-022,858,97.223,83417.334,2025-07-01,2025-07-03,,Open,True,5237.5614
PO-000516,2025-06-16,PLT-AL1,SUP-012,MAT-022,880,97.223,85556.24,2025-07-15,2025-07-18,,Open,False,0.0
PO-000517,2025-01-01,PLT-AL1,SUP-016,MAT-038,273,205.5993,56128.6089,2025-02-03,2025-02-04,2025-02-03,Received,False,0.0
PO-000518,2025-01-15,PLT-AL1,SUP-016,MAT-038,262,205.5993,53867.0166,2025-02-17,2025-02-17,2025-02-17,Received,False,0.0
PO-000519,2025-02-03,PLT-AL1,SUP-016,MAT-038,292,205.5993,60034.9956,2025-03-08,2025-03-08,2025-03-08,Received,False,0.0
PO-000520,2025-02-17,PLT-AL1,SUP-016,MAT-038,316,205.5993,64969.3788,2025-03-22,2025-03-23,2025-03-22,Received,False,0.0
PO-000521,2025-03-03,PLT-AL1,SUP-016,MAT-038,290,205.5993,59623.797,2025-04-05,2025-03-14,,In Transit,True,4802.1232
PO-000522,2025-03-17,PLT-AL1,SUP-016,MAT-038,259,205.5993,53250.2187,2025-04-19,2025-04-26,,In Transit,False,0.0
PO-000523,2025-04-01,PLT-AL1,SUP-016,MAT-038,288,205.5993,59212.5984,2025-05-04,2025-05-05,,In Transit,False,0.0
PO-000524,2025-04-15,PLT-AL1,SUP-016,MAT-038,255,205.5993,52427.8215,2025-05-18,2025-05-20,,Open,False,0.0
PO-000525,2025-05-01,PLT-AL1,SUP-016,MAT-038,312,205.5993,64146.9816,2025-06-03,2025-06-08,,Open,False,0.0
PO-000526,2025-05-15,PLT-AL1,SUP-016,MAT-038,302,205.5993,62090.9886,2025-06-17,2025-06-19,,Open,False,0.0
PO-000527,2025-06-02,PLT-AL1,SUP-016,MAT-038,305,205.5993,62707.7865,2025-07-05,2025-07-05,,Open,False,0.0
PO-000528,2025-06-16,PLT-AL1,SUP-016,MAT-038,273,205.5993,56128.6089,2025-07-19,2025-07-21,,Open,False,0.0
PO-000529,2025-01-01,PLT-AL1,SUP-012,MAT-039,213,220.9917,47071.2321,2025-02-11,2025-02-15,2025-02-11,Received,False,0.0
PO-000530,2025-01-15,PLT-AL1,SUP-012,MAT-039,215,220.9917,47513.2155,2025-02-25,2025-03-01,2025-02-25,Received,False,0.0
PO-000531,2025-02-03,PLT-AL1,SUP-012,MAT-039,200,220.9917,44198.34,2025-03-16,2025-03-18,2025-03-16,Received,False,0.0
PO-000532,2025-02-17,PLT-AL1,SUP-012,MAT-039,223,220.9917,49281.1491,2025-03-30,2025-03-31,2025-03-30,Received,False,0.0
PO-000533,2025-03-03,PLT-AL1,SUP-012,MAT-039,208,220.9917,45966.2736,2025-04-13,2025-04-13,,In Transit,False,0.0
PO-000534,2025-03-17,PLT-AL1,SUP-012,MAT-039,179,220.9917,39557.5143,2025-04-27,2025-04-27,,In Transit,False,0.0
PO-000535,2025-04-01,PLT-AL1,SUP-012,MAT-039,177,220.9917,39115.5309,2025-05-12,2025-05-13,,In Transit,False,0.0
PO-000536,2025-04-15,PLT-AL1,SUP-012,MAT-039,220,220.9917,48618.174,2025-05-26,2025-05-26,,Open,True,4178.0962
PO-000537,2025-05-01,PLT-AL1,SUP-012,MAT-039,202,220.9917,44640.3234,2025-06-11,2025-06-14,,Open,False,0.0
PO-000538,2025-05-15,PLT-AL1,SUP-012,MAT-039,218,220.9917,48176.1906,2025-06-25,2025-06-26,,Open,False,0.0
PO-000539,2025-06-02,PLT-AL1,SUP-012,MAT-039,218,220.9917,48176.1906,2025-07-13,2025-07-16,,Open,False,0.0
PO-000540,2025-06-16,PLT-AL1,SUP-012,MAT-039,171,220.9917,37789.5807,2025-07-27,2025-07-30,,Open,False,0.0
PO-000541,2025-01-01,PLT-AL1,SUP-012,MAT-040,42527,29.2391,1243451.2057,2025-02-11,2025-02-17,2025-02-11,Received,False,0.0
PO-000542,2025-01-15,PLT-AL1,SUP-012,MAT-040,48802,29.2391,1426926.5582,2025-02-25,2025-02-27,2025-02-25,Received,False,0.0
PO-000543,2025-02-03,PLT-AL1,SUP-012,MAT-040,49241,29.2391,1439762.5231,2025-03-16,2025-03-22,2025-03-16,Received,False,0.0
PO-000544,2025-02-17,PLT-AL1,SUP-012,MAT-040,51719,29.2391,1512217.0129,2025-03-30,2025-04-08,2025-03-30,Received,False,0.0
PO-000545,2025-03-03,PLT-AL1,SUP-012,MAT-040,49864,29.2391,1457978.4824,2025-04-13,2025-04-19,,In Transit,False,0.0
PO-000546,2025-03-17,PLT-AL1,SUP-012,MAT-040,51032,29.2391,1492129.7512,2025-04-27,2025-04-28,,In Transit,False,0.0
PO-000547,2025-04-01,PLT-AL1,SUP-012,MAT-040,52587,29.2391,1537596.5517,2025-05-12,2025-05-17,,In Transit,False,0.0
PO-000548,2025-04-15,PLT-AL1,SUP-012,MAT-040,46239,29.2391,1351986.7449,2025-05-26,2025-05-31,,Open,False,0.0
PO-000549,2025-05-01,PLT-AL1,SUP-012,MAT-040,46627,29.2391,1363331.5157,2025-06-11,2025-06-16,,Open,False,0.0
PO-000550,2025-05-15,PLT-AL1,SUP-012,MAT-040,55781,29.2391,1630986.2371,2025-06-25,2025-07-02,,Open,False,0.0
PO-000551,2025-06-02,PLT-AL1,SUP-012,MAT-040,49718,29.2391,1453709.5738,2025-07-13,2025-07-22,,Open,False,0.0
PO-000552,2025-06-16,PLT-AL1,SUP-012,MAT-040,52450,29.2391,1533590.795,2025-07-27,2025-08-05,,Open,False,0.0
PO-000553,2025-01-01,PLT-AL1,SUP-019,MAT-047,102049,3.4114,348129.9586,2025-01-14,2025-01-15,2025-01-14,Received,False,0.0
PO-000554,2025-01-15,PLT-AL1,SUP-019,MAT-047,86936,3.4114,296573.4704,2025-01-28,2025-01-30,2025-01-28,Received,False,0.0
PO-000555,2025-02-03,PLT-AL1,SUP-019,MAT-047,102555,3.4114,349856.127,2025-02-16,2025-02-07,2025-02-19,Received,True,32899.944
PO-000556,2025-02-17,PLT-AL1,SUP-019,MAT-047,101903,3.4114,347631.8942,2025-03-02,2025-03-03,2025-03-02,Received,False,0.0
PO-000557,2025-03-03,PLT-AL1,SUP-019,MAT-047,111202,3.4114,379354.5028,2025-03-16,2025-03-17,2025-03-16,Received,False,0.0
PO-000558,2025-03-17,PLT-AL1,SUP-019,MAT-047,89935,3.4114,306804.259,2025-03-30,2025-03-31,2025-03-30,Received,False,0.0
PO-000559,2025-04-01,PLT-AL1,SUP-019,MAT-047,92077,3.4114,314111.4778,2025-04-14,2025-04-14,,In Transit,False,0.0
PO-000560,2025-04-15,PLT-AL1,SUP-019,MAT-047,107072,3.4114,365265.4208,2025-04-28,2025-04-28,,Open,False,0.0
PO-000561,2025-05-01,PLT-AL1,SUP-019,MAT-047,108081,3.4114,368707.5234,2025-05-14,2025-05-14,,Open,False,0.0
PO-000562,2025-05-15,PLT-AL1,SUP-019,MAT-047,104658,3.4114,357030.3012,2025-05-28,2025-05-30,,Open,False,0.0
PO-000563,2025-06-02,PLT-AL1,SUP-019,MAT-047,100669,3.4114,343422.2266,2025-06-15,2025-06-16,,Open,False,0.0
PO-000564,2025-06-16,PLT-AL1,SUP-019,MAT-047,101526,3.4114,346345.7964,2025-06-29,2025-07-01,,Open,False,0.0
PO-000565,2025-01-01,PLT-AL1,SUP-019,MAT-048,105718,1.8605,196688.339,2025-01-14,2025-01-16,2025-01-14,Received,False,0.0
PO-000566,2025-01-15,PLT-AL1,SUP-019,MAT-048,107716,1.8605,200405.618,2025-01-28,2025-01-30,2025-01-28,Received,False,0.0
PO-000567,2025-02-03,PLT-AL1,SUP-019,MAT-048,108299,1.8605,201490.2895,2025-02-16,2025-02-18,2025-02-16,Received,False,0.0
PO-000568,2025-02-17,PLT-AL1,SUP-019,MAT-048,92280,1.8605,171686.94,2025-03-02,2025-03-02,2025-03-02,Received,False,0.0
PO-000569,2025-03-03,PLT-AL1,SUP-019,MAT-048,91804,1.8605,170801.342,2025-03-16,2025-03-07,2025-03-16,Received,True,10027.7552
PO-000570,2025-03-17,PLT-AL1,SUP-019,MAT-048,100603,1.8605,187171.8815,2025-03-30,2025-03-31,2025-03-30,Received,False,0.0
PO-000571,2025-04-01,PLT-AL1,SUP-019,MAT-048,111814,1.8605,208029.947,2025-04-14,2025-04-16,,In Transit,False,0.0
PO-000572,2025-04-15,PLT-AL1,SUP-019,MAT-048,108643,1.8605,202130.3015,2025-04-28,2025-04-29,,Open,False,0.0
PO-000573,2025-05-01,PLT-AL1,SUP-019,MAT-048,90153,1.8605,167729.6565,2025-05-14,2025-05-15,,Open,True,13408.2267
PO-000574,2025-05-15,PLT-AL1,SUP-019,MAT-048,101928,1.8605,189637.044,2025-05-28,2025-05-29,,Open,False,0.0
PO-000575,2025-06-02,PLT-AL1,SUP-019,MAT-048,93541,1.8605,174033.0305,2025-06-15,2025-06-15,,Open,False,0.0
PO-000576,2025-06-16,PLT-AL1,SUP-019,MAT-048,94973,1.8605,176697.2665,2025-06-29,2025-06-29,,Open,False,0.0
PO-000577,2025-01-01,PLT-AL1,SUP-011,MAT-049,855,8.8931,7603.6005,2025-01-17,2025-01-06,2025-01-17,Received,True,437.3767
PO-000578,2025-01-15,PLT-AL1,SUP-011,MAT-049,880,8.8931,7825.928,2025-01-31,2025-02-03,2025-01-31,Received,False,0.0
PO-000579,2025-02-03,PLT-AL1,SUP-011,MAT-049,903,8.8931,8030.4693,2025-02-19,2025-02-19,2025-02-19,Received,False,0.0
PO-000580,2025-02-17,PLT-AL1,SUP-011,MAT-049,875,8.8931,7781.4625,2025-03-05,2025-03-07,2025-03-05,Received,False,0.0
PO-000581,2025-03-03,PLT-AL1,SUP-011,MAT-049,970,8.8931,8626.307,2025-03-19,2025-03-21,2025-03-19,Received,False,0.0
PO-000582,2025-03-17,PLT-AL1,SUP-011,MAT-049,1118,8.8931,9942.4858,2025-04-02,2025-04-03,,In Transit,False,0.0
PO-000583,2025-04-01,PLT-AL1,SUP-011,MAT-049,849,8.8931,7550.2419,2025-04-17,2025-04-18,,In Transit,False,0.0
PO-000584,2025-04-15,PLT-AL1,SUP-011,MAT-049,1082,8.8931,9622.3342,2025-05-01,2025-05-02,,Open,False,0.0
PO-000585,2025-05-01,PLT-AL1,SUP-011,MAT-049,1003,8.8931,8919.7793,2025-05-17,2025-05-19,,Open,True,546.1376
PO-000586,2025-05-15,PLT-AL1,SUP-011,MAT-049,1083,8.8931,9631.2273,2025-05-31,2025-06-01,,Open,False,0.0
PO-000587,2025-06-02,PLT-AL1,SUP-011,MAT-049,1094,8.8931,9729.0514,2025-06-18,2025-06-21,,Open,False,0.0
PO-000588,2025-06-16,PLT-AL1,SUP-011,MAT-049,1024,8.8931,9106.5344,2025-07-02,2025-07-03,,Open,False,0.0
PO-000589,2025-01-01,PLT-AL1,SUP-019,MAT-050,925,22.5955,20900.8375,2025-01-14,2025-01-05,2025-01-14,Received,True,2026.9906
PO-000590,2025-01-15,PLT-AL1,SUP-019,MAT-050,1098,22.5955,24809.859,2025-01-28,2025-01-28,2025-01-28,Received,False,0.0
PO-000591,2025-02-03,PLT-AL1,SUP-019,MAT-050,872,22.5955,19703.276,2025-02-16,2025-02-17,2025-02-16,Received,False,0.0
PO-000592,2025-02-17,PLT-AL1,SUP-019,MAT-050,887,22.5955,20042.2085,2025-03-02,2025-03-03,2025-03-02,Received,False,0.0
PO-000593,2025-03-03,PLT-AL1,SUP-019,MAT-050,849,22.5955,19183.5795,2025-03-16,2025-03-18,2025-03-16,Received,False,0.0
PO-000594,2025-03-17,PLT-AL1,SUP-019,MAT-050,988,22.5955,22324.354,2025-03-30,2025-03-31,2025-03-30,Received,False,0.0
PO-000595,2025-04-01,PLT-AL1,SUP-019,MAT-050,848,22.5955,19160.984,2025-04-14,2025-04-15,,In Transit,False,0.0
PO-000596,2025-04-15,PLT-AL1,SUP-019,MAT-050,1023,22.5955,23115.1965,2025-04-28,2025-04-30,,Open,False,0.0
PO-000597,2025-05-01,PLT-AL1,SUP-019,MAT-050,865,22.5955,19545.1075,2025-05-14,2025-05-16,,Open,False,0.0
PO-000598,2025-05-15,PLT-AL1,SUP-019,MAT-050,955,22.5955,21578.7025,2025-05-28,2025-05-28,,Open,False,0.0
PO-000599,2025-06-02,PLT-AL1,SUP-019,MAT-050,907,22.5955,20494.1185,2025-06-15,2025-06-16,,Open,False,0.0
PO-000600,2025-06-16,PLT-AL1,SUP-019,MAT-050,916,22.5955,20697.478,2025-06-29,2025-06-29,,Open,False,0.0
PO-000601,2025-01-01,PLT-LA1,SUP-001,MAT-001,39947,30.2499,1208392.7553,2025-02-10,2025-02-15,2025-02-10,Received,False,0.0
PO-000602,2025-01-15,PLT-LA1,SUP-001,MAT-001,46858,30.2499,1417449.8142,2025-02-24,2025-02-27,2025-02-24,Received,False,0.0
PO-000603,2025-02-03,PLT-LA1,SUP-001,MAT-001,44095,30.2499,1333869.3405,2025-03-15,2025-02-16,2025-03-15,Received,True,120069.5237
PO-000604,2025-02-17,PLT-LA1,SUP-001,MAT-001,35484,30.2499,1073387.4516,2025-03-29,2025-04-01,2025-03-29,Received,False,0.0
PO-000605,2025-03-03,PLT-LA1,SUP-001,MAT-001,36341,30.2499,1099311.6159,2025-04-12,2025-04-14,,In Transit,False,0.0
PO-000606,2025-03-17,PLT-LA1,SUP-001,MAT-001,39787,30.2499,1203552.7713,2025-04-26,2025-04-27,,In Transit,False,0.0
PO-000607,2025-04-01,PLT-LA1,SUP-001,MAT-001,37324,30.2499,1129047.2676,2025-05-11,2025-05-15,,In Transit,False,0.0
PO-000608,2025-04-15,PLT-LA1,SUP-001,MAT-001,42678,30.2499,1291005.2322,2025-05-25,2025-05-25,,Open,False,0.0
PO-000609,2025-05-01,PLT-LA1,SUP-001,MAT-001,47403,30.2499,1433936.0097,2025-06-10,2025-06-11,,Open,False,0.0
PO-000610,2025-05-15,PLT-LA1,SUP-001,MAT-001,36348,30.2499,1099523.3652,2025-06-24,2025-06-24,,Open,False,0.0
PO-000611,2025-06-02,PLT-LA1,SUP-001,MAT-001,42881,30.2499,1297145.9619,2025-07-12,2025-07-14,,Open,False,0.0
PO-000612,2025-06-16,PLT-LA1,SUP-001,MAT-001,36214,30.2499,1095469.8786,2025-07-26,2025-07-29,,Open,False,0.0
PO-000613,2025-01-01,PLT-LA1,SUP-001,MAT-002,37082,22.4233,831500.8106,2025-02-10,2025-02-11,2025-02-10,Received,False,0.0
PO-000614,2025-01-15,PLT-LA1,SUP-001,MAT-002,38077,22.4233,853811.9941,2025-02-24,2025-02-25,2025-02-24,Received,False,0.0
PO-000615,2025-02-03,PLT-LA1,SUP-001,MAT-002,46069,22.4233,1033019.0077,2025-03-15,2025-03-16,2025-03-15,Received,False,0.0
PO-000616,2025-02-17,PLT-LA1,SUP-001,MAT-002,38813,22.4233,870315.5429,2025-03-29,2025-03-30,2025-03-29,Received,False,0.0
PO-000617,2025-03-03,PLT-LA1,SUP-001,MAT-002,38166,22.4233,855807.6678,2025-04-12,2025-04-16,,In Transit,False,0.0
PO-000618,2025-03-17,PLT-LA1,SUP-001,MAT-002,44088,22.4233,988598.4504,2025-04-26,2025-03-30,,In Transit,True,56454.6275
PO-000619,2025-04-01,PLT-LA1,SUP-001,MAT-002,41868,22.4233,938818.7244,2025-05-11,2025-05-13,,In Transit,False,0.0
PO-000620,2025-04-15,PLT-LA1,SUP-001,MAT-002,44221,22.4233,991580.7493,2025-05-25,2025-05-26,,Open,False,0.0
PO-000621,2025-05-01,PLT-LA1,SUP-001,MAT-002,38283,22.4233,858431.1939,2025-06-10,2025-06-12,,Open,True,94323.1431
PO-000622,2025-05-15,PLT-LA1,SUP-001,MAT-002,41610,22.4233,933033.513,2025-06-24,2025-06-24,,Open,True,79602.3907
PO-000623,2025-06-02,PLT-LA1,SUP-001,MAT-002,40125,22.4233,899734.9125,2025-07-12,2025-07-15,,Open,False,0.0
PO-000624,2025-06-16,PLT-LA1,SUP-001,MAT-002,37167,22.4233,833406.7911,2025-07-26,2025-07-30,,Open,False,0.0
PO-000625,2025-01-01,PLT-LA1,SUP-004,MAT-005,274,316.6149,86752.4826,2025-03-12,2025-03-15,2025-03-12,Received,False,0.0
PO-000626,2025-01-15,PLT-LA1,SUP-004,MAT-005,245,316.6149,77570.6505,2025-03-26,2025-03-28,2025-03-26,Received,False,0.0
PO-000627,2025-02-03,PLT-LA1,SUP-004,MAT-005,259,316.6149,82003.2591,2025-04-14,2025-04-20,,In Transit,False,0.0
PO-000628,2025-02-17,PLT-LA1,SUP-004,MAT-005,222,316.6149,70288.5078,2025-04-28,2025-05-05,,In Transit,False,0.0
PO-000629,2025-03-03,PLT-LA1,SUP-004,MAT-005,262,316.6149,82953.1038,2025-05-12,2025-05-18,,In Transit,False,0.0
PO-000630,2025-03-17,PLT-LA1,SUP-004,MAT-005,278,316.6149,88018.9422,2025-05-26,2025-06-03,,In Transit,False,0.0
PO-000631,2025-04-01,PLT-LA1,SUP-004,MAT-005,238,316.6149,75354.3462,2025-06-10,2025-06-14,,In Transit,False,0.0
PO-000632,2025-04-15,PLT-LA1,SUP-004,MAT-005,250,316.6149,79153.725,2025-06-24,2025-07-02,,Open,False,0.0
PO-000633,2025-05-01,PLT-LA1,SUP-004,MAT-005,275,316.6149,87069.0975,2025-07-10,2025-07-10,,Open,False,0.0
PO-000634,2025-05-15,PLT-LA1,SUP-004,MAT-005,227,316.6149,71871.5823,2025-07-24,2025-07-29,,Open,False,0.0
PO-000635,2025-06-02,PLT-LA1,SUP-004,MAT-005,274,316.6149,86752.4826,2025-08-11,2025-08-17,,Open,False,0.0
PO-000636,2025-06-16,PLT-LA1,SUP-004,MAT-005,240,316.6149,75987.576,2025-08-25,2025-08-25,,Open,False,0.0
PO-000637,2025-01-01,PLT-LA1,SUP-004,MAT-006,78,210.9981,16457.8518,2025-03-12,2025-03-18,2025-03-12,Received,False,0.0
PO-000638,2025-01-15,PLT-LA1,SUP-004,MAT-006,90,210.9981,18989.829,2025-03-26,2025-04-04,2025-03-26,Received,False,0.0
PO-000639,2025-02-03,PLT-LA1,SUP-004,MAT-006,90,210.9981,18989.829,2025-04-14,2025-04-26,,In Transit,False,0.0
PO-000640,2025-02-17,PLT-LA1,SUP-004,MAT-006,78,210.9981,16457.8518,2025-04-28,2025-05-01,,In Transit,False,0.0
PO-000641,2025-03-03,PLT-LA1,SUP-004,MAT-006,93,210.9981,19622.8233,2025-05-12,2025-05-19,,In Transit,False,0.0
PO-000642,2025-03-17,PLT-LA1,SUP-004,MAT-006,88,210.9981,18567.8328,2025-05-26,2025-06-02,,In Transit,False,0.0
PO-000643,2025-04-01,PLT-LA1,SUP-004,MAT-006,74,210.9981,15613.8594,2025-06-10,2025-06-12,,In Transit,False,0.0
PO-000644,2025-04-15,PLT-LA1,SUP-004,MAT-006,93,210.9981,19622.8233,2025-06-24,2025-06-28,,Open,False,0.0
PO-000645,2025-05-01,PLT-LA1,SUP-004,MAT-006,80,210.9981,16879.848,2025-07-10,2025-07-16,,Open,False,0.0
PO-000646,2025-05-15,PLT-LA1,SUP-004,MAT-006,93,210.9981,19622.8233,2025-07-24,2025-07-25,,Open,False,0.0
PO-000647,2025-06-02,PLT-LA1,SUP-004,MAT-006,85,210.9981,17934.8385,2025-08-11,2025-08-19,,Open,False,0.0
PO-000648,2025-06-16,PLT-LA1,SUP-004,MAT-006,84,210.9981,17723.8404,2025-08-25,2025-09-07,,Open,True,2103.7316
PO-000649,2025-01-01,PLT-LA1,SUP-006,MAT-007,124,173.7297,21542.4828,2025-03-12,2025-03-20,2025-03-12,Received,False,0.0
PO-000650,2025-01-15,PLT-LA1,SUP-006,MAT-007,112,173.7297,19457.7264,2025-03-26,2025-04-03,2025-03-26,Received,False,0.0
PO-000651,2025-02-03,PLT-LA1,SUP-006,MAT-007,116,173.7297,20152.6452,2025-04-14,2025-02-26,,In Transit,True,1316.1404
PO-000652,2025-02-17,PLT-LA1,SUP-006,MAT-007,120,173.7297,20847.564,2025-04-28,2025-05-07,,In Transit,False,0.0
PO-000653,2025-03-03,PLT-LA1,SUP-006,MAT-007,123,173.7297,21368.7531,2025-05-12,2025-05-17,,In Transit,False,0.0
PO-000654,2025-03-17,PLT-LA1,SUP-006,MAT-007,108,173.7297,18762.8076,2025-05-26,2025-06-02,,In Transit,False,0.0
PO-000655,2025-04-01,PLT-LA1,SUP-006,MAT-007,134,173.7297,23279.7798,2025-06-10,2025-06-10,,In Transit,False,0.0
PO-000656,2025-04-15,PLT-LA1,SUP-006,MAT-007,131,173.7297,22758.5907,2025-06-24,2025-07-03,,Open,False,0.0
PO-000657,2025-05-01,PLT-LA1,SUP-006,MAT-007,125,173.7297,21716.2125,2025-07-10,2025-07-12,,Open,False,0.0
PO-000658,2025-05-15,PLT-LA1,SUP-006,MAT-007,140,173.7297,24322.158,2025-07-24,2025-08-03,,Open,False,0.0
PO-000659,2025-06-02,PLT-LA1,SUP-006,MAT-007,132,173.7297,22932.3204,2025-08-11,2025-08-21,,Open,False,0.0
PO-000660,2025-06-16,PLT-LA1,SUP-006,MAT-007,116,173.7297,20152.6452,2025-08-25,2025-08-28,,Open,False,0.0
PO-000661,2025-01-01,PLT-LA1,SUP-005,MAT-008,36,433.2297,15596.2692,2025-03-02,2025-03-02,2025-03-02,Received,False,0.0
PO-000662,2025-01-15,PLT-LA1,SUP-005,MAT-008,36,433.2297,15596.2692,2025-03-16,2025-02-04,2025-03-16,Received,True,924.9514
PO-000663,2025-02-03,PLT-LA1,SUP-005,MAT-008,38,433.2297,16462.7286,2025-04-04,2025-04-10,,In Transit,False,0.0
PO-000664,2025-02-17,PLT-LA1,SUP-005,MAT-008,42,433.2297,18195.6474,2025-04-18,2025-04-18,,In Transit,False,0.0
PO-000665,2025-03-03,PLT-LA1,SUP-005,MAT-008,48,433.2297,20795.0256,2025-05-02,2025-05-06,,In Transit,False,0.0
PO-000666,2025-03-17,PLT-LA1,SUP-005,MAT-008,44,433.2297,19062.1068,2025-05-16,2025-05-23,,In Transit,False,0.0
PO-000667,2025-04-01,PLT-LA1,SUP-005,MAT-008,47,433.2297,20361.7959,2025-05-31,2025-06-07,,In Transit,False,0.0
PO-000668,2025-04-15,PLT-LA1,SUP-005,MAT-008,37,433.2297,16029.4989,2025-06-14,2025-06-19,,Open,False,0.0
PO-000669,2025-05-01,PLT-LA1,SUP-005,MAT-008,43,433.2297,18628.8771,2025-06-30,2025-07-07,,Open,False,0.0
PO-000670,2025-05-15,PLT-LA1,SUP-005,MAT-008,47,433.2297,20361.7959,2025-07-14,2025-07-22,,Open,False,0.0
PO-000671,2025-06-02,PLT-LA1,SUP-005,MAT-008,42,433.2297,18195.6474,2025-08-01,2025-08-06,,Open,False,0.0
PO-000672,2025-06-16,PLT-LA1,SUP-005,MAT-008,43,433.2297,18628.8771,2025-08-15,2025-08-17,,Open,False,0.0
PO-000673,2025-01-01,PLT-LA1,SUP-006,MAT-009,44,95.4216,4198.5504,2025-03-12,2025-03-16,2025-03-12,Received,False,0.0
PO-000674,2025-01-15,PLT-LA1,SUP-006,MAT-009,45,95.4216,4293.972,2025-03-26,2025-03-26,2025-03-26,Received,False,0.0
PO-000675,2025-02-03,PLT-LA1,SUP-006,MAT-009,41,95.4216,3912.2856,2025-04-14,2025-04-18,,In Transit,False,0.0
PO-000676,2025-02-17,PLT-LA1,SUP-006,MAT-009,41,95.4216,3912.2856,2025-04-28,2025-04-28,,In Transit,False,0.0
PO-000677,2025-03-03,PLT-LA1,SUP-006,MAT-009,47,95.4216,4484.8152,2025-05-12,2025-05-13,,In Transit,False,0.0
PO-000678,2025-03-17,PLT-LA1,SUP-006,MAT-009,45,95.4216,4293.972,2025-05-26,2025-05-29,,In Transit,False,0.0
PO-000679,2025-04-01,PLT-LA1,SUP-006,MAT-009,41,95.4216,3912.2856,2025-06-10,2025-06-18,,In Transit,False,0.0
PO-000680,2025-04-15,PLT-LA1,SUP-006,MAT-009,42,95.4216,4007.7072,2025-06-24,2025-06-30,,Open,False,0.0
PO-000681,2025-05-01,PLT-LA1,SUP-006,MAT-009,40,95.4216,3816.864,2025-07-10,2025-07-11,,Open,False,0.0
PO-000682,2025-05-15,PLT-LA1,SUP-006,MAT-009,38,95.4216,3626.0208,2025-07-24,2025-07-25,,Open,False,0.0
PO-000683,2025-06-02,PLT-LA1,SUP-006,MAT-009,45,95.4216,4293.972,2025-08-11,2025-08-11,,Open,False,0.0
PO-000684,2025-06-16,PLT-LA1,SUP-006,MAT-009,41,95.4216,3912.2856,2025-08-25,2025-08-27,,Open,False,0.0
PO-000685,2025-01-01,PLT-LA1,SUP-007,MAT-011,80758,6.7785,547418.103,2025-01-31,2025-02-05,2025-01-31,Received,False,0.0
PO-000686,2025-01-15,PLT-LA1,SUP-007,MAT-011,73398,6.7785,497528.343,2025-02-14,2025-02-21,2025-02-14,Received,False,0.0
PO-000687,2025-02-03,PLT-LA1,SUP-007,MAT-011,93531,6.7785,633999.8835,2025-03-05,2025-03-11,2025-03-05,Received,False,0.0
PO-000688,2025-02-17,PLT-LA1,SUP-007,MAT-011,91581,6.7785,620781.8085,2025-03-19,2025-03-21,2025-03-19,Received,False,0.0
PO-000689,2025-03-03,PLT-LA1,SUP-007,MAT-011,78816,6.7785,534254.256,2025-04-02,2025-04-03,,In Transit,False,0.0
PO-000690,2025-03-17,PLT-LA1,SUP-007,MAT-011,72961,6.7785,494566.1385,2025-04-16,2025-04-18,,In Transit,False,0.0
PO-000691,2025-04-01,PLT-LA1,SUP-007,MAT-011,83895,6.7785,568682.2575,2025-05-01,2025-05-03,,In Transit,False,0.0
PO-000692,2025-04-15,PLT-LA1,SUP-007,MAT-011,95122,6.7785,644784.477,2025-05-15,2025-05-17,,Open,True,40253.969
PO-000693,2025-05-01,PLT-LA1,SUP-007,MAT-011,77705,6.7785,526723.3425,2025-05-31,2025-06-05,,Open,False,0.0
PO-000694,2025-05-15,PLT-LA1,SUP-007,MAT-011,87021,6.7785,589871.8485,2025-06-14,2025-06-16,,Open,False,0.0
PO-000695,2025-06-02,PLT-LA1,SUP-007,MAT-011,92661,6.7785,628102.5885,2025-07-02,2025-07-02,,Open,False,0.0
PO-000696,2025-06-16,PLT-LA1,SUP-007,MAT-011,95234,6.7785,645543.669,2025-07-16,2025-07-16,,Open,False,0.0
PO-000697,2025-01-01,PLT-LA1,SUP-007,MAT-012,85735,3.9699,340359.3765,2025-01-31,2025-02-01,2025-01-31,Received,False,0.0
PO-000698,2025-01-15,PLT-LA1,SUP-007,MAT-012,92765,3.9699,368267.7735,2025-02-14,2025-02-16,2025-02-14,Received,False,0.0
PO-000699,2025-02-03,PLT-LA1,SUP-007,MAT-012,85213,3.9699,338287.0887,2025-03-05,2025-03-07,2025-03-05,Received,False,0.0
PO-000700,2025-02-17,PLT-LA1,SUP-007,MAT-012,73905,3.9699,293395.4595,2025-03-19,2025-03-20,2025-03-19,Received,False,0.0
PO-000701,2025-03-03,PLT-LA1,SUP-007,MAT-012,86459,3.9699,343233.5841,2025-04-02,2025-04-05,,In Transit,False,0.0
PO-000702,2025-03-17,PLT-LA1,SUP-007,MAT-012,85539,3.9699,339581.2761,2025-04-16,2025-04-19,,In Transit,False,0.0
PO-000703,2025-04-01,PLT-LA1,SUP-007,MAT-012,91649,3.9699,363837.3651,2025-05-01,2025-05-04,,In Transit,False,0.0
PO-000704,2025-04-15,PLT-LA1,SUP-007,MAT-012,79379,3.9699,315126.6921,2025-05-15,2025-05-17,,Open,False,0.0
PO-000705,2025-05-01,PLT-LA1,SUP-007,MAT-012,86708,3.9699,344222.0892,2025-05-31,2025-06-03,,Open,False,0.0
PO-000706,2025-05-15,PLT-LA1,SUP-007,MAT-012,90525,3.9699,359375.1975,2025-06-14,2025-06-16,,Open,False,0.0
PO-000707,2025-06-02,PLT-LA1,SUP-007,MAT-012,87026,3.9699,345484.5174,2025-07-02,2025-07-05,,Open,False,0.0
PO-000708,2025-06-16,PLT-LA1,SUP-007,MAT-012,74156,3.9699,294391.9044,2025-07-16,2025-07-16,,Open,False,0.0
PO-000709,2025-01-01,PLT-LA1,SUP-007,MAT-013,35959,2.3016,82763.2344,2025-01-31,2025-02-03,2025-01-31,Received,False,0.0
PO-000710,2025-01-15,PLT-LA1,SUP-007,MAT-013,36797,2.3016,84691.9752,2025-02-14,2025-02-16,2025-02-14,Received,False,0.0
PO-000711,2025-02-03,PLT-LA1,SUP-007,MAT-013,43780,2.3016,100764.048,2025-03-05,2025-03-08,2025-03-05,Received,False,0.0
PO-000712,2025-02-17,PLT-LA1,SUP-007,MAT-013,40325,2.3016,92812.02,2025-03-19,2025-03-21,2025-03-19,Received,False,0.0
PO-000713,2025-03-03,PLT-LA1,SUP-007,MAT-013,46885,2.3016,107910.516,2025-04-02,2025-04-02,,In Transit,False,0.0
PO-000714,2025-03-17,PLT-LA1,SUP-007,MAT-013,39757,2.3016,91504.7112,2025-04-16,2025-04-16,,In Transit,False,0.0
PO-000715,2025-04-01,PLT-LA1,SUP-007,MAT-013,35837,2.3016,82482.4392,2025-05-01,2025-05-04,,In Transit,False,0.0
PO-000716,2025-04-15,PLT-LA1,SUP-007,MAT-013,37549,2.3016,86422.7784,2025-05-15,2025-05-18,,Open,False,0.0
PO-000717,2025-05-01,PLT-LA1,SUP-007,MAT-013,44973,2.3016,103509.8568,2025-05-31,2025-06-03,,Open,False,0.0
PO-000718,2025-05-15,PLT-LA1,SUP-007,MAT-013,36881,2.3016,84885.3096,2025-06-14,2025-06-17,,Open,False,0.0
PO-000719,2025-06-02,PLT-LA1,SUP-007,MAT-013,43415,2.3016,99923.964,2025-07-02,2025-07-03,,Open,False,0.0
PO-000720,2025-06-16,PLT-LA1,SUP-007,MAT-013,35321,2.3016,81294.8136,2025-07-16,2025-07-18,,Open,False,0.0
PO-000721,2025-01-01,PLT-LA1,SUP-008,MAT-014,40399,0.8852,35761.1948,2025-01-28,2025-01-28,2025-01-31,Received,False,0.0
PO-000722,2025-01-15,PLT-LA1,SUP-008,MAT-014,46223,0.8852,40916.5996,2025-02-11,2025-02-13,2025-02-11,Received,False,0.0
PO-000723,2025-02-03,PLT-LA1,SUP-008,MAT-014,46510,0.8852,41170.652,2025-03-02,2025-03-08,2025-03-02,Received,False,0.0
PO-000724,2025-02-17,PLT-LA1,SUP-008,MAT-014,35344,0.8852,31286.5088,2025-03-16,2025-03-20,2025-03-16,Received,False,0.0
PO-000725,2025-03-03,PLT-LA1,SUP-008,MAT-014,39867,0.8852,35290.2684,2025-03-30,2025-03-12,2025-03-30,Received,True,2957.1793
PO-000726,2025-03-17,PLT-LA1,SUP-008,MAT-014,41459,0.8852,36699.5068,2025-04-13,2025-04-18,,In Transit,False,0.0
PO-000727,2025-04-01,PLT-LA1,SUP-008,MAT-014,43419,0.8852,38434.4988,2025-04-28,2025-04-30,,In Transit,False,0.0
PO-000728,2025-04-15,PLT-LA1,SUP-008,MAT-014,41830,0.8852,37027.916,2025-05-12,2025-05-16,,Open,False,0.0
PO-000729,2025-05-01,PLT-LA1,SUP-008,MAT-014,42844,0.8852,37925.5088,2025-05-28,2025-05-31,,Open,False,0.0
PO-000730,2025-05-15,PLT-LA1,SUP-008,MAT-014,44799,0.8852,39656.0748,2025-06-11,2025-06-11,,Open,False,0.0
PO-000731,2025-06-02,PLT-LA1,SUP-008,MAT-014,40886,0.8852,36192.2872,2025-06-29,2025-07-03,,Open,False,0.0
PO-000732,2025-06-16,PLT-LA1,SUP-008,MAT-014,38837,0.8852,34378.5124,2025-07-13,2025-07-16,,Open,False,0.0
PO-000733,2025-01-01,PLT-LA1,SUP-008,MAT-015,35782,1.1855,42419.561,2025-01-28,2025-01-28,2025-01-28,Received,False,0.0
PO-000734,2025-01-15,PLT-LA1,SUP-008,MAT-015,41129,1.1855,48758.4295,2025-02-11,2025-02-12,2025-02-11,Received,False,0.0
PO-000735,2025-02-03,PLT-LA1,SUP-008,MAT-015,46706,1.1855,55369.963,2025-03-02,2025-03-04,2025-03-02,Received,False,0.0
PO-000736,2025-02-17,PLT-LA1,SUP-008,MAT-015,38962,1.1855,46189.451,2025-03-16,2025-03-17,2025-03-16,Received,False,0.0
PO-000737,2025-03-03,PLT-LA1,SUP-008,MAT-015,43540,1.1855,51616.67,2025-03-30,2025-03-30,2025-03-30,Received,False,0.0
PO-000738,2025-03-17,PLT-LA1,SUP-008,MAT-015,41828,1.1855,49587.094,2025-04-13,2025-03-26,,In Transit,True,5783.8685
PO-000739,2025-04-01,PLT-LA1,SUP-008,MAT-015,38200,1.1855,45286.1,2025-04-28,2025-04-10,,In Transit,True,2415.7174
PO-000740,2025-04-15,PLT-LA1,SUP-008,MAT-015,45206,1.1855,53591.713,2025-05-12,2025-05-15,,Open,False,0.0
PO-000741,2025-05-01,PLT-LA1,SUP-008,MAT-015,35432,1.1855,42004.636,2025-05-28,2025-05-30,,Open,False,0.0
PO-000742,2025-05-15,PLT-LA1,SUP-008,MAT-015,44789,1.1855,53097.3595,2025-06-11,2025-06-14,,Open,False,0.0
PO-000743,2025-06-02,PLT-LA1,SUP-008,MAT-015,47524,1.1855,56339.702,2025-06-29,2025-07-01,,Open,False,0.0
PO-000744,2025-06-16,PLT-LA1,SUP-008,MAT-015,44923,1.1855,53256.2165,2025-07-13,2025-07-16,,Open,False,0.0
PO-000745,2025-01-01,PLT-LA1,SUP-009,MAT-016,42201,7.3202,308919.7602,2025-01-25,2025-01-26,2025-01-25,Received,False,0.0
PO-000746,2025-01-15,PLT-LA1,SUP-009,MAT-016,35406,7.3202,259179.0012,2025-02-08,2025-02-09,2025-02-08,Received,False,0.0
PO-000747,2025-02-03,PLT-LA1,SUP-009,MAT-016,46998,7.3202,344034.7596,2025-02-27,2025-02-11,2025-02-27,Received,True,20329.5036
PO-000748,2025-02-17,PLT-LA1,SUP-009,MAT-016,38439,7.3202,281381.1678,2025-03-13,2025-03-16,2025-03-13,Received,False,0.0
PO-000749,2025-03-03,PLT-LA1,SUP-009,MAT-016,37241,7.3202,272611.5682,2025-03-27,2025-03-29,2025-03-27,Received,False,0.0
PO-000750,2025-03-17,PLT-LA1,SUP-009,MAT-016,36442,7.3202,266762.7284,2025-04-10,2025-04-14,,In Transit,False,0.0
PO-000751,2025-04-01,PLT-LA1,SUP-009,MAT-016,43827,7.3202,320822.4054,2025-04-25,2025-04-26,,In Transit,False,0.0
PO-000752,2025-04-15,PLT-LA1,SUP-009,MAT-016,46086,7.3202,337358.7372,2025-05-09,2025-05-09,,Open,False,0.0
PO-000753,2025-05-01,PLT-LA1,SUP-009,MAT-016,47085,7.3202,344671.617,2025-05-25,2025-05-27,,Open,True,35819.5707
PO-000754,2025-05-15,PLT-LA1,SUP-009,MAT-016,47229,7.3202,345725.7258,2025-06-08,2025-06-11,,Open,False,0.0
PO-000755,2025-06-02,PLT-LA1,SUP-009,MAT-016,39426,7.3202,288606.2052,2025-06-26,2025-06-30,,Open,False,0.0
PO-000756,2025-06-16,PLT-LA1,SUP-009,MAT-016,41014,7.3202,300230.6828,2025-07-10,2025-07-14,,Open,False,0.0
PO-000757,2025-01-01,PLT-LA1,SUP-009,MAT-017,38689,2.0357,78759.1973,2025-01-25,2025-01-27,2025-01-25,Received,False,0.0
PO-000758,2025-01-15,PLT-LA1,SUP-009,MAT-017,37422,2.0357,76179.9654,2025-02-08,2025-02-10,2025-02-08,Received,False,0.0
PO-000759,2025-02-03,PLT-LA1,SUP-009,MAT-017,44247,2.0357,90073.6179,2025-02-27,2025-02-27,2025-02-27,Received,False,0.0
PO-000760,2025-02-17,PLT-LA1,SUP-009,MAT-017,47565,2.0357,96828.0705,2025-03-13,2025-03-14,2025-03-13,Received,False,0.0
PO-000761,2025-03-03,PLT-LA1,SUP-009,MAT-017,41181,2.0357,83832.1617,2025-03-27,2025-03-27,2025-03-27,Received,False,0.0
PO-000762,2025-03-17,PLT-LA1,SUP-009,MAT-017,39459,2.0357,80326.6863,2025-04-10,2025-04-10,,In Transit,False,0.0
PO-000763,2025-04-01,PLT-LA1,SUP-009,MAT-017,45266,2.0357,92147.9962,2025-04-25,2025-04-26,,In Transit,False,0.0
PO-000764,2025-04-15,PLT-LA1,SUP-009,MAT-017,37312,2.0357,75956.0384,2025-05-09,2025-05-12,,Open,False,0.0
PO-000765,2025-05-01,PLT-LA1,SUP-009,MAT-017,44846,2.0357,91293.0022,2025-05-25,2025-05-25,,Open,False,0.0
PO-000766,2025-05-15,PLT-LA1,SUP-009,MAT-017,47366,2.0357,96422.9662,2025-06-08,2025-06-11,,Open,False,0.0
PO-000767,2025-06-02,PLT-LA1,SUP-009,MAT-017,42160,2.0357,85825.112,2025-06-26,2025-06-28,,Open,False,0.0
PO-000768,2025-06-16,PLT-LA1,SUP-009,MAT-017,43218,2.0357,87978.8826,2025-07-10,2025-07-10,,Open,False,0.0
PO-000769,2025-01-01,PLT-LA1,SUP-009,MAT-019,107044,0.6431,68839.9964,2025-01-25,2025-01-25,2025-01-25,Received,False,0.0
PO-000770,2025-01-15,PLT-LA1,SUP-009,MAT-019,142528,0.6431,91659.7568,2025-02-08,2025-02-11,2025-02-08,Received,False,0.0
PO-000771,2025-02-03,PLT-LA1,SUP-009,MAT-019,133652,0.6431,85951.6012,2025-02-27,2025-02-11,2025-02-27,Received,True,6193.8367
PO-000772,2025-02-17,PLT-LA1,SUP-009,MAT-019,110688,0.6431,71183.4528,2025-03-13,2025-03-13,2025-03-13,Received,False,0.0
PO-000773,2025-03-03,PLT-LA1,SUP-009,MAT-019,127802,0.6431,82189.4662,2025-03-27,2025-03-31,2025-03-27,Received,False,0.0
PO-000774,2025-03-17,PLT-LA1,SUP-009,MAT-019,132764,0.6431,85380.5284,2025-04-10,2025-04-10,,In Transit,False,0.0
PO-000775,2025-04-01,PLT-LA1,SUP-009,MAT-019,135011,0.6431,86825.5741,2025-04-25,2025-04-27,,In Transit,False,0.0
PO-000776,2025-04-15,PLT-LA1,SUP-009,MAT-019,125720,0.6431,80850.532,2025-05-09,2025-05-09,,Open,False,0.0
PO-000777,2025-05-01,PLT-LA1,SUP-009,MAT-019,137715,0.6431,88564.5165,2025-05-25,2025-05-26,,Open,True,6289.3523
PO-000778,2025-05-15,PLT-LA1,SUP-009,MAT-019,131645,0.6431,84660.8995,2025-06-08,2025-06-09,,Open,False,0.0
PO-000779,2025-06-02,PLT-LA1,SUP-009,MAT-019,116156,0.6431,74699.9236,2025-06-26,2025-06-26,,Open,False,0.0
PO-000780,2025-06-16,PLT-LA1,SUP-009,MAT-019,142060,0.6431,91358.786,2025-07-10,2025-07-13,,Open,False,0.0
PO-000781,2025-01-01,PLT-LA1,SUP-009,MAT-020,97658,0.4105,40088.609,2025-01-25,2025-01-27,2025-01-25,Received,False,0.0
PO-000782,2025-01-15,PLT-LA1,SUP-009,MAT-020,98260,0.4105,40335.73,2025-02-08,2025-02-08,2025-02-08,Received,False,0.0
PO-000783,2025-02-03,PLT-LA1,SUP-009,MAT-020,99341,0.4105,40779.4805,2025-02-27,2025-03-01,2025-02-27,Received,False,0.0
PO-000784,2025-02-17,PLT-LA1,SUP-009,MAT-020,97967,0.4105,40215.4535,2025-03-13,2025-03-13,2025-03-13,Received,False,0.0
PO-000785,2025-03-03,PLT-LA1,SUP-009,MAT-020,95269,0.4105,39107.9245,2025-03-27,2025-03-27,2025-03-27,Received,False,0.0
PO-000786,2025-03-17,PLT-LA1,SUP-009,MAT-020,113299,0.4105,46509.2395,2025-04-10,2025-04-12,,In Transit,False,0.0
PO-000787,2025-04-01,PLT-LA1,SUP-009,MAT-020,91194,0.4105,37435.137,2025-04-25,2025-04-27,,In Transit,False,0.0
PO-000788,2025-04-15,PLT-LA1,SUP-009,MAT-020,116634,0.4105,47878.257,2025-05-09,2025-05-11,,Open,False,0.0
PO-000789,2025-05-01,PLT-LA1,SUP-009,MAT-020,96435,0.4105,39586.5675,2025-05-25,2025-05-25,,Open,True,2169.8319
PO-000790,2025-05-15,PLT-LA1,SUP-009,MAT-020,91393,0.4105,37516.8265,2025-06-08,2025-06-11,,Open,False,0.0
PO-000791,2025-06-02,PLT-LA1,SUP-009,MAT-020,113235,0.4105,46482.9675,2025-06-26,2025-06-26,,Open,False,0.0
PO-000792,2025-06-16,PLT-LA1,SUP-009,MAT-020,96287,0.4105,39525.8135,2025-07-10,2025-07-11,,Open,False,0.0
PO-000793,2025-01-01,PLT-LA1,SUP-018,MAT-021,65247,0.28,18269.16,2025-01-30,2025-02-03,2025-01-30,Received,False,0.0
PO-000794,2025-01-15,PLT-LA1,SUP-018,MAT-021,79094,0.28,22146.32,2025-02-13,2025-02-16,2025-02-13,Received,False,0.0
PO-000795,2025-02-03,PLT-LA1,SUP-018,MAT-021,68300,0.28,19124.0,2025-03-04,2025-03-08,2025-03-04,Received,False,0.0
PO-000796,2025-02-17,PLT-LA1,SUP-018,MAT-021,68752,0.28,19250.56,2025-03-18,2025-03-20,2025-03-18,Received,False,0.0
PO-000797,2025-03-03,PLT-LA1,SUP-018,MAT-021,76319,0.28,21369.32,2025-04-01,2025-04-04,2025-04-01,Received,False,0.0
PO-000798,2025-03-17,PLT-LA1,SUP-018,MAT-021,75667,0.28,21186.76,2025-04-15,2025-03-26,,In Transit,True,1372.2776
PO-000799,2025-04-01,PLT-LA1,SUP-018,MAT-021,67720,0.28,18961.6,2025-04-30,2025-05-01,,In Transit,False,0.0
PO-000800,2025-04-15,PLT-LA1,SUP-018,MAT-021,72465,0.28,20290.2,2025-05-14,2025-05-18,,Open,False,0.0
PO-000801,2025-05-01,PLT-LA1,SUP-018,MAT-021,69850,0.28,19558.0,2025-05-30,2025-05-30,,Open,False,0.0
PO-000802,2025-05-15,PLT-LA1,SUP-018,MAT-021,79233,0.28,22185.24,2025-06-13,2025-06-17,,Open,False,0.0
PO-000803,2025-06-02,PLT-LA1,SUP-018,MAT-021,74550,0.28,20874.0,2025-07-01,2025-07-04,,Open,False,0.0
PO-000804,2025-06-16,PLT-LA1,SUP-018,MAT-021,76633,0.28,21457.24,2025-07-15,2025-07-16,,Open,False,0.0
PO-000805,2025-01-01,PLT-LA1,SUP-012,MAT-022,339,95.441,32354.499,2025-01-30,2025-01-31,2025-01-30,Received,False,0.0
PO-000806,2025-01-15,PLT-LA1,SUP-012,MAT-022,295,95.441,28155.095,2025-02-13,2025-01-24,2025-02-13,Received,True,3374.9554
PO-000807,2025-02-03,PLT-LA1,SUP-012,MAT-022,355,95.441,33881.555,2025-03-04,2025-03-05,2025-03-04,Received,False,0.0
PO-000808,2025-02-17,PLT-LA1,SUP-012,MAT-022,309,95.441,29491.269,2025-03-18,2025-03-19,2025-03-18,Received,False,0.0
PO-000809,2025-03-03,PLT-LA1,SUP-012,MAT-022,353,95.441,33690.673,2025-04-01,2025-04-01,2025-04-01,Received,False,0.0
PO-000810,2025-03-17,PLT-LA1,SUP-012,MAT-022,316,95.441,30159.356,2025-04-15,2025-04-15,,In Transit,False,0.0
PO-000811,2025-04-01,PLT-LA1,SUP-012,MAT-022,368,95.441,35122.288,2025-04-30,2025-05-03,,In Transit,False,0.0
PO-000812,2025-04-15,PLT-LA1,SUP-012,MAT-022,347,95.441,33118.027,2025-05-14,2025-05-17,,Open,False,0.0
PO-000813,2025-05-01,PLT-LA1,SUP-012,MAT-022,348,95.441,33213.468,2025-05-30,2025-05-31,,Open,False,0.0
PO-000814,2025-05-15,PLT-LA1,SUP-012,MAT-022,302,95.441,28823.182,2025-06-13,2025-06-14,,Open,False,0.0
PO-000815,2025-06-02,PLT-LA1,SUP-012,MAT-022,331,95.441,31590.971,2025-07-01,2025-07-04,,Open,False,0.0
PO-000816,2025-06-16,PLT-LA1,SUP-012,MAT-022,287,95.441,27391.567,2025-07-15,2025-07-15,,Open,True,2258.4559
PO-000817,2025-01-01,PLT-LA1,SUP-011,MAT-024,90,67.2222,6049.998,2025-01-24,2025-01-26,2025-01-24,Received,False,0.0
PO-000818,2025-01-15,PLT-LA1,SUP-011,MAT-024,78,67.2222,5243.3316,2025-02-07,2025-02-08,2025-02-09,Received,False,0.0
PO-000819,2025-02-03,PLT-LA1,SUP-011,MAT-024,77,67.2222,5176.1094,2025-02-26,2025-02-28,2025-02-26,Received,False,0.0
PO-000820,2025-02-17,PLT-LA1,SUP-011,MAT-024,72,67.2222,4839.9984,2025-03-12,2025-03-12,2025-03-12,Received,False,0.0
PO-000821,2025-03-03,PLT-LA1,SUP-011,MAT-024,82,67.2222,5512.2204,2025-03-26,2025-03-27,2025-03-26,Received,False,0.0
PO-000822,2025-03-17,PLT-LA1,SUP-011,MAT-024,94,67.2222,6318.8868,2025-04-09,2025-04-09,,In Transit,False,0.0
PO-000823,2025-04-01,PLT-LA1,SUP-011,MAT-024,81,67.2222,5444.9982,2025-04-24,2025-04-26,,In Transit,False,0.0
PO-000824,2025-04-15,PLT-LA1,SUP-011,MAT-024,83,67.2222,5579.4426,2025-05-08,2025-05-10,,Open,False,0.0
PO-000825,2025-05-01,PLT-LA1,SUP-011,MAT-024,83,67.2222,5579.4426,2025-05-24,2025-05-24,,Open,False,0.0
PO-000826,2025-05-15,PLT-LA1,SUP-011,MAT-024,77,67.2222,5176.1094,2025-06-07,2025-06-08,,Open,False,0.0
PO-000827,2025-06-02,PLT-LA1,SUP-011,MAT-024,88,67.2222,5915.5536,2025-06-25,2025-06-27,,Open,False,0.0
PO-000828,2025-06-16,PLT-LA1,SUP-011,MAT-024,83,67.2222,5579.4426,2025-07-09,2025-07-10,,Open,False,0.0
PO-000829,2025-01-01,PLT-LA1,SUP-011,MAT-027,71,4.702,333.842,2025-01-24,2025-01-26,2025-01-26,Received,False,0.0
PO-000830,2025-01-15,PLT-LA1,SUP-011,MAT-027,77,4.702,362.054,2025-02-07,2025-02-08,2025-02-12,Received,False,0.0
PO-000831,2025-02-03,PLT-LA1,SUP-011,MAT-027,86,4.702,404.372,2025-02-26,2025-02-26,2025-02-26,Received,False,0.0
PO-000832,2025-02-17,PLT-LA1,SUP-011,MAT-027,79,4.702,371.458,2025-03-12,2025-03-14,2025-03-12,Received,False,0.0
PO-000833,2025-03-03,PLT-LA1,SUP-011,MAT-027,70,4.702,329.14,2025-03-26,2025-03-28,2025-03-26,Received,False,0.0
PO-000834,2025-03-17,PLT-LA1,SUP-011,MAT-027,88,4.702,413.776,2025-04-09,2025-04-10,,In Transit,False,0.0
PO-000835,2025-04-01,PLT-LA1,SUP-011,MAT-027,86,4.702,404.372,2025-04-24,2025-04-24,,In Transit,False,0.0
PO-000836,2025-04-15,PLT-LA1,SUP-011,MAT-027,80,4.702,376.16,2025-05-08,2025-05-09,,Open,False,0.0
PO-000837,2025-05-01,PLT-LA1,SUP-011,MAT-027,79,4.702,371.458,2025-05-24,2025-05-26,,Open,False,0.0
PO-000838,2025-05-15,PLT-LA1,SUP-011,MAT-027,82,4.702,385.564,2025-06-07,2025-06-09,,Open,False,0.0
PO-000839,2025-06-02,PLT-LA1,SUP-011,MAT-027,83,4.702,390.266,2025-06-25,2025-06-25,,Open,False,0.0
PO-000840,2025-06-16,PLT-LA1,SUP-011,MAT-027,88,4.702,413.776,2025-07-09,2025-07-10,,Open,False,0.0
PO-000841,2025-01-01,PLT-LA1,SUP-015,MAT-038,114,178.5975,20360.115,2025-02-10,2025-02-13,2025-02-10,Received,False,0.0
PO-000842,2025-01-15,PLT-LA1,SUP-015,MAT-038,126,178.5975,22503.285,2025-02-24,2025-02-28,2025-02-24,Received,False,0.0
PO-000843,2025-02-03,PLT-LA1,SUP-015,MAT-038,122,178.5975,21788.895,2025-03-15,2025-03-16,2025-03-15,Received,False,0.0
PO-000844,2025-02-17,PLT-LA1,SUP-015,MAT-038,120,178.5975,21431.7,2025-03-29,2025-03-02,2025-03-29,Received,True,1089.1343
PO-000845,2025-03-03,PLT-LA1,SUP-015,MAT-038,110,178.5975,19645.725,2025-04-12,2025-04-15,,In Transit,False,0.0
PO-000846,2025-03-17,PLT-LA1,SUP-015,MAT-038,139,178.5975,24825.0525,2025-04-26,2025-04-30,,In Transit,False,0.0
PO-000847,2025-04-01,PLT-LA1,SUP-015,MAT-038,110,178.5975,19645.725,2025-05-11,2025-05-15,,In Transit,False,0.0
PO-000848,2025-04-15,PLT-LA1,SUP-015,MAT-038,134,178.5975,23932.065,2025-05-25,2025-05-26,,Open,False,0.0
PO-000849,2025-05-01,PLT-LA1,SUP-015,MAT-038,107,178.5975,19109.9325,2025-06-10,2025-06-14,,Open,False,0.0
PO-000850,2025-05-15,PLT-LA1,SUP-015,MAT-038,112,178.5975,20002.92,2025-06-24,2025-06-24,,Open,False,0.0
PO-000851,2025-06-02,PLT-LA1,SUP-015,MAT-038,140,178.5975,25003.65,2025-07-12,2025-07-13,,Open,False,0.0
PO-000852,2025-06-16,PLT-LA1,SUP-015,MAT-038,135,178.5975,24110.6625,2025-07-26,2025-07-26,,Open,False,0.0
PO-000853,2025-01-01,PLT-LA1,SUP-012,MAT-040,18166,28.3693,515356.7038,2025-02-11,2025-02-15,2025-02-11,Received,False,0.0
PO-000854,2025-01-15,PLT-LA1,SUP-012,MAT-040,17615,28.3693,499725.2195,2025-02-25,2025-03-04,2025-02-25,Received,False,0.0
PO-000855,2025-02-03,PLT-LA1,SUP-012,MAT-040,21073,28.3693,597826.2589,2025-03-16,2025-03-25,2025-03-16,Received,False,0.0
PO-000856,2025-02-17,PLT-LA1,SUP-012,MAT-040,17747,28.3693,503469.9671,2025-03-30,2025-04-01,2025-03-30,Received,False,0.0
PO-000857,2025-03-03,PLT-LA1,SUP-012,MAT-040,19071,28.3693,541030.9203,2025-04-13,2025-03-16,,In Transit,True,33845.4928
PO-000858,2025-03-17,PLT-LA1,SUP-012,MAT-040,18843,28.3693,534562.7199,2025-04-27,2025-05-04,,In Transit,False,0.0
PO-000859,2025-04-01,PLT-LA1,SUP-012,MAT-040,19017,28.3693,539498.9781,2025-05-12,2025-05-15,,In Transit,False,0.0
PO-000860,2025-04-15,PLT-LA1,SUP-012,MAT-040,19894,28.3693,564378.8542,2025-05-26,2025-05-30,,Open,False,0.0
PO-000861,2025-05-01,PLT-LA1,SUP-012,MAT-040,22804,28.3693,646933.5172,2025-06-11,2025-06-12,,Open,False,0.0
PO-000862,2025-05-15,PLT-LA1,SUP-012,MAT-040,22797,28.3693,646734.9321,2025-06-25,2025-07-01,,Open,False,0.0
PO-000863,2025-06-02,PLT-LA1,SUP-012,MAT-040,17662,28.3693,501058.5766,2025-07-13,2025-07-21,,Open,False,0.0
PO-000864,2025-06-16,PLT-LA1,SUP-012,MAT-040,18703,28.3693,530591.0179,2025-07-27,2025-08-02,,Open,False,0.0
PO-000865,2025-01-01,PLT-LA1,SUP-019,MAT-047,36578,3.3321,121881.5538,2025-01-14,2025-01-14,2025-01-14,Received,False,0.0
PO-000866,2025-01-15,PLT-LA1,SUP-019,MAT-047,40390,3.3321,134583.519,2025-01-28,2025-01-28,2025-01-28,Received,False,0.0
PO-000867,2025-02-03,PLT-LA1,SUP-019,MAT-047,38538,3.3321,128412.4698,2025-02-16,2025-02-18,2025-02-16,Received,False,0.0
PO-000868,2025-02-17,PLT-LA1,SUP-019,MAT-047,41830,3.3321,139381.743,2025-03-02,2025-03-04,2025-03-02,Received,False,0.0
PO-000869,2025-03-03,PLT-LA1,SUP-019,MAT-047,47469,3.3321,158171.4549,2025-03-16,2025-03-18,2025-03-16,Received,False,0.0
PO-000870,2025-03-17,PLT-LA1,SUP-019,MAT-047,41854,3.3321,139461.7134,2025-03-30,2025-03-30,2025-04-03,Received,False,0.0
PO-000871,2025-04-01,PLT-LA1,SUP-019,MAT-047,42825,3.3321,142697.1825,2025-04-14,2025-04-15,,In Transit,False,0.0
PO-000872,2025-04-15,PLT-LA1,SUP-019,MAT-047,38464,3.3321,128165.8944,2025-04-28,2025-04-30,,Open,False,0.0
PO-000873,2025-05-01,PLT-LA1,SUP-019,MAT-047,45155,3.3321,150460.9755,2025-05-14,2025-05-14,,Open,False,0.0
PO-000874,2025-05-15,PLT-LA1,SUP-019,MAT-047,40275,3.3321,134200.3275,2025-05-28,2025-05-30,,Open,False,0.0
PO-000875,2025-06-02,PLT-LA1,SUP-019,MAT-047,41009,3.3321,136646.0889,2025-06-15,2025-06-17,,Open,False,0.0
PO-000876,2025-06-16,PLT-LA1,SUP-019,MAT-047,36663,3.3321,122164.7823,2025-06-29,2025-06-29,,Open,False,0.0
PO-000877,2025-01-01,PLT-LA1,SUP-019,MAT-048,38085,1.9043,72525.2655,2025-01-14,2025-01-16,2025-01-15,Received,False,0.0
PO-000878,2025-01-15,PLT-LA1,SUP-019,MAT-048,41189,1.9043,78436.2127,2025-01-28,2025-01-30,2025-01-28,Received,False,0.0
PO-000879,2025-02-03,PLT-LA1,SUP-019,MAT-048,45384,1.9043,86424.7512,2025-02-16,2025-02-07,2025-02-16,Received,True,5408.9347
PO-000880,2025-02-17,PLT-LA1,SUP-019,MAT-048,45163,1.9043,86003.9009,2025-03-02,2025-03-04,2025-03-02,Received,False,0.0
PO-000881,2025-03-03,PLT-LA1,SUP-019,MAT-048,41989,1.9043,79959.6527,2025-03-16,2025-03-07,2025-03-16,Received,True,7014.8765
PO-000882,2025-03-17,PLT-LA1,SUP-019,MAT-048,41758,1.9043,79519.7594,2025-03-30,2025-04-01,2025-03-30,Received,False,0.0
PO-000883,2025-04-01,PLT-LA1,SUP-019,MAT-048,36922,1.9043,70310.5646,2025-04-14,2025-04-15,,In Transit,False,0.0
PO-000884,2025-04-15,PLT-LA1,SUP-019,MAT-048,45801,1.9043,87218.8443,2025-04-28,2025-04-28,,Open,False,0.0
PO-000885,2025-05-01,PLT-LA1,SUP-019,MAT-048,43917,1.9043,83631.1431,2025-05-14,2025-05-14,,Open,False,0.0
PO-000886,2025-05-15,PLT-LA1,SUP-019,MAT-048,42998,1.9043,81881.0914,2025-05-28,2025-05-30,,Open,True,8226.1338
PO-000887,2025-06-02,PLT-LA1,SUP-019,MAT-048,36226,1.9043,68985.1718,2025-06-15,2025-06-16,,Open,False,0.0
PO-000888,2025-06-16,PLT-LA1,SUP-019,MAT-048,37276,1.9043,70984.6868,2025-06-29,2025-06-30,,Open,False,0.0
PO-000889,2025-01-01,PLT-LA1,SUP-011,MAT-049,356,8.9005,3168.578,2025-01-17,2025-01-17,2025-01-17,Received,False,0.0
PO-000890,2025-01-15,PLT-LA1,SUP-011,MAT-049,460,8.9005,4094.23,2025-01-31,2025-02-01,2025-01-31,Received,False,0.0
PO-000891,2025-02-03,PLT-LA1,SUP-011,MAT-049,446,8.9005,3969.623,2025-02-19,2025-02-19,2025-02-19,Received,False,0.0
PO-000892,2025-02-17,PLT-LA1,SUP-011,MAT-049,438,8.9005,3898.419,2025-03-05,2025-03-08,2025-03-05,Received,False,0.0
PO-000893,2025-03-03,PLT-LA1,SUP-011,MAT-049,450,8.9005,4005.225,2025-03-19,2025-03-19,2025-03-19,Received,False,0.0
PO-000894,2025-03-17,PLT-LA1,SUP-011,MAT-049,442,8.9005,3934.021,2025-04-02,2025-04-05,,In Transit,False,0.0
PO-000895,2025-04-01,PLT-LA1,SUP-011,MAT-049,436,8.9005,3880.618,2025-04-17,2025-04-19,,In Transit,False,0.0
PO-000896,2025-04-15,PLT-LA1,SUP-011,MAT-049,385,8.9005,3426.6925,2025-05-01,2025-05-02,,Open,False,0.0
PO-000897,2025-05-01,PLT-LA1,SUP-011,MAT-049,427,8.9005,3800.5135,2025-05-17,2025-05-20,,Open,False,0.0
PO-000898,2025-05-15,PLT-LA1,SUP-011,MAT-049,388,8.9005,3453.394,2025-05-31,2025-05-31,,Open,False,0.0
PO-000899,2025-06-02,PLT-LA1,SUP-011,MAT-049,371,8.9005,3302.0855,2025-06-18,2025-06-20,,Open,False,0.0
PO-000900,2025-06-16,PLT-LA1,SUP-011,MAT-049,415,8.9005,3693.7075,2025-07-02,2025-07-04,,Open,False,0.0
